0.67,0.67,11.08,5.61,4.53
9.27,9.27,9.66,8.43,8.33
9.54,9.54,17.62,21.31,21.54
19.56,19.56,30.41,61.96,33.82
15.83,15.83,47.23,78.85,53.80
23.11,23.11,67.94,82.43,76.01
23.41,23.41,67.63,92.12,76.69
23.99,23.99,64.14,87.47,75.60
24.22,24.22,62.81,85.42,75.64
24.58,24.58,64.20,88.52,74.55
24.09,24.09,62.69,92.13,76.37
27.05,27.05,59.86,89.35,76.30
29.31,29.31,61.34,91.51,73.79
26.92,26.92,64.49,89.42,77.08
24.22,24.22,65.04,92.22,75.36
24.36,24.36,61.40,89.38,76.36
26.47,26.47,61.23,92.06,75.98
23.65,23.65,60.99,90.14,77.16
24.23,24.23,61.53,91.91,75.75
23.87,23.87,62.74,90.78,75.46
24.36,24.36,62.08,89.46,74.28
22.07,22.07,59.87,91.75,74.12
22.42,22.42,59.73,88.94,73.48
29.17,29.17,59.11,91.53,74.03
28.93,28.93,58.51,88.77,74.03
29.72,29.72,62.43,92.21,75.40
27.88,27.88,63.57,87.65,75.16
30.41,30.41,64.35,90.89,74.39
30.25,30.25,66.71,88.16,74.67
29.71,29.71,65.00,90.02,73.24
30.31,30.31,65.45,88.75,74.74
30.48,30.48,65.60,88.34,72.35
28.26,28.26,67.02,90.55,74.36
32.47,32.47,67.97,86.34,77.60
31.87,31.87,66.14,89.17,75.93
36.93,36.93,64.54,85.03,76.08
38.34,38.34,64.99,87.96,75.54
35.56,35.56,65.52,83.03,76.78
37.61,37.61,62.49,86.56,73.65
40.50,40.50,65.31,85.17,74.36
33.35,33.35,64.07,84.32,74.42
31.11,31.11,64.43,87.06,73.22
30.75,30.75,66.68,82.83,75.58
33.08,33.08,66.64,84.47,74.69
33.84,33.84,66.92,82.24,73.32
36.83,36.83,65.05,85.56,73.11
42.88,42.88,64.89,82.14,73.79
45.14,45.14,68.53,83.47,75.24
44.26,44.26,68.03,80.15,76.23
44.52,44.52,66.63,80.22,73.29
46.19,46.19,69.33,81.33,76.33
47.55,47.55,68.19,79.99,76.69
46.07,46.07,68.64,80.76,75.60
46.57,46.57,68.34,77.06,72.99
49.15,49.15,67.71,80.05,75.13
51.25,51.25,67.08,77.73,73.15
52.93,52.93,65.15,77.02,74.63
53.29,53.29,65.36,78.16,73.19
52.48,52.48,64.01,77.37,72.82
49.60,49.60,64.41,80.45,73.90
44.99,44.99,63.20,74.65,72.94
42.10,42.10,62.25,76.83,73.66
44.33,44.33,63.15,74.72,73.66
48.23,48.23,62.18,76.98,73.13
51.86,51.86,62.97,74.14,72.95
51.40,51.40,63.44,74.55,73.26
53.12,53.12,62.43,79.00,72.67
52.46,52.46,62.37,73.98,71.28
51.85,51.85,63.45,76.23,72.65
47.04,47.04,63.73,73.57,70.87
37.98,37.98,61.55,77.89,71.46
39.13,39.13,63.37,73.84,72.37
42.62,42.62,62.70,76.04,73.14
46.15,46.15,59.64,76.47,71.72
49.33,49.33,59.34,75.54,75.27
49.53,49.53,63.34,74.12,76.18
48.88,48.88,62.68,68.84,75.12
47.68,47.68,64.08,70.28,76.36
42.32,42.32,67.17,69.24,75.85
43.50,43.50,64.89,72.96,75.32
38.32,38.32,64.28,70.56,75.37
35.38,35.38,64.04,63.63,72.16
34.55,34.55,63.36,66.89,71.74
36.01,36.01,63.44,66.37,70.22
37.74,37.74,64.86,59.01,68.62
39.55,39.55,64.31,59.59,70.24
40.70,40.70,64.49,66.56,71.60
42.88,42.88,63.41,67.35,71.07
42.54,42.54,62.87,73.75,71.56
41.08,41.08,65.14,71.63,71.57
40.23,40.23,66.53,76.24,70.06
37.01,37.01,66.13,74.50,69.45
36.04,36.04,66.14,73.22,68.64
38.07,38.07,65.16,74.14,68.81
38.18,38.18,63.93,73.82,68.51
39.96,39.96,61.69,76.55,68.48
40.62,40.62,64.74,75.02,70.82
40.62,40.62,66.15,78.01,69.15
46.56,46.56,65.41,75.75,70.01
50.92,50.92,66.88,79.46,72.63
49.04,49.04,66.63,75.92,70.82
48.53,48.53,69.48,78.04,71.64
55.76,55.76,62.11,70.77,66.57
61.42,61.42,60.59,69.75,66.57
62.78,62.78,61.32,63.47,66.48
62.44,62.44,54.84,55.10,62.89
65.36,65.36,54.27,40.52,62.21
67.20,67.20,50.50,35.35,58.96
68.43,68.43,51.32,33.89,60.11
68.10,68.10,53.18,31.64,58.79
70.32,70.32,51.36,26.62,57.83
68.34,68.34,49.50,23.89,60.01
65.84,65.84,48.64,28.28,58.70
68.53,68.53,48.27,22.30,58.99
69.01,69.01,47.22,26.89,57.86
66.39,66.39,46.21,29.43,55.67
65.28,65.28,44.57,29.31,53.85
63.35,63.35,45.81,30.35,52.10
63.45,63.45,42.91,30.27,49.34
61.60,61.60,39.43,30.19,46.50
60.36,60.36,39.65,30.89,48.21
57.61,57.61,39.19,34.95,46.90
55.88,55.88,39.05,31.59,46.00
53.81,53.81,36.59,28.85,46.94
54.30,54.30,40.27,28.03,45.11
52.42,52.42,42.65,32.58,42.08
50.34,50.34,38.17,30.49,37.40
48.48,48.48,34.34,25.08,36.29
47.29,47.29,32.14,21.67,38.00
44.36,44.36,33.25,25.04,42.09
36.08,36.08,40.53,43.77,45.86
30.38,30.38,45.06,69.79,49.18
26.06,26.06,58.88,80.35,66.25
23.56,23.56,66.51,88.17,75.06
24.14,24.14,64.72,82.38,73.36
28.95,28.95,66.87,78.48,74.75
29.73,29.73,74.70,86.61,72.99
28.66,28.66,71.06,84.32,72.86
29.38,29.38,68.75,89.85,73.01
23.30,23.30,66.84,86.76,73.69
21.03,21.03,67.20,89.07,75.09
18.03,18.03,61.90,86.19,74.90
19.09,19.09,62.05,89.90,72.65
20.26,20.26,63.38,86.44,76.41
18.67,18.67,60.08,88.96,76.03
22.46,22.46,60.20,88.48,74.78
19.32,19.32,61.13,87.45,73.61
20.15,20.15,62.47,88.53,73.48
19.81,19.81,62.24,86.32,71.84
18.82,18.82,60.47,88.63,71.82
20.12,20.12,59.27,85.40,71.10
20.91,20.91,61.21,87.80,71.14
19.45,19.45,60.50,84.78,71.30
21.01,21.01,62.05,88.40,73.40
20.03,20.03,62.97,84.37,72.83
26.23,26.23,63.50,87.67,73.78
20.65,20.65,60.12,85.83,71.48
25.13,25.13,61.17,86.47,72.73
20.43,20.43,62.85,86.76,73.28
23.49,23.49,63.50,85.27,74.46
22.71,22.71,64.33,86.53,74.15
22.23,22.23,63.16,83.35,73.99
23.93,23.93,62.67,85.87,73.58
24.25,24.25,62.07,81.91,72.01
25.46,25.46,62.08,85.12,71.64
25.65,25.65,65.03,81.23,74.95
25.88,25.88,65.03,82.58,75.73
24.57,24.57,65.63,82.35,75.68
23.85,23.85,65.48,79.63,72.74
23.08,23.08,66.49,81.10,75.84
22.64,22.64,65.83,78.38,73.87
20.36,20.36,63.76,80.97,72.68
17.37,17.37,63.61,77.30,70.33
18.07,18.07,63.15,79.68,70.93
24.16,24.16,64.23,75.71,71.74
22.52,22.52,64.53,77.55,71.76
22.46,22.46,64.24,75.51,72.72
22.43,22.43,63.01,76.13,72.24
21.75,21.75,61.56,77.69,71.83
15.48,15.48,62.13,72.88,72.08
14.32,14.32,63.66,74.08,72.92
20.33,20.33,64.48,70.80,71.45
23.56,23.56,64.88,72.29,71.79
18.67,18.67,65.40,69.60,70.95
18.01,18.01,66.05,67.98,71.45
21.12,21.12,62.68,76.28,71.19
24.79,24.79,64.24,72.23,71.43
24.90,24.90,63.86,73.66,71.14
21.69,21.69,62.66,71.49,71.44
19.89,19.89,62.84,74.28,72.84
21.03,21.03,65.40,73.30,74.84
21.21,21.21,62.98,73.92,74.14
20.36,20.36,63.49,73.94,71.38
19.72,19.72,63.45,74.37,69.44
20.54,20.54,62.33,76.44,72.21
21.23,21.23,62.53,72.70,69.25
21.62,21.62,60.72,75.21,69.44
20.31,20.31,62.99,72.60,70.14
22.00,22.00,59.99,75.83,70.29
18.10,18.10,60.34,71.45,71.98
22.21,22.21,57.87,76.18,70.53
22.25,22.25,61.63,76.25,72.18
26.59,26.59,58.08,71.03,71.35
24.80,24.80,59.13,70.78,72.30
24.77,24.77,60.24,67.33,71.61
23.62,23.62,62.12,73.63,74.03
23.83,23.83,63.19,73.19,73.39
19.33,19.33,62.36,72.55,72.85
20.79,20.79,60.05,71.59,69.28
23.38,23.38,61.73,74.51,72.35
21.15,21.15,61.35,70.52,70.39
19.66,19.66,61.47,69.28,70.27
25.62,25.62,61.99,66.29,71.05
24.84,24.84,63.50,65.67,70.96
28.31,28.31,64.94,68.63,72.62
27.93,27.93,63.18,72.96,70.58
24.73,24.73,62.82,71.58,69.75
34.12,34.12,64.91,75.72,71.25
27.01,27.01,65.72,74.87,69.76
25.17,25.17,66.31,75.34,69.58
24.68,24.68,64.89,72.82,68.72
21.95,21.95,63.94,74.94,69.42
26.90,26.90,60.73,72.30,67.42
29.63,29.63,60.74,77.23,67.47
33.31,33.31,63.39,73.23,68.61
36.70,36.70,66.83,77.16,71.21
42.27,42.27,66.39,77.63,68.80
49.56,49.56,67.76,78.11,70.56
47.69,47.69,68.30,73.23,70.14
56.82,56.82,64.08,69.87,67.39
61.45,61.45,56.97,70.62,62.66
63.85,63.85,54.81,68.64,63.18
69.90,69.90,55.24,61.27,63.50
71.44,71.44,53.69,48.84,62.79
73.27,73.27,51.68,37.09,62.52
72.81,72.81,50.83,36.06,60.46
71.60,71.60,50.43,35.79,61.76
70.71,70.71,48.86,31.53,59.89
70.22,70.22,46.43,32.11,57.84
69.46,69.46,46.33,31.58,56.23
69.58,69.58,44.21,23.10,57.31
67.40,67.40,43.15,27.32,55.88
66.67,66.67,42.20,26.50,57.57
65.96,65.96,39.92,27.00,55.67
66.57,66.57,39.19,28.54,52.46
64.75,64.75,39.55,29.01,48.54
64.03,64.03,40.49,25.80,43.38
64.02,64.02,41.59,26.43,44.67
61.77,61.77,41.39,27.39,43.04
61.39,61.39,39.34,28.20,40.57
58.22,58.22,43.47,34.04,35.96
54.96,54.96,41.63,31.90,33.98
52.98,52.98,37.17,22.34,35.15
51.72,51.72,35.53,20.09,30.92
51.11,51.11,37.28,20.36,34.24
47.82,47.82,37.72,18.33,33.28
47.23,47.23,33.78,31.80,35.71
45.22,45.22,34.46,35.82,39.73
46.89,46.89,40.01,63.81,44.43
42.59,42.59,50.75,72.47,55.20
40.10,40.10,66.91,84.71,76.57
34.06,34.06,64.44,82.75,74.76
33.89,33.89,66.88,81.42,75.27
35.89,35.89,65.84,86.05,73.81
34.22,34.22,70.34,87.97,73.29
33.68,33.68,65.18,85.70,72.56
36.33,36.33,61.32,87.45,72.87
25.87,25.87,59.75,84.59,71.50
23.46,23.46,55.05,88.04,71.23
25.73,25.73,58.01,85.30,72.15
29.54,29.54,60.06,86.93,76.22
38.38,38.38,61.26,86.38,75.36
39.29,39.29,58.72,86.40,75.84
36.83,36.83,58.92,86.87,74.17
29.17,29.17,61.31,84.97,72.73
25.87,25.87,57.91,88.60,71.24
27.51,27.51,58.90,85.31,70.72
27.48,27.48,57.25,87.43,70.86
27.06,27.06,59.81,84.71,71.57
24.77,24.77,58.89,88.58,70.01
21.69,21.69,60.52,85.13,70.99
25.22,25.22,62.08,86.58,72.54
26.41,26.41,64.83,87.02,71.92
26.63,26.63,64.13,86.35,72.89
26.88,26.88,62.49,86.78,72.70
22.64,22.64,64.45,84.55,73.21
28.17,28.17,62.00,87.58,71.98
28.82,28.82,64.72,83.67,73.42
31.21,31.21,63.15,85.97,72.72
28.59,28.59,62.24,82.34,72.85
28.23,28.23,61.95,86.44,71.63
28.18,28.18,62.32,81.52,72.93
28.28,28.28,64.18,82.60,74.62
25.40,25.40,63.36,83.03,74.63
23.80,23.80,63.97,81.21,74.50
20.53,20.53,65.33,81.83,76.36
15.38,15.38,64.92,79.07,73.38
21.42,21.42,65.46,83.20,74.64
24.23,24.23,65.51,78.84,72.43
19.21,19.21,64.21,81.64,73.11
22.25,22.25,63.31,77.11,69.61
26.32,26.32,63.16,77.19,70.94
21.20,21.20,64.96,77.95,71.46
24.27,24.27,64.03,77.12,71.72
22.37,22.37,64.79,76.55,71.40
26.38,26.38,64.53,75.52,72.35
17.05,17.05,62.64,78.07,72.40
20.13,20.13,63.51,71.46,71.05
20.19,20.19,63.83,72.05,70.83
18.80,18.80,67.02,75.05,71.19
16.20,16.20,65.90,70.99,70.43
15.86,15.86,65.37,67.04,70.44
18.98,18.98,64.84,71.80,71.94
19.75,19.75,64.79,76.81,72.54
21.36,21.36,63.76,73.13,71.21
18.03,18.03,62.96,74.40,69.73
17.09,17.09,63.39,74.60,73.27
19.09,19.09,64.28,72.21,73.69
19.12,19.12,63.97,75.67,75.71
20.22,20.22,63.37,72.75,71.61
20.22,20.22,63.47,76.67,72.53
20.23,20.23,62.94,73.79,71.44
17.20,17.20,63.31,76.45,69.03
21.40,21.40,61.86,72.14,68.40
21.14,21.14,61.78,75.47,69.81
21.44,21.44,62.42,74.05,71.14
21.02,21.02,59.68,72.26,70.51
19.64,19.64,60.19,76.55,71.76
20.51,20.51,61.14,73.60,71.90
21.94,21.94,60.85,75.95,72.08
23.54,23.54,58.63,68.27,71.12
21.20,21.20,60.54,69.11,70.81
20.86,20.86,61.99,68.68,72.62
24.04,24.04,63.26,71.46,75.09
22.42,22.42,60.68,69.07,71.06
20.38,20.38,61.02,75.20,71.55
22.49,22.49,60.90,70.37,71.83
22.81,22.81,61.28,72.58,70.69
22.14,22.14,62.60,72.45,71.02
27.08,27.08,62.92,67.76,70.92
27.78,27.78,62.40,65.32,71.43
33.09,33.09,64.19,72.18,72.46
33.36,33.36,64.11,70.59,71.56
29.94,29.94,62.86,74.00,69.88
31.80,31.80,63.35,71.77,69.93
31.68,31.68,64.20,76.88,70.54
28.52,28.52,64.35,73.27,69.04
33.83,33.83,64.97,75.85,70.95
33.74,33.74,63.40,73.77,70.10
37.21,37.21,62.32,75.93,68.16
40.86,40.86,60.48,74.72,67.71
35.66,35.66,61.84,76.33,68.46
44.91,44.91,63.55,76.95,70.17
48.02,48.02,65.55,77.36,71.68
48.00,48.00,65.35,77.68,70.00
49.18,49.18,66.79,74.95,70.82
53.49,53.49,67.19,72.94,72.25
60.27,60.27,57.24,71.12,66.00
63.07,63.07,59.29,70.07,66.76
67.10,67.10,61.19,62.34,68.15
66.76,66.76,52.97,54.29,67.03
65.62,65.62,50.85,43.00,63.61
70.00,70.00,52.54,34.61,61.76
70.46,70.46,53.03,29.68,60.68
69.33,69.33,50.61,31.71,58.72
68.51,68.51,46.38,28.93,58.02
69.19,69.19,46.07,26.15,60.15
66.92,66.92,44.68,22.26,58.39
66.66,66.66,46.91,27.91,60.11
67.61,67.61,47.31,28.99,59.01
66.12,66.12,45.29,31.58,55.58
64.73,64.73,44.30,31.82,55.13
62.72,62.72,43.12,27.24,54.49
63.17,63.17,42.80,30.82,50.16
62.53,62.53,38.61,27.46,48.41
59.38,59.38,41.49,31.14,47.97
59.27,59.27,42.60,31.29,48.07
55.41,55.41,39.35,28.80,44.47
55.00,55.00,38.34,28.57,45.15
54.74,54.74,40.14,27.98,42.86
52.62,52.62,42.55,31.05,38.35
48.59,48.59,39.04,28.28,35.17
49.86,49.86,34.50,24.63,35.19
48.31,48.31,33.24,20.49,38.14
45.94,45.94,34.40,23.47,41.57
38.00,38.00,39.66,48.59,45.92
40.50,40.50,42.08,70.63,49.98
34.80,34.80,57.89,81.51,70.12
26.01,26.01,61.52,84.08,76.46
29.51,29.51,61.02,82.54,74.99
34.17,34.17,61.80,86.03,75.49
36.66,36.66,61.86,84.90,72.78
31.37,31.37,63.39,87.62,72.51
27.73,27.73,61.24,86.84,72.85
24.13,24.13,56.58,85.73,71.70
20.83,20.83,62.17,85.82,71.11
17.32,17.32,60.20,85.24,73.73
21.39,21.39,56.63,88.17,73.01
21.41,21.41,56.15,85.44,74.50
21.83,21.83,57.03,87.40,75.88
23.03,23.03,58.31,83.75,74.47
23.20,23.20,60.29,88.83,72.26
22.03,22.03,60.64,85.22,70.75
22.28,22.28,58.67,87.36,71.71
16.18,16.18,59.59,84.47,69.93
20.16,20.16,60.81,87.94,70.73
15.55,15.55,60.11,86.31,69.40
13.75,13.75,61.15,86.05,69.73
12.88,12.88,62.44,87.74,71.56
13.40,13.40,64.64,85.26,71.64
19.68,19.68,66.60,87.84,72.31
18.92,18.92,64.20,84.49,72.07
14.39,14.39,64.33,88.21,72.76
16.75,16.75,62.98,84.80,72.23
20.77,20.77,63.24,87.86,73.24
14.86,14.86,63.77,84.14,73.95
15.86,15.86,61.72,85.94,72.40
16.91,16.91,61.76,83.86,72.03
15.90,15.90,61.70,83.89,72.90
19.25,19.25,62.69,84.42,71.90
16.58,16.58,64.61,81.38,74.36
15.23,15.23,66.64,83.85,77.23
16.59,16.59,62.99,79.21,75.02
13.19,13.19,63.78,82.08,73.44
16.51,16.51,63.74,79.75,74.34
15.65,15.65,64.86,82.81,74.62
16.23,16.23,64.28,81.24,72.79
17.16,17.16,61.63,78.19,70.58
15.22,15.22,61.95,80.59,70.83
15.22,15.22,64.41,78.47,71.33
15.72,15.72,63.99,77.69,71.82
15.06,15.06,63.57,77.20,72.46
16.23,16.23,63.67,77.43,73.99
16.13,16.13,63.42,75.94,75.39
15.46,15.46,62.99,74.79,74.60
23.28,23.28,64.71,75.39,72.40
18.84,18.84,65.82,71.91,72.39
9.41,9.41,64.26,71.12,71.26
13.75,13.75,65.73,65.78,71.71
15.06,15.06,66.45,69.69,72.45
16.68,16.68,64.40,77.05,70.75
25.00,25.00,63.57,73.85,69.97
29.15,29.15,64.46,75.40,73.01
25.60,25.60,63.58,73.31,72.66
14.98,14.98,64.27,75.73,73.12
11.64,11.64,63.44,71.94,73.17
9.50,9.50,63.60,78.09,73.80
11.34,11.34,63.17,74.56,71.79
13.75,13.75,64.27,76.31,69.48
15.71,15.71,64.01,75.19,70.97
17.84,17.84,63.08,73.27,69.33
19.63,19.63,63.56,75.44,71.23
17.78,17.78,61.64,72.42,70.30
14.93,14.93,61.08,77.01,70.73
12.34,12.34,62.15,72.28,72.66
13.31,13.31,60.27,77.48,71.35
14.62,14.62,61.55,74.07,70.03
16.25,16.25,60.37,74.11,72.00
17.62,17.62,59.94,67.79,69.28
12.25,12.25,62.26,67.83,73.25
7.26,7.26,64.75,71.02,72.91
3.59,3.59,66.01,76.51,71.96
6.31,6.31,65.73,68.99,71.68
6.10,6.10,64.05,69.77,71.77
9.71,9.71,65.04,75.55,71.81
14.60,14.60,64.23,72.18,70.50
16.90,16.90,64.54,66.48,71.64
13.01,13.01,65.12,67.97,71.39
9.52,9.52,65.09,64.08,72.10
6.80,6.80,66.17,69.29,71.32
11.15,11.15,64.93,70.15,70.70
7.81,7.81,66.26,72.49,70.85
4.66,4.66,66.97,72.99,71.52
2.18,2.18,66.41,76.32,71.26
5.98,5.98,66.88,73.79,71.21
4.42,4.42,64.69,74.40,71.46
3.29,3.29,63.96,75.64,71.50
4.35,4.35,60.74,73.44,70.70
2.95,2.95,60.73,77.19,70.29
7.57,7.57,64.76,74.73,72.97
3.36,3.36,64.79,76.03,72.42
7.88,7.88,66.01,75.59,72.77
10.19,10.19,66.67,78.82,71.39
14.25,14.25,68.05,73.23,72.79
13.13,13.13,61.50,69.40,64.22
32.25,32.25,55.42,71.92,62.35
37.72,37.72,52.11,70.59,63.67
25.96,25.96,44.65,68.54,59.24
31.10,31.10,42.38,54.99,59.82
14.05,14.05,47.26,45.70,63.69
16.82,16.82,47.89,39.02,64.57
12.93,12.93,45.46,35.74,63.31
14.23,14.23,47.87,13.63,63.30
15.27,15.27,48.73,12.05,67.54
17.82,17.82,46.43,14.37,66.83
18.03,18.03,43.70,6.39,62.78
21.66,21.66,39.46,3.66,60.34
21.03,21.03,34.94,6.46,62.14
18.12,18.12,28.81,4.74,62.67
22.17,22.17,27.65,4.86,65.43
19.37,19.37,24.92,5.32,64.94
18.26,18.26,27.63,5.83,69.18
20.04,20.04,25.75,5.38,69.32
20.20,20.20,31.13,2.40,71.05
20.52,20.52,32.27,4.14,70.81
19.51,19.51,28.69,3.60,65.11
21.59,21.59,30.26,6.39,61.68
19.92,19.92,28.90,4.50,61.82
17.72,17.72,30.24,8.23,62.82
24.75,24.75,28.48,7.51,64.76
29.90,29.90,28.98,13.87,67.28
38.78,38.78,30.42,23.08,65.51
56.38,56.38,34.94,31.84,60.55
61.43,61.43,28.13,29.88,57.02
66.03,66.03,29.29,35.45,59.17
73.03,73.03,30.72,27.19,53.10
72.09,72.09,31.74,31.55,52.64
72.04,72.04,25.19,30.38,54.65
75.00,75.00,28.40,25.87,55.85
74.38,74.38,33.56,22.35,56.50
73.86,73.86,41.43,21.11,57.15
72.48,72.48,38.06,20.27,54.16
74.94,74.94,33.28,19.36,55.20
77.31,77.31,30.35,19.92,57.74
78.61,78.61,34.52,24.38,57.36
79.00,79.00,39.57,20.95,58.74
77.28,77.28,38.16,18.60,59.63
77.46,77.46,31.53,11.50,59.45
78.34,78.34,28.34,15.87,60.05
77.14,77.14,34.96,16.91,60.42
75.99,75.99,32.81,21.88,59.83
76.81,76.81,39.11,20.53,60.98
75.00,75.00,36.62,24.86,60.26
78.30,78.30,34.93,23.34,60.98
77.79,77.79,34.97,36.26,60.02
78.86,78.86,35.62,37.48,61.96
79.60,79.60,41.20,35.96,62.21
79.03,79.03,37.75,27.53,62.66
78.19,78.19,31.69,28.84,61.41
79.79,79.79,29.99,27.97,64.44
80.31,80.31,31.63,24.39,63.53
78.59,78.59,33.26,32.09,62.59
82.44,82.44,32.18,28.99,62.98
82.27,82.27,28.79,26.08,63.82
80.85,80.85,24.46,14.79,64.91
77.85,77.85,30.32,30.44,64.08
81.54,81.54,29.75,32.41,63.33
81.95,81.95,39.49,36.11,66.36
80.23,80.23,37.53,37.91,67.03
78.89,78.89,32.09,36.56,67.03
76.63,76.63,38.89,37.95,64.20
77.71,77.71,34.21,33.02,65.53
76.89,76.89,37.78,35.63,66.46
76.45,76.45,34.89,30.96,64.93
78.68,78.68,32.47,26.82,64.80
79.98,79.98,34.35,33.07,64.25
78.28,78.28,33.00,25.62,62.51
76.70,76.70,35.97,25.10,63.62
77.34,77.34,36.40,25.52,63.39
75.65,75.65,33.50,30.47,62.77
77.18,77.18,30.41,37.86,62.06
76.42,76.42,34.00,35.29,62.44
75.35,75.35,38.99,30.92,61.02
75.83,75.83,35.27,36.39,62.17
74.71,74.71,34.34,34.32,62.02
76.94,76.94,33.20,31.56,61.47
74.61,74.61,32.51,34.89,63.88
74.82,74.82,34.06,29.37,61.09
74.33,74.33,34.35,32.41,61.10
74.19,74.19,35.42,34.64,61.79
76.64,76.64,34.48,35.06,60.72
78.93,78.93,33.75,25.36,61.78
77.17,77.17,29.86,29.36,60.81
77.10,77.10,31.84,31.90,60.10
76.47,76.47,35.68,28.62,60.26
76.81,76.81,37.12,34.55,60.30
76.21,76.21,31.11,31.73,59.50
75.58,75.58,29.69,26.73,60.07
75.26,75.26,29.31,29.49,59.68
75.90,75.90,27.35,21.80,60.69
77.58,77.58,27.31,31.14,61.04
76.08,76.08,29.99,30.94,61.12
76.56,76.56,34.88,33.62,61.04
76.13,76.13,32.42,30.92,60.94
78.91,78.91,26.66,27.61,61.06
78.56,78.56,23.20,25.85,61.50
78.22,78.22,25.65,27.68,58.31
77.99,77.99,26.55,28.61,57.12
80.69,80.69,25.22,25.64,58.11
77.27,77.27,29.13,32.61,59.73
76.36,76.36,34.35,33.69,61.35
75.28,75.28,36.22,33.31,59.71
74.56,74.56,38.97,26.67,60.21
70.19,70.19,38.33,28.60,59.64
69.82,69.82,36.98,21.62,58.98
72.38,72.38,33.62,21.57,58.01
76.55,76.55,35.19,29.51,56.53
75.05,75.05,32.38,40.41,55.43
76.34,76.34,28.89,40.19,54.23
75.80,75.80,29.53,31.86,53.56
72.41,72.41,33.73,40.08,51.58
75.86,75.86,33.73,39.66,50.53
71.95,71.95,34.20,35.96,50.65
73.69,73.69,26.80,38.69,49.93
75.23,75.23,31.14,34.86,49.08
73.32,73.32,29.86,37.84,48.67
75.68,75.68,32.11,30.75,49.36
73.06,73.06,30.25,27.16,51.56
73.24,73.24,27.75,30.93,51.48
72.64,72.64,31.15,35.82,53.55
75.19,75.19,39.81,37.46,54.20
78.40,78.40,33.87,33.68,54.89
80.82,80.82,35.03,25.74,53.59
77.83,77.83,34.17,31.27,51.88
74.08,74.08,32.79,35.72,54.43
76.35,76.35,36.51,36.96,55.98
77.28,77.28,38.03,33.55,51.95
80.79,80.79,30.30,29.59,49.70
79.37,79.37,32.27,31.34,54.06
74.50,74.50,39.73,39.34,55.04
77.47,77.47,43.66,44.30,55.99
74.75,74.75,41.27,46.92,55.42
76.49,76.49,42.47,42.91,52.99
74.80,74.80,42.18,34.04,50.52
74.32,74.32,32.97,40.55,50.94
76.74,76.74,31.83,42.99,52.76
74.95,74.95,40.74,44.58,53.73
77.23,77.23,41.65,45.42,56.33
76.56,76.56,39.86,40.96,57.01
76.58,76.58,38.06,38.06,55.73
77.30,77.30,38.92,43.08,55.21
77.93,77.93,39.94,38.42,52.98
76.38,76.38,35.81,39.03,53.28
77.08,77.08,31.26,39.37,52.40
76.42,76.42,31.41,38.48,53.81
74.15,74.15,29.83,38.99,54.20
71.11,71.11,28.90,33.79,52.06
73.29,73.29,29.78,38.98,53.00
78.32,78.32,37.39,32.85,50.95
75.82,75.82,41.01,40.78,51.65
69.82,69.82,38.44,43.46,52.54
70.35,70.35,37.49,37.71,51.56
70.55,70.55,36.96,44.39,51.15
69.94,69.94,35.97,42.23,49.12
73.97,73.97,37.13,33.18,51.61
75.98,75.98,35.68,31.04,52.50
77.65,77.65,34.59,35.26,53.67
73.60,73.60,34.03,39.74,48.61
74.66,74.66,38.12,42.44,48.58
76.30,76.30,37.09,41.50,49.33
76.68,76.68,32.69,43.20,49.65
77.62,77.62,33.38,34.24,46.98
76.30,76.30,37.84,37.38,48.31
78.17,78.17,32.31,40.27,50.55
77.67,77.67,28.67,36.68,51.36
78.68,78.68,35.06,31.15,51.02
76.96,76.96,43.57,34.92,53.57
78.83,78.83,44.07,33.98,53.72
78.19,78.19,34.45,38.53,53.39
75.19,75.19,29.42,44.69,54.75
78.30,78.30,37.54,37.16,56.51
78.78,78.78,32.02,35.90,55.48
77.29,77.29,33.64,42.73,53.01
78.39,78.39,35.06,38.65,52.28
77.01,77.01,33.12,36.57,53.51
77.37,77.37,34.16,38.80,54.79
75.20,75.20,31.66,36.24,55.21
74.28,74.28,29.04,33.15,55.81
74.89,74.89,28.09,38.45,55.32
74.60,74.60,29.13,32.29,49.71
75.09,75.09,31.49,32.46,50.79
77.37,77.37,38.04,41.86,52.59
74.09,74.09,33.15,44.34,54.77
75.33,75.33,43.59,40.64,56.09
76.14,76.14,45.49,37.84,53.68
77.32,77.32,39.38,36.51,55.60
75.49,75.49,33.36,34.69,53.88
75.84,75.84,25.07,28.72,53.46
76.81,76.81,28.64,33.07,52.18
79.64,79.64,33.12,37.86,53.78
78.31,78.31,32.86,33.97,54.24
77.90,77.90,34.77,31.41,54.61
78.07,78.07,32.16,30.10,52.34
77.81,77.81,25.65,23.92,51.91
78.83,78.83,29.34,31.24,50.30
79.07,79.07,36.99,33.27,53.41
79.67,79.67,36.67,34.69,53.75
80.09,80.09,30.15,38.33,53.46
80.39,80.39,28.08,28.97,54.21
79.13,79.13,33.04,32.62,55.16
77.91,77.91,33.05,32.12,55.31
79.11,79.11,32.27,33.35,54.50
78.79,78.79,33.67,36.82,55.10
76.93,76.93,37.40,37.62,52.15
76.20,76.20,35.20,36.88,47.84
77.22,77.22,37.94,33.11,48.57
75.88,75.88,34.64,29.78,49.20
73.98,73.98,33.97,29.98,49.10
74.69,74.69,39.63,36.60,52.47
75.04,75.04,37.88,33.06,50.90
74.05,74.05,28.32,33.06,49.66
73.65,73.65,33.41,39.45,52.13
73.66,73.66,28.80,35.88,52.95
72.53,72.53,28.34,32.77,53.32
75.89,75.89,35.86,34.17,54.50
73.36,73.36,40.15,37.80,52.97
73.25,73.25,39.67,36.60,53.84
71.74,71.74,36.11,36.56,52.45
70.60,70.60,25.15,32.29,51.69
71.37,71.37,29.51,34.58,52.86
71.46,71.46,25.26,25.05,47.94
72.37,72.37,27.59,27.31,52.60
73.68,73.68,25.70,26.61,52.61
70.14,70.14,21.60,38.02,49.23
69.42,69.42,27.23,36.82,50.02
67.29,67.29,28.20,27.58,49.34
69.19,69.19,17.81,35.26,50.50
69.46,69.46,21.94,30.64,51.06
70.15,70.15,30.14,34.42,49.13
72.22,72.22,36.69,35.73,49.85
69.33,69.33,37.36,38.98,50.98
68.70,68.70,27.44,35.51,50.72
68.21,68.21,31.48,35.66,50.53
68.08,68.08,31.45,33.82,50.67
68.28,68.28,28.64,27.53,49.88
71.90,71.90,27.68,31.61,49.91
71.26,71.26,28.44,32.96,48.79
69.23,69.23,28.25,34.26,48.15
69.46,69.46,31.02,29.30,48.77
68.69,68.69,31.15,32.14,50.66
70.18,70.18,30.70,28.18,51.52
69.77,69.77,29.42,35.81,49.92
67.83,67.83,28.82,35.62,51.12
66.82,66.82,28.98,37.70,52.86
68.22,68.22,31.40,37.77,53.59
69.39,69.39,30.20,36.66,52.25
68.27,68.27,27.90,34.97,50.19
69.75,69.75,28.71,32.78,49.68
68.22,68.22,29.59,31.44,50.06
67.05,67.05,30.69,36.36,48.23
66.30,66.30,30.37,32.81,49.44
66.63,66.63,28.41,32.07,50.48
66.89,66.89,28.65,28.03,52.72
67.45,67.45,28.30,28.75,50.86
67.32,67.32,27.03,22.43,49.52
65.91,65.91,33.36,25.44,49.82
64.52,64.52,33.67,29.89,50.48
63.18,63.18,30.93,36.15,50.83
66.37,66.37,27.55,37.10,50.17
68.27,68.27,30.64,39.21,52.19
67.04,67.04,31.47,37.16,51.21
67.76,67.76,31.86,36.97,50.82
70.12,70.12,35.26,35.71,51.07
71.40,71.40,29.89,26.67,50.51
66.39,66.39,25.24,31.64,51.80
68.06,68.06,23.12,31.50,50.13
67.98,67.98,26.91,29.73,50.49
67.44,67.44,27.96,26.63,51.05
67.14,67.14,21.83,23.49,47.39
67.38,67.38,24.00,24.98,47.71
67.37,67.37,28.74,28.17,48.82
69.01,69.01,32.54,23.68,49.83
67.50,67.50,37.15,29.72,50.36
67.85,67.85,40.86,27.47,47.74
70.58,70.58,28.03,26.23,49.48
71.93,71.93,33.30,29.68,50.91
70.97,70.97,37.89,27.33,49.05
72.87,72.87,33.26,32.03,50.61
73.23,73.23,33.42,37.30,48.33
75.46,75.46,29.22,35.56,47.14
72.52,72.52,29.56,28.87,46.54
74.58,74.58,28.47,21.32,49.87
71.28,71.28,33.33,20.90,51.84
77.81,77.81,32.30,25.91,55.70
69.72,69.72,30.34,29.72,56.25
78.88,78.88,28.58,27.08,58.10
76.93,76.93,29.84,27.84,57.58
75.42,75.42,29.12,31.70,56.55
77.50,77.50,29.73,24.64,59.18
74.99,74.99,30.27,25.21,60.90
71.24,71.24,27.28,32.80,62.28
74.49,74.49,28.03,24.44,62.07
69.57,69.57,27.41,34.11,63.39
71.62,71.62,28.05,34.03,64.46
73.50,73.50,29.14,32.84,64.90
73.19,73.19,28.50,33.22,66.09
80.68,80.68,31.22,36.18,66.47
76.74,76.74,26.38,29.32,66.17
78.76,78.76,34.68,35.22,64.46
79.63,79.63,30.33,30.67,61.97
79.96,79.96,23.67,28.39,62.67
76.96,76.96,23.82,30.29,61.89
78.78,78.78,23.32,39.62,62.29
74.80,74.80,23.40,35.88,63.06
79.08,79.08,25.40,32.13,61.67
77.58,77.58,24.74,34.38,61.97
75.32,75.32,21.97,27.61,64.14
74.38,74.38,21.95,35.89,64.28
77.43,77.43,26.25,23.85,65.00
76.85,76.85,25.30,37.49,64.32
75.80,75.80,28.86,37.18,62.43
74.14,74.14,31.08,29.63,65.42
74.38,74.38,31.05,32.53,66.14
71.54,71.54,26.69,30.46,66.05
78.07,78.07,26.05,33.20,67.81
76.94,76.94,26.22,34.31,65.83
78.17,78.17,23.97,39.35,64.58
74.46,74.46,26.20,38.03,63.44
73.85,73.85,28.17,31.86,62.71
76.43,76.43,28.96,39.40,61.08
78.34,78.34,29.92,35.44,66.50
72.62,72.62,27.99,29.27,69.56
73.35,73.35,23.28,40.90,70.16
73.04,73.04,23.53,36.83,70.16
74.19,74.19,27.85,31.83,69.90
73.50,73.50,33.94,34.78,69.62
72.47,72.47,37.82,34.51,68.82
75.04,75.04,33.91,26.31,68.40
76.70,76.70,26.06,33.55,70.28
77.66,77.66,26.85,39.54,71.00
79.45,79.45,27.02,33.11,69.76
79.22,79.22,24.56,36.06,69.52
79.74,79.74,26.44,30.38,69.66
79.48,79.48,29.54,30.89,69.35
76.21,76.21,24.67,31.48,70.04
79.28,79.28,26.84,26.54,70.14
78.14,78.14,31.85,32.96,69.22
78.27,78.27,27.28,31.39,67.41
78.08,78.08,22.23,31.71,67.46
78.21,78.21,22.90,37.26,69.00
78.46,78.46,25.64,36.31,70.53
78.54,78.54,21.28,33.81,69.83
76.89,76.89,26.12,38.98,67.47
72.78,72.78,31.25,36.51,66.46
76.38,76.38,36.32,42.36,67.71
79.56,79.56,29.49,37.59,69.48
77.60,77.60,25.11,37.53,70.42
78.33,78.33,24.03,35.79,71.24
75.55,75.55,23.01,32.78,71.16
80.82,80.82,21.66,35.87,71.58
78.95,78.95,22.37,38.07,71.17
74.18,74.18,24.31,38.34,70.91
72.34,72.34,34.54,43.09,70.07
73.90,73.90,35.15,38.23,69.28
72.57,72.57,35.26,44.09,68.61
74.26,74.26,33.70,39.44,68.59
74.97,74.97,25.14,32.09,68.56
73.24,73.24,25.08,28.08,68.04
71.62,71.62,24.18,31.01,67.67
74.60,74.60,21.99,37.23,66.40
76.23,76.23,23.78,23.90,64.87
73.93,73.93,26.49,35.47,61.15
73.73,73.73,27.24,38.51,60.09
70.80,70.80,28.37,32.43,60.58
76.29,76.29,31.36,38.72,61.42
78.95,78.95,28.07,43.57,61.84
77.86,77.86,25.99,36.17,59.66
79.32,79.32,24.75,30.29,56.34
76.21,76.21,24.87,29.87,58.48
74.84,74.84,26.45,43.11,59.07
76.94,76.94,30.66,37.54,63.26
73.62,73.62,28.13,33.39,64.73
73.76,73.76,30.67,36.27,64.12
72.15,72.15,33.98,43.17,63.02
73.50,73.50,34.04,29.99,64.69
72.82,72.82,28.55,34.15,64.59
76.67,76.67,26.34,32.87,63.21
76.99,76.99,26.40,33.71,61.22
76.74,76.74,28.62,26.74,58.75
75.24,75.24,31.37,34.12,58.84
75.77,75.77,27.23,33.09,60.06
76.53,76.53,28.89,31.45,62.34
77.98,77.98,26.19,32.37,60.24
77.30,77.30,25.18,37.39,60.29
73.53,73.53,24.98,34.44,62.95
73.82,73.82,27.20,39.55,63.95
75.63,75.63,27.54,35.63,62.82
73.30,73.30,23.85,36.38,62.49
74.74,74.74,29.33,29.34,63.19
73.76,73.76,31.54,42.17,63.95
74.82,74.82,23.48,33.68,64.70
75.51,75.51,25.25,37.61,64.28
74.02,74.02,22.75,32.68,63.05
75.93,75.93,23.48,33.64,62.82
76.60,76.60,22.25,38.00,62.90
74.97,74.97,25.37,42.85,62.40
75.14,75.14,28.98,39.72,62.57
76.50,76.50,24.23,41.36,62.31
77.55,77.55,19.32,35.18,61.80
76.22,76.22,25.01,39.19,64.13
73.98,73.98,28.85,36.50,65.63
76.41,76.41,24.97,39.13,64.33
74.72,74.72,25.75,39.56,61.18
78.63,78.63,22.51,38.99,60.17
79.69,79.69,22.76,33.74,58.98
78.67,78.67,22.57,33.65,56.71
77.58,77.58,23.71,42.07,55.04
75.69,75.69,23.53,41.18,53.73
76.66,76.66,22.62,43.00,53.62
78.12,78.12,23.09,36.78,51.86
77.26,77.26,23.26,42.75,50.60
76.21,76.21,24.93,43.26,51.76
75.55,75.55,28.98,32.80,51.29
78.74,78.74,24.15,34.90,49.94
79.65,79.65,24.29,33.59,51.47
79.32,79.32,25.26,35.92,53.15
78.15,78.15,27.54,37.38,55.03
80.36,80.36,27.34,33.03,54.47
80.62,80.62,24.81,38.32,53.02
81.42,81.42,23.63,36.85,53.84
81.76,81.76,23.82,29.78,50.58
81.15,81.15,27.51,33.33,53.79
80.27,80.27,29.03,39.97,55.83
79.97,79.97,25.18,39.72,55.35
79.40,79.40,26.21,35.65,56.13
79.16,79.16,26.82,36.03,55.07
79.69,79.69,29.14,35.97,53.13
79.08,79.08,28.94,37.59,52.58
77.42,77.42,28.84,32.64,55.17
77.85,77.85,22.78,35.36,55.69
78.06,78.06,22.06,37.91,57.28
76.81,76.81,23.44,29.11,54.97
74.33,74.33,24.97,31.20,53.09
75.42,75.42,25.89,34.11,55.28
81.90,81.90,23.87,37.68,53.79
77.71,77.71,22.47,31.34,56.59
77.80,77.80,22.90,36.90,58.62
80.08,80.08,22.76,36.89,57.83
81.04,81.04,21.04,36.51,55.86
80.88,80.88,20.74,35.88,54.49
80.10,80.10,23.45,34.89,52.46
80.46,80.46,24.54,28.47,54.98
80.56,80.56,28.04,33.54,50.86
81.24,81.24,31.24,32.56,54.99
79.55,79.55,31.18,37.90,54.96
80.55,80.55,30.88,36.27,54.02
79.38,79.38,28.54,38.08,55.00
78.33,78.33,27.20,35.37,54.65
75.88,75.88,27.84,37.98,53.62
75.10,75.10,29.68,40.72,52.21
75.85,75.85,27.88,32.62,51.82
78.40,78.40,31.59,40.40,55.33
78.98,78.98,27.57,36.50,56.75
77.25,77.25,29.93,35.85,55.09
77.78,77.78,29.81,42.18,54.78
76.21,76.21,27.31,36.74,54.36
76.14,76.14,27.21,36.32,56.58
76.39,76.39,30.51,36.01,54.05
76.12,76.12,33.07,37.89,54.19
74.25,74.25,29.85,37.28,51.97
75.18,75.18,31.80,36.00,53.06
76.05,76.05,32.39,39.07,51.96
76.00,76.00,29.81,43.50,53.78
77.70,77.70,30.94,38.53,53.63
75.35,75.35,35.07,45.80,54.41
73.90,73.90,38.13,39.85,53.70
73.45,73.45,35.68,40.14,47.48
71.59,71.59,33.51,37.55,48.58
69.52,69.52,30.31,41.78,52.43
71.55,71.55,29.15,34.81,52.27
74.59,74.59,31.93,38.44,52.73
75.44,75.44,29.80,30.20,52.06
72.84,72.84,31.11,37.64,50.36
71.97,71.97,29.48,32.13,51.14
73.15,73.15,27.82,40.32,50.84
73.71,73.71,28.33,43.78,53.87
74.43,74.43,29.62,41.19,50.31
74.50,74.50,32.42,41.94,52.70
73.93,73.93,31.90,46.03,52.98
73.56,73.56,28.06,36.97,50.44
72.68,72.68,25.18,43.35,50.13
72.79,72.79,25.56,38.43,52.33
70.54,70.54,25.04,38.90,54.53
69.99,69.99,23.62,40.24,54.05
71.11,71.11,24.26,36.54,52.21
71.29,71.29,22.32,34.89,49.72
69.92,69.92,23.03,28.46,49.10
71.51,71.51,26.09,22.83,51.67
72.72,72.72,25.12,31.59,53.40
70.78,70.78,25.07,31.59,52.03
69.06,69.06,24.85,32.07,50.54
68.79,68.79,25.56,35.69,51.14
67.29,67.29,26.44,32.99,50.47
67.16,67.16,25.10,32.83,50.25
67.99,67.99,26.26,33.97,51.89
68.43,68.43,26.80,31.98,52.02
68.22,68.22,27.41,31.11,54.15
68.47,68.47,32.02,37.43,52.82
66.44,66.44,27.05,29.28,51.70
67.77,67.77,26.13,36.68,51.12
71.37,71.37,25.75,35.26,51.26
69.76,69.76,21.52,28.20,50.79
65.48,65.48,22.48,24.50,50.26
64.31,64.31,23.64,27.40,53.79
63.49,63.49,19.85,23.35,51.58
69.36,69.36,21.72,35.34,54.16
71.28,71.28,21.57,31.63,54.25
71.33,71.33,22.76,34.86,53.12
67.89,67.89,21.88,34.80,50.49
67.64,67.64,26.47,28.28,53.16
66.65,66.65,23.81,30.51,54.81
68.89,68.89,22.05,28.93,55.21
69.33,69.33,22.72,28.38,54.13
71.60,71.60,24.22,27.26,53.07
67.93,67.93,23.49,27.09,50.93
67.38,67.38,24.21,24.08,52.44
69.43,69.43,23.63,23.65,56.70
71.05,71.05,24.99,25.69,55.21
69.67,69.67,23.85,25.69,51.27
69.94,69.94,23.81,19.04,51.53
70.69,70.69,24.81,22.32,48.79
70.44,70.44,24.01,13.08,49.03
72.08,72.08,24.37,21.59,50.27
72.02,72.02,24.70,19.89,50.18
69.73,69.73,28.15,25.62,48.89
68.28,68.28,23.14,21.98,51.34
67.94,67.94,24.06,23.07,51.19
65.65,65.65,25.30,25.77,49.36
68.35,68.35,27.09,25.92,49.40
73.07,73.07,27.01,28.29,51.20
71.84,71.84,23.66,28.50,49.10
70.42,70.42,23.15,23.31,46.00
72.58,72.58,23.62,29.99,50.21
73.28,73.28,20.31,31.10,51.42
74.90,74.90,26.72,31.84,51.77
74.18,74.18,27.07,29.36,52.12
73.63,73.63,24.09,23.57,55.68
76.35,76.35,23.42,18.22,57.77
75.73,75.73,23.49,27.97,59.40
77.89,77.89,23.77,32.65,60.88
80.81,80.81,25.36,32.06,62.20
78.66,78.66,27.26,29.29,62.01
77.82,77.82,24.67,23.43,65.20
76.30,76.30,20.99,27.95,63.37
76.11,76.11,18.46,26.91,65.59
72.15,72.15,14.90,30.18,63.77
72.75,72.75,18.33,32.16,65.21
74.62,74.62,16.90,32.78,64.68
74.11,74.11,20.09,32.91,66.05
72.93,72.93,34.04,33.05,68.73
69.47,69.47,27.38,33.08,68.89
74.82,74.82,21.05,35.31,70.19
77.85,77.85,19.86,36.97,69.03
73.63,73.63,20.85,36.09,70.18
72.12,72.12,20.66,37.92,69.10
70.51,70.51,22.26,35.04,71.48
76.25,76.25,21.84,27.11,72.73
74.71,74.71,22.79,27.30,74.10
69.94,69.94,21.75,34.57,74.39
70.46,70.46,20.34,36.24,74.59
69.45,69.45,19.33,25.74,74.36
69.51,69.51,21.38,30.10,73.76
70.80,70.80,26.20,39.12,73.75
70.09,70.09,27.84,37.29,72.60
69.96,69.96,25.83,33.20,73.90
68.92,68.92,20.84,39.53,74.44
75.91,75.91,26.32,39.24,75.43
78.82,78.82,27.13,37.19,73.69
77.16,77.16,25.94,35.60,73.93
74.78,74.78,26.94,35.34,73.21
77.23,77.23,28.10,38.35,72.58
78.33,78.33,27.87,32.46,70.01
77.58,77.58,24.54,38.54,68.48
80.39,80.39,25.40,37.83,71.48
77.76,77.76,27.59,30.68,71.21
78.74,78.74,26.90,29.21,72.78
75.70,75.70,27.01,30.17,72.64
78.52,78.52,23.06,28.71,70.85
76.58,76.58,24.51,36.67,68.08
75.14,75.14,25.82,35.71,69.56
75.68,75.68,20.96,37.36,70.19
75.75,75.75,19.49,37.13,69.30
73.71,73.71,23.14,30.44,70.07
77.86,77.86,25.41,32.63,70.87
80.29,80.29,26.46,44.35,70.81
78.03,78.03,26.69,42.02,69.08
74.70,74.70,27.33,40.31,68.60
76.07,76.07,27.21,43.37,68.42
74.00,74.00,20.71,38.82,68.91
73.09,73.09,16.34,31.53,69.39
74.82,74.82,14.87,35.10,69.54
75.39,75.39,16.39,32.19,69.05
71.65,71.65,13.67,32.67,67.25
72.43,72.43,25.20,35.75,67.42
71.98,71.98,29.92,37.02,66.34
71.58,71.58,26.71,34.07,67.99
70.01,70.01,20.85,33.14,68.73
69.78,69.78,20.19,36.63,68.92
72.23,72.23,26.15,37.35,66.33
76.32,76.32,29.67,32.69,64.42
74.60,74.60,29.68,35.32,62.97
76.27,76.27,29.62,43.39,64.22
75.17,75.17,28.28,37.13,65.11
74.65,74.65,28.12,29.45,65.85
76.43,76.43,30.02,35.25,64.85
74.95,74.95,32.25,39.57,65.47
73.64,73.64,28.72,31.89,66.72
74.12,74.12,25.75,41.90,69.38
72.33,72.33,24.19,31.26,68.96
72.42,72.42,23.98,31.83,69.42
72.71,72.71,21.60,31.80,69.78
73.06,73.06,20.33,25.46,68.95
69.18,69.18,22.59,20.88,69.53
69.04,69.04,27.73,34.13,70.10
71.01,71.01,32.96,33.16,70.23
69.63,69.63,34.71,38.07,69.36
68.34,68.34,29.73,34.75,66.95
73.96,73.96,26.30,26.98,62.17
80.86,80.86,27.03,34.46,61.04
81.84,81.84,26.51,33.29,60.28
79.88,79.88,29.58,35.82,58.75
79.94,79.94,26.76,40.72,56.10
81.42,81.42,27.17,36.47,53.90
78.77,78.77,26.78,46.37,55.98
80.18,80.18,29.28,29.69,55.26
78.16,78.16,31.79,37.13,56.30
81.75,81.75,32.09,41.68,59.57
78.70,78.70,31.37,36.49,55.25
82.87,82.87,30.37,40.06,55.42
84.19,84.19,28.05,39.84,53.23
74.62,74.62,29.78,42.07,57.59
76.88,76.88,31.35,39.50,60.81
78.64,78.64,28.59,37.19,64.09
79.06,79.06,29.28,30.84,61.98
79.05,79.05,31.86,33.35,61.72
77.50,77.50,31.50,36.64,64.01
73.30,73.30,31.13,34.95,61.78
76.08,76.08,31.86,24.19,57.83
75.06,75.06,31.28,41.91,63.46
78.36,78.36,32.50,38.73,66.26
77.56,77.56,30.35,33.44,63.33
72.78,72.78,25.98,37.74,64.85
73.53,73.53,23.87,33.05,66.41
77.11,77.11,24.85,31.74,65.19
73.65,73.65,27.19,33.73,63.82
76.59,76.59,26.10,38.84,65.20
74.69,74.69,25.81,31.50,65.06
70.78,70.78,29.20,33.15,63.75
75.14,75.14,31.25,39.21,66.18
75.38,75.38,32.18,32.52,65.05
74.77,74.77,28.04,28.54,65.21
72.80,72.80,24.03,30.30,65.03
72.20,72.20,27.35,33.32,65.37
72.55,72.55,28.19,36.52,64.37
75.67,75.67,27.47,29.33,64.06
73.56,73.56,32.78,35.20,64.40
73.54,73.54,33.90,36.95,64.62
67.60,67.60,32.05,32.53,64.07
68.02,68.02,30.51,30.42,64.48
67.42,67.42,31.21,35.77,65.04
68.72,68.72,33.15,30.43,64.62
71.76,71.76,30.44,34.54,62.04
71.59,71.59,27.27,40.06,59.96
74.40,74.40,27.95,39.28,58.63
77.37,77.37,31.35,34.78,59.37
77.45,77.45,30.63,35.87,61.86
75.09,75.09,28.25,24.64,62.00
76.89,76.89,27.08,31.91,64.16
78.79,78.79,24.37,33.38,62.41
76.28,76.28,23.25,29.90,57.89
77.98,77.98,26.06,32.90,57.05
77.86,77.86,27.28,33.06,58.19
77.62,77.62,29.02,31.42,55.92
75.78,75.78,28.55,39.16,54.98
77.08,77.08,28.81,33.02,55.01
78.20,78.20,29.90,25.76,51.45
78.38,78.38,29.43,37.07,51.83
77.68,77.68,29.12,36.42,50.18
76.80,76.80,30.10,33.00,53.40
77.68,77.68,34.18,38.44,52.46
76.83,76.83,34.56,27.75,52.08
76.87,76.87,34.20,34.28,51.14
77.12,77.12,32.77,31.73,52.23
73.61,73.61,32.94,31.45,53.14
76.05,76.05,31.25,22.70,55.89
73.99,73.99,28.20,28.60,52.72
74.59,74.59,30.48,30.61,55.37
70.49,70.49,35.19,26.91,52.42
69.62,69.62,29.61,27.15,55.00
71.48,71.48,31.87,33.80,50.86
72.03,72.03,31.75,33.45,52.32
70.62,70.62,31.63,37.69,52.21
70.75,70.75,34.23,38.40,51.51
72.24,72.24,28.65,31.85,51.58
73.84,73.84,29.81,30.67,53.53
75.74,75.74,39.81,38.19,53.57
77.56,77.56,33.06,32.38,52.68
76.29,76.29,32.52,31.84,53.79
76.02,76.02,34.03,27.55,58.55
76.87,76.87,31.79,24.44,53.10
80.22,80.22,32.46,34.12,58.76
79.33,79.33,36.59,36.18,55.02
78.79,78.79,34.95,31.89,52.79
77.87,77.87,35.31,29.60,54.39
78.26,78.26,35.31,28.49,51.96
78.16,78.16,34.28,33.05,56.63
76.78,76.78,36.43,39.52,53.87
76.28,76.28,34.86,43.59,54.16
77.36,77.36,32.95,32.36,57.81
77.23,77.23,33.64,30.71,53.83
75.45,75.45,31.04,36.46,54.49
76.52,76.52,30.98,35.24,55.40
75.84,75.84,32.63,35.30,54.81
77.25,77.25,29.99,36.90,54.76
77.46,77.46,29.23,28.67,54.20
77.40,77.40,30.57,33.86,53.82
75.85,75.85,31.93,30.93,53.73
74.02,74.02,32.48,32.84,51.44
72.82,72.82,29.84,28.69,49.90
72.63,72.63,26.69,29.08,53.82
71.05,71.05,25.09,40.14,52.35
72.17,72.17,26.03,34.01,51.16
73.30,73.30,28.73,29.54,52.53
73.61,73.61,26.36,32.01,52.14
68.07,68.07,31.88,35.58,49.09
74.00,74.00,28.06,27.39,53.09
73.47,73.47,25.44,29.92,50.08
68.11,68.11,24.55,33.94,49.36
71.39,71.39,26.71,33.56,49.02
73.35,73.35,24.26,29.86,53.07
70.01,70.01,25.50,24.01,54.14
73.16,73.16,26.04,28.48,55.54
69.91,69.91,27.94,18.70,51.98
72.11,72.11,29.41,22.62,51.63
73.26,73.26,28.40,29.15,56.13
71.62,71.62,25.18,25.04,52.05
70.88,70.88,29.25,26.63,53.59
70.02,70.02,27.48,18.65,52.38
72.02,72.02,28.89,22.60,54.03
71.21,71.21,29.06,18.58,52.92
70.31,70.31,30.20,25.75,52.54
68.70,68.70,26.49,24.85,53.85
69.89,69.89,26.04,24.14,54.27
69.98,69.98,23.98,26.08,52.73
68.22,68.22,25.27,25.95,54.20
66.66,66.66,25.75,27.02,52.02
66.24,66.24,25.50,25.74,50.96
61.89,61.89,24.70,19.41,50.83
66.57,66.57,26.66,23.65,53.27
69.30,69.30,22.80,16.35,51.03
68.88,68.88,32.51,29.17,51.81
69.58,69.58,27.57,21.12,50.85
68.20,68.20,35.30,16.62,52.80
68.36,68.36,40.21,16.89,51.73
69.70,69.70,41.39,23.54,51.22
66.57,66.57,40.50,27.53,52.89
66.44,66.44,40.42,24.65,50.16
68.78,68.78,39.50,23.89,49.78
70.12,70.12,34.75,28.24,50.16
68.87,68.87,35.11,25.85,48.29
67.54,67.54,33.77,26.66,47.71
70.54,70.54,30.27,25.51,49.50
68.69,68.69,30.70,25.66,49.78
68.95,68.95,31.29,27.39,46.69
69.42,69.42,32.30,27.82,48.77
67.92,67.92,34.96,25.40,50.73
70.15,70.15,36.77,24.75,50.74
68.74,68.74,35.75,18.88,50.76
71.09,71.09,36.30,19.25,50.85
71.68,71.68,36.46,26.14,48.90
69.99,69.99,41.50,30.25,49.21
71.15,71.15,45.44,28.10,46.48
69.22,69.22,49.51,27.56,47.54
70.45,70.45,43.79,21.81,45.00
70.08,70.08,38.04,22.98,44.15
76.62,76.62,37.16,22.19,50.96
75.75,75.75,30.63,19.79,48.35
74.09,74.09,29.46,15.96,50.73
74.51,74.51,27.77,21.39,45.95
71.98,71.98,30.27,22.78,45.50
74.86,74.86,33.97,25.13,52.15
72.28,72.28,36.41,20.66,52.57
70.82,70.82,35.92,22.77,49.51
74.41,74.41,36.73,16.27,46.74
72.36,72.36,38.58,21.06,45.90
71.76,71.76,37.72,28.17,48.87
69.79,69.79,36.41,20.55,49.15
67.79,67.79,34.59,11.29,52.44
73.93,73.93,33.01,26.33,54.05
68.88,68.88,32.46,16.20,51.65
74.90,74.90,33.07,13.01,52.65
77.55,77.55,37.08,15.02,56.50
77.44,77.44,37.39,11.38,57.46
75.18,75.18,36.30,7.91,56.00
77.19,77.19,36.39,17.21,56.55
79.88,79.88,35.18,18.68,58.02
73.95,73.95,32.37,24.05,59.29
78.72,78.72,31.28,19.41,61.64
81.39,81.39,31.29,13.02,62.61
80.49,80.49,29.52,22.30,64.40
76.76,76.76,30.32,32.33,65.21
78.37,78.37,27.83,33.61,63.06
81.34,81.34,26.54,35.48,64.90
76.73,76.73,27.99,26.62,65.67
81.72,81.72,26.89,31.64,66.65
79.91,79.91,26.15,28.83,66.50
79.35,79.35,24.36,31.20,66.59
77.53,77.53,27.76,23.73,66.91
76.15,76.15,31.75,30.75,67.37
75.52,75.52,32.10,32.48,67.65
78.72,78.72,30.80,22.44,67.65
79.41,79.41,35.12,29.56,68.99
74.79,74.79,34.35,32.01,66.68
72.86,72.86,26.10,29.66,66.97
74.56,74.56,25.16,35.29,66.37
75.60,75.60,26.10,34.34,66.03
77.22,77.22,25.10,32.36,67.54
74.60,74.60,25.03,22.84,67.14
73.05,73.05,24.62,25.73,66.78
73.37,73.37,33.03,25.48,67.55
73.46,73.46,44.44,23.38,66.81
75.99,75.99,38.69,26.54,66.66
75.43,75.43,34.60,27.98,65.53
75.75,75.75,32.84,29.67,64.81
77.84,77.84,32.89,24.69,63.92
75.16,75.16,32.10,33.30,64.24
76.27,76.27,32.94,28.00,64.98
74.49,74.49,31.73,24.96,63.33
74.80,74.80,29.02,25.41,66.22
75.51,75.51,29.97,25.57,66.48
78.53,78.53,30.44,21.26,65.45
78.17,78.17,33.01,30.64,65.94
75.85,75.85,31.56,18.77,65.85
74.82,74.82,34.12,33.08,64.15
77.01,77.01,32.98,30.38,65.16
74.87,74.87,33.54,32.72,65.48
74.94,74.94,36.52,35.64,66.33
79.18,79.18,35.02,38.18,66.53
78.34,78.34,33.98,32.45,65.45
77.59,77.59,33.59,38.75,67.41
78.52,78.52,31.74,35.72,68.47
76.90,76.90,29.01,35.70,69.48
80.49,80.49,28.88,34.21,69.79
79.56,79.56,24.03,27.53,70.77
78.52,78.52,24.40,31.44,69.84
76.52,76.52,27.10,34.87,69.47
77.82,77.82,25.96,30.78,70.10
74.97,74.97,26.31,33.48,69.42
75.96,75.96,26.21,34.22,69.32
72.48,72.48,25.37,32.69,68.33
75.75,75.75,25.00,40.89,67.96
77.49,77.49,24.35,31.26,66.51
76.96,76.96,21.09,40.00,66.33
77.67,77.67,25.85,32.06,66.62
77.60,77.60,28.30,38.24,67.25
79.50,79.50,27.81,41.61,66.99
76.44,76.44,30.44,29.36,66.49
74.21,74.21,31.96,38.86,66.29
73.20,73.20,31.79,33.53,64.85
76.47,76.47,32.59,36.90,63.94
75.73,75.73,32.24,35.37,64.13
74.71,74.71,32.55,40.91,62.22
72.37,72.37,31.67,36.47,60.37
74.03,74.03,32.25,37.94,61.62
76.62,76.62,32.71,34.87,62.99
75.46,75.46,31.20,41.51,63.44
77.66,77.66,30.84,38.37,59.54
75.95,75.95,29.31,24.86,60.56
75.52,75.52,23.31,31.56,57.46
74.92,74.92,25.83,27.69,55.71
75.02,75.02,24.72,32.90,53.23
73.64,73.64,25.71,34.45,53.26
77.96,77.96,27.03,35.24,50.44
76.41,76.41,25.52,29.96,53.02
74.67,74.67,26.61,30.90,56.15
78.81,78.81,31.26,26.67,57.82
80.31,80.31,30.96,31.96,53.98
81.33,81.33,33.26,35.55,48.03
79.75,79.75,30.21,32.31,52.97
77.70,77.70,30.33,38.86,54.58
75.80,75.80,29.84,34.54,57.63
76.25,76.25,30.42,39.59,56.78
80.68,80.68,28.31,25.30,55.80
81.45,81.45,25.39,29.71,56.83
80.82,80.82,18.82,34.91,56.76
80.49,80.49,18.17,35.82,55.81
77.25,77.25,23.06,30.56,59.06
78.22,78.22,27.64,25.31,56.23
77.59,77.59,33.75,30.03,58.18
74.14,74.14,32.67,38.83,58.95
77.57,77.57,33.21,33.11,62.77
77.42,77.42,32.55,25.82,64.96
73.62,73.62,29.91,23.93,65.04
75.23,75.23,26.28,29.08,66.71
75.85,75.85,23.03,26.48,66.79
71.81,71.81,20.54,33.26,66.00
74.80,74.80,20.23,33.81,66.65
77.02,77.02,21.56,33.13,66.61
75.88,75.88,21.20,32.77,67.47
71.15,71.15,22.32,36.54,65.44
76.24,76.24,23.98,26.18,65.45
73.34,73.34,25.03,35.08,65.71
75.62,75.62,29.71,35.19,65.54
75.69,75.69,28.17,30.37,67.50
75.68,75.68,28.91,31.37,67.71
77.33,77.33,31.18,31.97,66.95
75.54,75.54,34.14,32.04,65.95
76.05,76.05,35.62,27.60,66.07
75.77,75.77,35.89,33.83,65.98
76.20,76.20,35.02,37.51,66.47
72.84,72.84,33.58,40.09,66.56
74.13,74.13,32.64,33.26,65.88
74.16,74.16,30.07,34.36,65.91
75.53,75.53,30.60,38.36,64.16
77.27,77.27,30.26,33.36,62.79
76.62,76.62,31.83,27.57,60.77
73.48,73.48,29.51,22.14,62.11
75.43,75.43,24.11,26.28,66.40
77.24,77.24,23.68,31.30,66.83
75.76,75.76,24.94,26.76,67.92
77.00,77.00,25.83,32.18,68.33
76.55,76.55,24.35,28.09,67.17
77.37,77.37,24.32,27.62,66.17
78.61,78.61,23.58,23.87,67.08
76.72,76.72,23.06,25.04,65.50
79.22,79.22,25.98,24.28,65.49
80.10,80.10,27.12,21.51,65.66
79.02,79.02,29.50,26.71,64.41
75.84,75.84,28.30,25.23,64.98
78.80,78.80,31.20,24.38,64.47
77.19,77.19,31.67,31.64,63.39
79.20,79.20,28.38,21.75,65.24
77.78,77.78,27.87,22.48,65.50
79.24,79.24,27.49,29.51,66.54
77.31,77.31,30.86,33.75,67.74
77.94,77.94,31.05,31.69,67.32
78.13,78.13,30.63,38.86,68.35
77.71,77.71,29.05,36.98,66.79
78.31,78.31,30.84,28.87,67.25
79.76,79.76,28.13,33.00,66.68
79.42,79.42,29.98,29.26,66.56
78.62,78.62,27.06,18.77,66.79
79.07,79.07,26.34,32.36,66.49
78.78,78.78,25.40,30.66,66.80
78.62,78.62,27.16,33.04,68.24
80.22,80.22,30.11,30.89,67.87
80.19,80.19,29.45,27.96,66.41
79.03,79.03,26.92,19.31,63.62
78.73,78.73,24.49,28.69,61.57
76.71,76.71,22.27,23.61,62.08
80.33,80.33,24.34,30.63,65.36
80.78,80.78,24.83,24.71,69.62
74.00,74.00,27.28,33.45,71.16
75.57,75.57,29.20,34.14,70.62
77.20,77.20,28.07,37.42,69.56
77.11,77.11,26.28,29.11,68.94
77.18,77.18,25.28,24.17,68.34
79.08,79.08,27.28,24.95,68.65
75.41,75.41,28.23,30.13,68.19
76.14,76.14,27.11,27.96,67.35
77.34,77.34,28.55,23.99,67.09
79.23,79.23,29.26,25.44,67.31
79.34,79.34,28.79,22.98,67.78
78.86,78.86,28.81,27.56,66.93
77.62,77.62,29.07,28.22,66.84
79.33,79.33,28.35,23.78,66.74
79.87,79.87,27.48,27.68,65.62
79.57,79.57,29.37,32.62,66.89
76.94,76.94,26.28,27.45,66.33
78.08,78.08,27.79,24.02,65.82
74.75,74.75,29.02,25.36,64.08
74.55,74.55,27.17,22.17,63.96
70.55,70.55,26.90,19.26,63.67
70.58,70.58,28.33,23.20,64.12
74.63,74.63,25.84,15.18,62.91
75.22,75.22,25.13,17.47,63.41
72.80,72.80,25.05,25.00,63.67
74.60,74.60,25.80,29.33,64.43
75.22,75.22,26.58,33.20,64.01
72.20,72.20,27.82,35.26,63.98
72.06,72.06,26.95,34.27,64.45
68.44,68.44,26.85,27.62,64.38
71.92,71.92,26.23,29.96,64.51
71.82,71.82,27.79,31.35,66.84
69.73,69.73,25.49,29.05,67.19
74.11,74.11,26.61,25.10,65.94
68.51,68.51,24.80,18.77,66.91
69.30,69.30,24.78,19.45,67.98
70.89,70.89,26.65,11.54,68.98
74.22,74.22,25.61,16.02,70.75
71.59,71.59,25.11,16.24,70.86
69.19,69.19,25.97,16.82,69.36
71.60,71.60,28.14,15.92,67.47
67.44,67.44,30.80,19.00,68.21
69.58,69.58,30.68,27.03,68.19
72.43,72.43,30.49,16.77,68.76
69.71,69.71,29.59,22.37,68.86
72.30,72.30,31.10,18.99,68.96
71.45,71.45,31.09,28.47,68.16
69.31,69.31,31.06,17.85,67.42
71.40,71.40,29.90,26.00,66.18
70.96,70.96,30.50,31.01,64.81
71.10,71.10,31.20,27.39,65.25
71.41,71.41,33.91,33.05,64.61
71.68,71.68,35.03,27.27,64.08
68.06,68.06,37.33,21.83,64.26
70.87,70.87,37.02,25.75,63.36
67.82,67.82,38.08,29.84,61.60
69.38,69.38,36.90,20.81,62.30
70.82,70.82,33.98,22.34,62.87
70.75,70.75,30.45,28.93,63.40
68.39,68.39,25.78,30.87,64.02
64.97,64.97,25.70,24.17,64.12
65.77,65.77,31.10,30.95,64.11
63.92,63.92,30.51,27.72,63.60
69.73,69.73,27.71,33.11,63.70
70.38,70.38,27.55,32.17,64.12
70.10,70.10,25.77,33.67,65.13
69.34,69.34,24.75,30.15,64.76
68.11,68.11,24.54,28.75,64.92
70.73,70.73,24.18,32.52,65.13
69.16,69.16,24.51,33.49,64.10
69.73,69.73,26.84,27.34,64.16
71.03,71.03,26.86,31.22,64.14
71.40,71.40,29.19,35.17,62.93
70.99,70.99,29.99,33.59,61.90
69.25,69.25,31.26,32.77,61.77
70.69,70.69,33.16,35.00,61.63
70.68,70.68,33.89,30.75,60.80
69.23,69.23,34.48,27.03,59.39
69.83,69.83,33.76,21.56,60.16
71.37,71.37,32.71,22.95,58.86
69.06,69.06,33.30,15.38,60.26
69.58,69.58,31.23,16.67,58.65
70.36,70.36,27.08,21.81,58.92
71.36,71.36,23.45,14.20,58.33
70.77,70.77,21.63,18.04,58.33
70.10,70.10,22.42,21.72,56.45
70.10,70.10,23.36,24.96,56.30
71.14,71.14,25.00,24.41,56.01
76.08,76.08,28.83,31.45,54.78
76.79,76.79,30.05,30.85,54.66
75.00,75.00,37.48,17.29,53.67
76.29,76.29,42.30,27.97,56.25
76.26,76.26,61.44,25.49,56.04
76.85,76.85,64.80,14.01,57.38
79.36,79.36,58.56,18.99,59.28
78.42,78.42,51.47,15.29,60.13
76.86,76.86,43.57,16.17,61.20
77.49,77.49,42.07,13.92,64.15
77.37,77.37,37.05,16.40,65.07
77.76,77.76,43.52,11.76,64.55
75.75,75.75,31.99,10.54,63.60
73.35,73.35,25.38,11.66,64.49
72.35,72.35,24.86,15.58,62.74
73.86,73.86,22.43,9.64,63.14
73.96,73.96,22.52,16.18,65.10
75.40,75.40,32.49,17.92,66.84
73.33,73.33,45.91,19.11,66.08
72.80,72.80,49.16,20.32,66.50
76.50,76.50,64.06,29.15,67.03
76.62,76.62,61.46,23.67,68.04
75.98,75.98,56.22,21.53,70.19
74.32,74.32,48.00,17.54,69.69
75.22,75.22,41.02,21.17,69.20
76.74,76.74,33.53,24.09,68.46
75.71,75.71,30.45,25.48,69.37
78.76,78.76,32.16,21.91,68.76
75.25,75.25,30.77,28.51,68.91
73.01,73.01,30.05,30.08,66.87
74.21,74.21,34.33,23.70,67.55
78.14,78.14,41.14,17.41,68.39
76.49,76.49,44.71,23.58,67.22
73.42,73.42,46.91,28.27,67.83
69.34,69.34,51.07,23.59,68.07
72.38,72.38,43.55,34.34,69.46
76.55,76.55,64.75,31.25,68.58
78.00,78.00,63.07,36.56,67.68
75.85,75.85,56.06,29.39,66.57
74.43,74.43,50.15,22.11,67.83
75.77,75.77,42.97,24.43,68.69
76.96,76.96,34.92,25.56,67.99
80.76,80.76,32.45,16.07,67.65
78.65,78.65,31.56,26.51,68.96
80.97,80.97,31.97,34.04,68.48
79.60,79.60,32.77,20.36,68.37
75.24,75.24,28.17,22.46,68.33
79.87,79.87,23.06,27.63,68.61
79.79,79.79,23.64,34.96,69.11
79.56,79.56,35.22,34.15,68.52
75.42,75.42,55.16,26.89,69.55
72.55,72.55,58.56,29.33,69.01
74.07,74.07,66.63,34.03,68.52
77.83,77.83,62.49,27.26,67.76
75.92,75.92,55.71,35.91,67.71
78.92,78.92,50.54,35.98,67.26
77.14,77.14,44.06,33.77,66.57
77.72,77.72,35.49,34.23,67.68
78.56,78.56,34.23,30.34,68.24
78.24,78.24,40.41,33.17,67.06
74.72,74.72,41.42,30.17,67.04
75.53,75.53,38.89,23.37,66.05
74.94,74.94,35.35,20.11,65.71
72.70,72.70,33.24,28.48,66.08
74.99,74.99,34.22,26.33,66.76
74.18,74.18,42.51,29.05,66.55
72.19,72.19,51.95,27.13,64.35
72.68,72.68,62.16,33.65,64.67
74.26,74.26,73.69,27.32,65.89
73.24,73.24,74.54,31.46,67.26
70.55,70.55,70.70,29.13,66.59
69.54,69.54,65.99,31.62,67.14
70.50,70.50,60.84,31.07,66.20
72.12,72.12,53.07,32.22,64.22
73.41,73.41,45.03,30.87,64.40
75.29,75.29,44.42,32.12,65.65
74.93,74.93,40.97,23.69,66.26
72.82,72.82,42.44,28.28,65.64
71.81,71.81,42.81,22.96,65.44
72.57,72.57,43.51,31.10,64.76
70.61,70.61,39.11,30.44,66.67
69.67,69.67,35.73,26.42,63.44
69.15,69.15,32.25,29.00,64.99
71.05,71.05,34.30,28.31,67.42
72.01,72.01,41.85,27.78,68.57
74.26,74.26,42.86,32.48,68.20
77.55,77.55,41.80,37.91,68.82
76.03,76.03,38.97,33.80,65.67
74.49,74.49,37.87,28.35,62.69
79.64,79.64,33.51,25.22,60.10
81.07,81.07,33.84,32.91,58.26
82.45,82.45,33.71,26.51,58.72
80.24,80.24,33.80,23.34,58.21
80.91,80.91,33.90,31.44,57.93
79.42,79.42,28.88,24.96,55.48
82.73,82.73,27.20,32.90,57.32
81.76,81.76,27.37,35.82,56.72
75.03,75.03,31.32,35.15,55.90
71.88,71.88,38.81,29.37,57.59
75.04,75.04,46.82,32.51,57.87
76.40,76.40,66.78,36.48,56.38
77.51,77.51,61.20,40.29,57.39
78.66,78.66,55.02,33.84,56.37
73.43,73.43,48.61,37.19,58.24
76.05,76.05,42.26,33.24,58.12
76.11,76.11,38.49,39.21,60.34
73.95,73.95,35.87,38.31,60.41
75.19,75.19,33.32,41.22,61.46
74.57,74.57,31.45,38.07,60.93
80.17,80.17,31.57,36.93,60.98
79.90,79.90,32.50,38.28,59.83
78.98,78.98,31.91,33.87,57.91
78.90,78.90,33.36,41.29,57.31
74.26,74.26,33.11,38.02,57.96
74.94,74.94,39.43,43.94,60.30
76.63,76.63,48.01,44.61,59.46
76.80,76.80,69.36,36.51,61.49
76.87,76.87,65.59,30.66,60.49
81.06,81.06,63.75,35.81,58.04
78.50,78.50,60.31,37.60,55.00
77.03,77.03,57.46,35.01,56.29
79.45,79.45,53.91,33.28,58.36
79.79,79.79,49.58,38.22,58.19
79.42,79.42,46.97,41.22,61.32
78.00,78.00,42.97,35.98,60.34
76.26,76.26,39.21,35.11,57.63
76.26,76.26,36.30,27.71,56.26
75.43,75.43,34.19,29.24,54.50
73.57,73.57,34.74,26.16,55.21
74.51,74.51,37.34,23.94,56.88
75.97,75.97,45.93,36.06,57.87
75.10,75.10,60.13,34.65,57.43
74.29,74.29,65.56,22.05,58.32
73.04,73.04,59.36,27.73,58.40
71.08,71.08,52.85,27.86,54.52
72.41,72.41,47.09,29.76,54.41
72.10,72.10,42.14,32.43,55.73
76.85,76.85,38.65,34.69,57.78
74.40,74.40,35.41,36.63,56.92
76.14,76.14,35.14,26.65,55.41
76.23,76.23,36.22,26.77,56.43
78.15,78.15,37.71,27.68,58.79
78.74,78.74,36.48,31.93,60.55
75.21,75.21,37.76,28.31,56.94
73.76,73.76,40.07,26.14,57.28
76.00,76.00,45.10,32.63,55.97
77.74,77.74,47.82,37.29,56.94
76.27,76.27,55.69,35.89,56.23
74.64,74.64,66.38,32.53,56.30
77.00,77.00,60.37,26.19,56.81
76.56,76.56,54.06,32.01,57.92
75.63,75.63,45.14,23.42,58.89
73.08,73.08,38.53,24.76,61.49
73.01,73.01,31.61,29.54,61.65
69.66,69.66,28.65,17.56,62.28
71.06,71.06,28.07,25.18,60.23
72.12,72.12,37.83,24.42,57.48
71.23,71.23,42.62,30.11,56.95
71.47,71.47,39.55,28.16,58.09
71.04,71.04,39.03,30.68,61.06
70.95,70.95,39.83,34.23,61.19
71.74,71.74,45.90,37.80,61.85
71.02,71.02,49.82,37.04,61.35
68.52,68.52,57.14,37.70,59.95
68.94,68.94,63.80,32.23,57.54
73.56,73.56,59.07,21.24,58.08
75.98,75.98,51.48,27.78,61.52
74.86,74.86,45.59,21.09,60.15
76.38,76.38,37.65,26.57,61.23
77.84,77.84,32.74,29.70,61.63
77.78,77.78,29.21,28.00,60.71
78.91,78.91,29.50,37.12,61.21
78.34,78.34,27.23,32.46,60.78
78.76,78.76,24.67,29.47,58.60
80.76,80.76,25.78,36.23,59.16
80.31,80.31,21.63,35.16,60.64
81.92,81.92,26.17,32.69,58.32
80.78,80.78,32.13,28.53,58.68
82.39,82.39,37.06,31.84,58.22
81.07,81.07,54.76,40.63,59.74
81.10,81.10,66.34,38.43,58.16
80.97,80.97,59.82,37.98,59.50
81.42,81.42,52.57,25.63,57.80
80.04,80.04,45.10,31.70,59.14
79.97,79.97,36.73,29.76,58.31
78.63,78.63,30.39,30.01,56.81
78.94,78.94,27.26,26.20,57.14
77.94,77.94,29.02,32.94,56.09
77.60,77.60,33.24,39.45,54.54
77.47,77.47,38.09,31.28,56.14
77.21,77.21,36.38,42.87,53.43
74.45,74.45,37.78,38.04,53.97
74.20,74.20,35.87,32.48,57.58
74.47,74.47,47.46,30.81,57.52
72.11,72.11,60.55,36.17,60.35
68.40,68.40,70.52,39.86,57.50
64.84,64.84,72.15,27.72,56.51
67.91,67.91,74.74,24.04,57.77
70.30,70.30,71.32,22.51,58.27
72.19,72.19,67.70,17.83,58.38
71.83,71.83,60.48,9.30,61.09
71.91,71.91,52.96,22.69,60.73
71.62,71.62,50.58,29.66,62.08
70.65,70.65,44.68,28.60,63.31
73.00,73.00,41.60,27.50,61.91
70.55,70.55,37.46,29.05,64.88
69.57,69.57,35.00,31.07,63.36
66.69,66.69,33.97,36.53,62.41
72.43,72.43,34.77,36.10,59.41
72.30,72.30,43.28,44.02,61.30
70.98,70.98,47.20,34.72,64.13
73.96,73.96,62.00,36.21,68.06
74.23,74.23,67.10,25.66,69.89
68.73,68.73,66.50,24.29,68.69
71.19,71.19,65.23,29.82,69.13
75.31,75.31,64.75,32.73,68.01
72.35,72.35,63.99,33.75,61.95
69.92,69.92,64.15,27.82,57.47
69.29,69.29,64.48,31.84,54.92
68.78,68.78,63.51,26.52,60.92
68.47,68.47,62.43,27.76,60.11
70.80,70.80,62.55,32.07,57.28
72.81,72.81,61.30,29.04,56.53
71.67,71.67,61.67,28.81,58.26
69.74,69.74,60.21,19.88,60.71
67.22,67.22,57.80,28.24,62.24
68.63,68.63,59.25,23.85,63.95
69.29,69.29,59.71,30.96,62.56
72.65,72.65,60.37,28.54,62.05
73.66,73.66,54.37,30.51,60.57
72.02,72.02,47.68,25.05,64.44
68.69,68.69,40.41,15.13,63.88
65.19,65.19,35.19,24.92,63.21
66.61,66.61,30.78,28.59,65.37
68.30,68.30,31.48,21.94,65.53
70.75,70.75,36.00,25.51,64.79
73.34,73.34,42.90,39.51,66.17
74.48,74.48,42.94,35.17,65.65
71.09,71.09,34.15,24.44,61.55
67.52,67.52,37.07,33.65,62.92
67.50,67.50,35.85,33.68,68.43
68.38,68.38,38.53,29.88,67.37
71.37,71.37,41.57,29.79,65.85
69.58,69.58,61.16,25.64,65.09
68.32,68.32,62.98,13.57,61.41
70.20,70.20,57.07,18.56,60.96
71.65,71.65,49.63,26.93,62.17
71.40,71.40,42.33,17.34,62.64
70.65,70.65,32.50,13.83,59.90
68.30,68.30,27.85,22.45,59.65
67.56,67.56,21.66,15.18,60.14
69.76,69.76,20.84,16.71,62.26
70.47,70.47,18.77,22.76,62.44
69.23,69.23,16.18,20.59,65.16
70.99,70.99,20.78,8.26,63.96
68.33,68.33,29.43,7.85,60.05
68.44,68.44,38.37,26.11,59.56
67.17,67.17,54.02,23.52,58.42
69.01,69.01,60.49,27.63,57.62
71.58,71.58,66.79,31.95,56.67
75.04,75.04,62.57,20.92,56.08
74.38,74.38,57.02,11.01,56.34
74.95,74.95,50.17,20.96,60.06
76.64,76.64,44.19,22.55,61.08
76.19,76.19,38.90,23.09,60.48
77.51,77.51,36.93,14.99,60.43
78.50,78.50,31.30,10.89,60.10
79.58,79.58,27.36,14.56,62.32
77.79,77.79,25.48,15.26,65.55
81.18,81.18,25.64,13.05,69.25
82.69,82.69,24.30,12.83,68.00
81.06,81.06,28.12,13.54,69.98
78.41,78.41,30.19,16.00,70.96
77.29,77.29,34.06,21.72,68.44
76.17,76.17,40.18,26.86,67.09
78.18,78.18,65.74,27.93,67.41
80.32,80.32,64.81,25.24,68.17
76.90,76.90,57.20,24.29,68.73
79.37,79.37,50.11,24.03,70.75
79.24,79.24,41.86,21.26,70.67
79.94,79.94,41.74,22.87,70.00
77.60,77.60,40.03,20.55,68.23
77.84,77.84,42.03,33.31,66.79
77.10,77.10,40.73,36.06,67.69
74.36,74.36,34.89,30.97,67.06
72.71,72.71,28.22,30.60,68.51
73.23,73.23,25.31,29.56,70.23
73.51,73.51,24.49,23.38,71.62
69.69,69.69,27.02,20.06,68.60
69.59,69.59,33.67,19.36,69.94
67.92,67.92,38.14,27.08,69.75
68.91,68.91,63.31,28.64,67.56
69.82,69.82,58.97,27.82,70.14
75.50,75.50,52.48,28.20,69.01
77.03,77.03,45.22,27.43,70.07
77.97,77.97,36.39,28.47,69.41
75.95,75.95,31.80,30.73,70.61
74.14,74.14,30.68,30.37,69.85
77.24,77.24,30.01,27.93,71.59
79.84,79.84,28.54,30.64,70.88
76.63,76.63,29.37,28.09,70.13
76.45,76.45,29.42,31.57,70.14
77.71,77.71,30.54,29.90,69.64
75.25,75.25,37.79,26.72,68.71
74.67,74.67,43.18,29.89,70.33
77.14,77.14,43.92,31.64,69.96
76.24,76.24,51.81,30.47,70.06
76.88,76.88,68.94,21.36,68.10
80.67,80.67,61.87,25.83,68.41
79.02,79.02,56.00,19.85,68.55
78.05,78.05,51.34,17.81,67.70
81.20,81.20,47.20,17.29,67.68
82.21,82.21,44.25,27.55,66.77
77.34,77.34,39.86,30.84,67.09
73.52,73.52,33.11,28.53,68.12
73.46,73.46,25.73,22.52,68.55
71.77,71.77,25.60,27.04,67.62
74.69,74.69,25.40,27.72,69.53
75.52,75.52,24.00,27.01,67.92
69.32,69.32,32.01,27.65,68.21
71.39,71.39,46.22,23.22,69.19
72.36,72.36,55.78,22.14,69.39
67.25,67.25,67.10,24.35,68.34
73.03,73.03,73.96,15.50,68.79
71.61,71.61,73.47,19.52,69.66
74.06,74.06,73.42,23.24,64.34
74.08,74.08,68.94,22.62,62.20
74.41,74.41,63.50,27.69,63.93
73.71,73.71,58.50,20.84,64.12
77.74,77.74,55.28,26.94,64.36
77.10,77.10,51.41,26.43,64.18
78.16,78.16,47.70,23.40,66.61
78.06,78.06,41.31,28.96,69.79
76.97,76.97,38.80,31.54,70.61
79.31,79.31,41.97,40.07,68.34
78.71,78.71,42.55,34.18,68.21
78.84,78.84,40.46,31.24,68.20
75.95,75.95,40.08,23.47,68.38
76.74,76.74,49.75,12.65,65.88
79.01,79.01,67.79,23.15,63.90
78.78,78.78,61.50,26.09,63.50
80.44,80.44,54.70,27.42,63.41
78.25,78.25,47.03,24.40,62.01
76.44,76.44,40.01,28.86,60.14
80.08,80.08,35.48,36.14,59.10
77.81,77.81,35.39,35.49,61.27
79.75,79.75,36.62,37.00,63.70
77.81,77.81,40.54,35.44,66.03
78.08,78.08,40.46,28.82,65.85
82.18,82.18,38.00,30.11,64.90
82.19,82.19,29.78,30.60,65.12
77.88,77.88,28.47,25.00,65.81
76.25,76.25,35.89,26.64,66.54
75.77,75.77,42.93,29.25,65.42
75.06,75.06,51.58,31.74,66.49
75.30,75.30,67.34,32.65,66.77
76.62,76.62,61.53,32.59,68.98
74.86,74.86,53.60,29.90,68.55
72.84,72.84,46.65,34.06,67.69
75.18,75.18,40.01,35.73,67.42
75.04,75.04,32.70,32.69,70.16
77.58,77.58,28.03,36.90,69.13
74.50,74.50,30.27,33.27,66.04
74.75,74.75,28.46,34.55,65.51
79.73,79.73,29.22,34.85,66.17
80.38,80.38,29.89,36.66,68.10
76.52,76.52,32.87,39.69,65.84
74.34,74.34,39.68,35.99,64.93
73.99,73.99,45.98,34.27,65.38
75.71,75.71,56.00,47.90,67.58
75.01,75.01,60.80,41.10,68.08
75.07,75.07,63.41,38.30,66.48
71.55,71.55,60.65,32.12,65.43
74.93,74.93,57.36,36.03,67.15
75.83,75.83,55.06,42.09,68.69
76.83,76.83,52.80,42.67,65.98
76.32,76.32,48.54,36.53,65.61
72.76,72.76,44.49,37.01,65.52
73.26,73.26,39.92,29.92,63.68
73.17,73.17,32.71,33.77,61.54
73.06,73.06,32.91,37.03,63.61
72.11,72.11,32.04,30.13,65.17
70.92,70.92,35.55,27.52,66.67
72.49,72.49,38.57,31.00,67.09
69.81,69.81,36.92,30.70,67.54
68.36,68.36,38.87,29.37,68.11
66.34,66.34,53.29,22.93,67.60
69.83,69.83,65.24,24.84,65.70
74.31,74.31,56.44,28.46,64.24
77.00,77.00,50.89,28.11,61.69
74.69,74.69,43.46,39.28,62.16
73.06,73.06,39.16,40.42,63.73
76.17,76.17,40.23,38.04,65.34
77.59,77.59,37.45,39.38,65.89
76.75,76.75,36.36,37.93,66.26
78.05,78.05,32.84,38.93,66.44
79.13,79.13,30.37,33.70,64.03
79.05,79.05,32.15,32.41,62.26
76.99,76.99,34.26,20.37,63.09
76.33,76.33,36.37,24.47,64.96
76.39,76.39,42.67,34.57,66.99
77.05,77.05,47.63,34.99,66.30
77.17,77.17,57.93,38.51,64.34
76.00,76.00,65.26,38.95,63.88
73.75,73.75,59.18,29.35,63.09
71.72,71.72,51.59,29.98,61.51
72.80,72.80,42.76,41.73,60.14
72.12,72.12,34.46,27.32,60.01
76.04,76.04,30.05,28.08,60.54
74.76,74.76,40.34,37.84,60.30
74.64,74.64,52.81,33.44,62.81
73.62,73.62,51.50,29.98,61.72
73.86,73.86,47.56,37.32,61.25
70.12,70.12,45.23,40.78,61.20
69.54,69.54,42.02,38.74,60.60
68.93,68.93,42.90,36.74,59.85
69.37,69.37,50.32,42.56,60.03
70.06,70.06,51.69,32.53,59.97
71.86,71.86,59.94,40.61,58.59
74.45,74.45,65.76,40.67,58.38
74.35,74.35,59.57,37.57,61.75
73.00,73.00,51.70,39.20,64.53
74.93,74.93,43.54,35.73,65.61
74.71,74.71,37.35,38.62,64.87
76.98,76.98,32.14,34.21,65.65
77.61,77.61,28.99,37.97,65.59
80.08,80.08,28.30,33.61,67.00
79.44,79.44,26.66,33.20,67.03
84.36,84.36,27.90,44.67,64.01
85.49,85.49,29.70,37.74,63.80
83.06,83.06,30.35,31.59,64.41
81.95,81.95,35.61,39.73,62.72
81.11,81.11,42.47,30.64,61.63
80.99,80.99,46.66,30.23,60.71
76.80,76.80,62.31,37.48,61.02
78.48,78.48,65.71,35.39,62.15
77.89,77.89,59.28,33.44,64.55
79.75,79.75,52.65,31.27,63.00
79.21,79.21,46.29,36.21,62.94
80.49,80.49,40.69,31.33,64.37
78.97,78.97,37.31,29.56,64.07
78.43,78.43,37.52,19.22,61.67
80.48,80.48,38.47,27.42,64.14
78.35,78.35,37.88,32.91,63.73
78.46,78.46,39.14,26.04,62.14
77.17,77.17,37.30,26.22,63.50
78.08,78.08,35.94,25.57,64.65
77.62,77.62,38.44,31.45,62.05
77.22,77.22,43.70,22.84,62.11
76.98,76.98,46.79,29.60,62.04
76.20,76.20,62.79,29.62,65.59
73.73,73.73,65.63,37.05,67.41
72.01,72.01,60.08,35.71,67.52
72.77,72.77,55.85,36.00,66.36
76.18,76.18,54.54,30.63,65.20
75.84,75.84,52.61,28.71,64.74
76.22,76.22,51.09,29.97,65.58
74.31,74.31,48.20,34.59,66.90
75.63,75.63,47.23,30.16,66.93
75.68,75.68,46.83,14.84,67.34
76.37,76.37,45.65,28.74,66.79
74.79,74.79,44.08,31.70,67.72
72.85,72.85,40.83,24.52,66.58
76.58,76.58,43.20,19.09,65.63
72.72,72.72,49.11,22.52,66.45
73.39,73.39,54.32,28.46,67.55
74.67,74.67,67.12,28.74,68.84
72.49,72.49,69.22,34.65,66.84
74.03,74.03,66.37,41.54,66.53
73.53,73.53,65.26,33.30,64.01
71.88,71.88,65.92,29.39,61.72
71.33,71.33,64.63,23.78,62.98
71.99,71.99,64.43,30.84,63.11
71.99,71.99,64.66,17.86,66.66
71.56,71.56,64.84,28.56,66.71
71.61,71.61,63.72,27.01,67.59
70.06,70.06,63.65,27.07,68.13
68.32,68.32,62.61,30.81,67.73
71.86,71.86,60.39,32.56,65.72
70.92,70.92,60.46,32.93,64.20
68.37,68.37,57.31,21.97,66.45
70.94,70.94,58.43,31.10,67.97
70.42,70.42,62.36,25.75,68.51
71.50,71.50,59.84,27.12,68.71
70.08,70.08,54.74,27.07,69.39
66.76,66.76,47.31,33.71,68.39
71.83,71.83,40.04,29.60,68.21
67.02,67.02,36.68,33.22,67.65
68.35,68.35,33.60,31.47,67.43
69.70,69.70,34.98,33.65,65.85
67.12,67.12,29.68,31.22,67.55
68.62,68.62,31.55,39.79,67.47
70.73,70.73,33.82,35.99,69.54
70.39,70.39,33.93,28.20,66.71
70.97,70.97,32.50,29.98,65.37
68.88,68.88,36.43,24.30,64.98
66.12,66.12,47.24,28.32,65.60
66.85,66.85,51.61,35.85,64.76
67.38,67.38,66.61,36.70,65.14
68.88,68.88,65.22,33.17,64.30
69.12,69.12,64.97,35.46,64.91
69.38,69.38,62.13,30.33,65.24
66.49,66.49,59.08,18.23,64.06
69.96,69.96,55.12,20.20,63.79
71.75,71.75,49.38,26.59,62.88
71.84,71.84,43.65,22.31,59.60
72.20,72.20,39.77,24.50,62.66
70.49,70.49,41.79,24.85,63.71
70.95,70.95,47.71,28.31,60.93
71.61,71.61,52.80,26.80,61.10
69.52,69.52,54.88,23.44,61.19
67.50,67.50,54.26,26.82,60.78
69.96,69.96,53.46,25.20,58.78
71.92,71.92,52.74,32.01,60.36
71.68,71.68,66.74,36.12,61.94
77.69,77.69,62.33,36.16,61.19
74.61,74.61,55.95,36.53,64.48
72.85,72.85,49.36,29.97,62.84
73.86,73.86,41.24,20.31,67.63
74.14,74.14,31.85,19.77,68.77
77.25,77.25,27.49,22.01,69.15
78.04,78.04,25.03,14.62,68.76
77.26,77.26,27.57,10.89,71.91
79.76,79.76,32.51,10.55,72.79
77.38,77.38,32.42,20.66,74.40
78.78,78.78,31.80,28.60,77.05
76.85,76.85,28.05,34.34,75.56
76.90,76.90,29.62,35.03,76.64
77.27,77.27,37.56,31.35,75.57
77.43,77.43,43.44,33.55,77.20
77.32,77.32,69.04,25.97,73.09
76.33,76.33,62.85,25.94,75.59
78.50,78.50,56.38,27.48,72.81
78.00,78.00,49.54,28.01,73.04
78.14,78.14,41.09,35.22,74.85
79.20,79.20,34.90,27.47,71.40
82.23,82.23,32.14,27.57,73.22
80.71,80.71,28.05,22.96,72.08
80.26,80.26,30.05,25.87,75.76
80.34,80.34,28.62,34.47,71.88
81.20,81.20,28.93,38.08,74.70
79.36,79.36,30.01,32.44,72.68
79.66,79.66,30.21,32.61,74.95
80.28,80.28,34.80,33.59,73.96
82.00,82.00,39.69,29.86,72.24
79.47,79.47,45.32,31.75,72.62
84.05,84.05,68.37,39.21,69.72
82.49,82.49,62.83,33.19,72.77
80.82,80.82,54.64,28.63,72.94
80.85,80.85,48.23,32.54,76.84
82.14,82.14,37.53,25.45,73.92
84.67,84.67,28.00,30.61,75.62
85.11,85.11,21.37,26.93,75.01
85.25,85.25,21.40,29.65,71.37
85.33,85.33,20.89,33.18,72.91
84.62,84.62,21.18,32.82,71.63
81.18,81.18,22.46,35.61,73.92
81.63,81.63,20.10,32.68,71.53
79.51,79.51,23.89,38.77,74.79
77.02,77.02,31.77,31.63,73.14
80.32,80.32,36.74,35.39,73.61
80.60,80.60,49.68,38.51,71.53
78.95,78.95,68.24,39.57,71.48
77.40,77.40,63.23,36.42,72.15
77.07,77.07,56.83,30.02,70.43
74.91,74.91,50.77,41.64,73.02
73.28,73.28,48.99,31.84,72.87
73.92,73.92,56.44,42.03,75.23
72.28,72.28,60.07,34.37,70.45
71.11,71.11,59.91,31.71,71.55
70.04,70.04,44.38,34.91,69.42
65.87,65.87,35.92,26.47,68.44
65.24,65.24,36.90,34.24,69.36
65.38,65.38,38.03,23.78,69.98
62.35,62.35,41.30,30.56,70.76
62.19,62.19,47.53,36.25,71.91
62.96,62.96,61.43,39.16,73.32
64.39,64.39,68.90,40.97,68.68
63.98,63.98,73.67,34.70,73.32
66.82,66.82,74.12,33.95,69.11
70.83,70.83,73.04,32.44,71.70
77.50,77.50,69.46,36.34,69.53
75.64,75.64,61.87,41.79,70.71
72.85,72.85,56.90,31.69,70.89
78.53,78.53,52.55,42.18,70.31
76.83,76.83,48.26,36.95,70.57
78.73,78.73,45.90,34.48,70.20
79.76,79.76,44.96,39.76,70.97
78.81,78.81,43.92,39.89,71.46
79.61,79.61,40.78,34.26,72.45
77.50,77.50,39.96,34.79,71.63
74.10,74.10,38.73,31.39,69.52
73.74,73.74,41.72,39.67,69.05
73.74,73.74,52.58,37.11,68.30
74.34,74.34,69.33,39.45,68.43
74.44,74.44,62.66,32.38,68.71
75.30,75.30,54.37,34.06,63.92
74.39,74.39,47.79,42.84,63.19
73.37,73.37,43.10,43.57,64.32
73.65,73.65,37.96,39.67,67.55
75.99,75.99,28.38,34.46,68.14
74.16,74.16,24.91,32.83,70.25
74.62,74.62,26.98,36.37,68.75
70.89,70.89,33.29,43.10,65.95
77.11,77.11,46.90,37.91,66.26
74.02,74.02,49.77,33.77,64.51
69.96,69.96,48.13,29.25,66.39
69.51,69.51,46.76,39.94,66.44
69.74,69.74,45.48,29.97,66.04
71.70,71.70,51.46,39.88,65.18
72.95,72.95,58.07,35.99,61.06
72.93,72.93,56.37,37.94,61.16
79.03,79.03,50.20,35.32,60.57
77.74,77.74,44.63,35.28,61.51
74.71,74.71,37.98,35.72,64.64
73.99,73.99,36.20,38.27,66.90
75.85,75.85,29.70,36.30,67.63
74.47,74.47,24.62,34.08,64.28
75.63,75.63,22.54,36.90,64.85
73.10,73.10,21.72,40.75,69.91
74.11,74.11,19.56,48.44,66.88
73.70,73.70,21.45,36.30,66.89
75.92,75.92,29.65,37.49,64.49
68.98,68.98,38.46,36.76,65.89
72.18,72.18,50.16,33.44,63.90
70.93,70.93,63.01,32.62,62.37
68.99,68.99,65.95,34.69,61.91
71.58,71.58,63.23,31.22,63.09
75.99,75.99,62.51,29.00,61.67
75.16,75.16,59.10,37.88,61.22
72.28,72.28,55.58,37.60,60.89
74.24,74.24,51.21,34.56,62.41
73.98,73.98,45.72,36.70,62.89
74.10,74.10,40.30,39.77,60.62
70.04,70.04,40.26,29.15,62.13
71.23,71.23,45.53,29.97,63.11
72.79,72.79,48.85,32.05,64.82
72.65,72.65,52.53,29.04,64.76
69.01,69.01,50.67,29.48,63.31
67.93,67.93,51.00,32.84,62.99
66.48,66.48,50.46,37.40,62.92
68.40,68.40,58.75,40.57,63.56
65.55,65.55,63.07,30.47,62.79
71.87,71.87,56.57,31.83,66.97
73.14,73.14,49.04,34.69,64.92
74.83,74.83,42.19,32.82,66.41
73.59,73.59,36.48,33.20,66.36
74.48,74.48,31.35,27.64,64.77
76.77,76.77,30.85,22.13,67.48
77.55,77.55,30.69,24.29,65.93
77.47,77.47,30.00,30.13,68.34
75.42,75.42,29.43,35.53,64.05
76.73,76.73,28.99,34.40,64.14
74.16,74.16,32.63,38.60,68.41
75.68,75.68,36.18,33.42,66.07
76.60,76.60,42.62,24.65,63.32
74.80,74.80,45.75,26.46,63.16
73.68,73.68,61.97,40.38,65.29
70.90,70.90,66.25,32.44,64.72
69.81,69.81,60.02,37.33,67.90
67.59,67.59,53.15,34.86,69.80
67.10,67.10,45.24,31.82,64.94
68.27,68.27,36.19,27.92,66.00
66.28,66.28,30.93,32.96,62.89
69.36,69.36,31.28,32.88,66.63
73.98,73.98,38.98,34.85,67.73
71.89,71.89,54.55,33.07,66.52
71.14,71.14,62.23,35.10,68.67
71.19,71.19,62.29,31.38,63.55
68.25,68.25,60.57,37.99,61.51
64.94,64.94,54.20,36.02,59.32
67.11,67.11,48.98,34.07,65.64
64.30,64.30,50.08,34.07,64.46
68.43,68.43,63.09,35.55,63.50
69.31,69.31,65.12,29.50,63.88
71.32,71.32,59.39,33.07,62.31
75.34,75.34,53.63,40.29,63.34
75.15,75.15,44.55,38.60,64.24
75.69,75.69,39.57,33.88,63.85
77.68,77.68,34.37,30.46,65.82
76.85,76.85,31.17,34.85,64.36
76.31,76.31,29.90,44.43,66.12
74.77,74.77,32.17,33.98,65.37
73.47,73.47,32.63,46.44,65.63
73.05,73.05,32.70,38.08,64.87
76.63,76.63,30.09,37.84,65.15
76.63,76.63,37.53,40.10,65.03
74.81,74.81,42.50,41.47,61.53
74.31,74.31,49.04,31.02,62.90
72.92,72.92,64.40,38.68,63.75
76.55,76.55,66.07,35.61,61.09
75.87,75.87,60.12,44.39,66.02
75.21,75.21,52.56,41.38,65.56
74.91,74.91,45.82,40.90,64.78
75.14,75.14,36.10,41.93,65.37
76.31,76.31,31.44,39.24,64.52
75.97,75.97,32.10,41.70,62.16
76.44,76.44,29.69,34.51,59.95
74.15,74.15,32.84,37.79,60.36
71.56,71.56,36.22,41.23,60.22
73.14,73.14,33.36,38.47,63.42
73.50,73.50,33.44,36.99,61.61
74.05,74.05,42.28,36.07,63.97
72.73,72.73,55.27,41.48,61.94
68.99,68.99,63.57,37.28,61.47
71.13,71.13,73.17,33.14,62.79
68.38,68.38,73.77,34.55,63.61
68.02,68.02,76.44,40.82,63.34
68.80,68.80,72.87,34.89,63.94
65.82,65.82,68.29,27.37,64.80
68.23,68.23,62.08,33.89,63.79
67.89,67.89,58.04,37.70,63.34
66.51,66.51,53.85,34.41,64.18
64.26,64.26,51.76,34.07,65.54
64.65,64.65,45.67,30.36,67.25
64.97,64.97,44.55,29.27,65.18
66.81,66.81,40.62,34.02,64.15
67.94,67.94,41.38,31.09,65.81
67.67,67.67,43.05,41.24,65.90
70.12,70.12,47.22,33.16,67.42
64.47,64.47,49.24,37.10,66.18
66.55,66.55,68.48,38.06,64.29
67.51,67.51,67.90,21.39,65.12
65.78,65.78,68.02,36.73,64.85
65.85,65.85,65.54,26.17,65.74
60.97,60.97,65.89,17.75,66.68
66.05,66.05,65.46,27.71,65.86
66.61,66.61,65.08,20.09,65.15
62.94,62.94,65.04,11.15,65.67
59.42,59.42,64.28,22.81,62.82
59.65,59.65,63.82,29.72,66.68
63.13,63.13,64.01,19.44,64.03
60.03,60.03,63.26,14.16,64.80
58.40,58.40,62.27,16.05,64.58
57.86,57.86,61.28,19.95,63.82
59.47,59.47,59.89,22.24,65.94
58.57,58.57,60.24,21.46,65.56
60.27,60.27,61.11,23.41,67.39
60.71,60.71,59.87,22.57,66.54
58.38,58.38,54.36,25.91,63.59
59.85,59.85,46.64,21.68,66.97
60.62,60.62,40.51,22.63,69.13
63.57,63.57,34.60,30.57,68.37
60.00,60.00,35.58,24.86,67.72
62.01,62.01,39.26,34.64,68.37
60.93,60.93,32.13,30.47,68.72
61.56,61.56,34.07,19.00,68.69
60.62,60.62,31.47,19.84,68.33
62.17,62.17,32.29,24.04,69.15
62.33,62.33,37.59,27.07,67.15
62.54,62.54,38.61,28.36,66.93
64.91,64.91,44.93,23.07,67.85
63.75,63.75,50.55,33.32,63.48
63.23,63.23,67.83,25.82,64.67
62.01,62.01,63.41,34.50,64.62
65.33,65.33,55.47,15.16,67.28
66.88,66.88,48.48,28.65,67.95
65.28,65.28,41.65,23.97,63.30
68.33,68.33,34.09,29.06,64.58
62.67,62.67,27.31,28.52,64.01
61.29,61.29,26.75,23.02,64.91
62.55,62.55,28.29,35.25,64.57
62.44,62.44,31.44,26.08,65.35
61.63,61.63,43.30,26.59,63.58
64.95,64.95,53.01,26.51,64.42
67.41,67.41,60.29,24.17,61.65
68.49,68.49,62.21,27.60,63.01
65.97,65.97,55.93,26.83,60.16
68.96,68.96,56.13,31.14,61.66
72.84,72.84,64.86,21.68,57.82
71.49,71.49,59.24,25.80,61.53
76.27,76.27,52.03,23.01,64.06
71.28,71.28,47.46,31.04,67.11
72.30,72.30,42.24,22.92,68.45
74.62,74.62,39.64,25.35,67.20
77.32,77.32,40.02,26.02,68.99
75.84,75.84,35.86,28.78,70.24
72.47,72.47,36.84,21.79,72.29
69.98,69.98,36.50,28.28,71.72
67.08,67.08,33.18,28.01,72.79
65.59,65.59,29.76,26.08,73.25
66.81,66.81,32.50,30.53,73.69
70.92,70.92,36.18,20.53,71.76
70.23,70.23,40.40,26.19,69.90
76.07,76.07,51.67,24.61,73.60
76.95,76.95,69.62,25.44,73.23
75.46,75.46,63.61,29.88,71.16
75.53,75.53,56.49,37.59,70.53
76.57,76.57,49.01,21.45,69.40
78.94,78.94,40.49,30.83,71.00
80.65,80.65,35.39,31.42,68.42
77.19,77.19,34.67,33.70,71.95
78.33,78.33,33.69,33.59,72.70
76.05,76.05,33.71,34.53,73.52
74.52,74.52,28.12,34.75,72.66
73.02,73.02,30.99,38.30,74.35
73.54,73.54,29.12,36.79,71.78
72.39,72.39,38.10,33.46,71.78
77.00,77.00,49.58,29.55,71.60
72.92,72.92,55.54,22.13,72.24
70.33,70.33,59.73,31.15,72.18
69.58,69.58,65.23,22.85,73.69
68.19,68.19,58.27,19.22,75.04
70.13,70.13,52.15,17.55,74.25
75.57,75.57,44.40,11.45,72.24
79.58,79.58,38.27,26.28,72.75
74.97,74.97,35.67,28.86,70.76
72.58,72.58,34.24,25.25,68.02
75.64,75.64,30.86,29.91,65.89
75.41,75.41,29.37,20.37,68.05
75.75,75.75,25.74,24.60,66.41
77.19,77.19,26.99,27.59,69.63
73.66,73.66,28.36,20.30,70.45
75.14,75.14,33.01,32.93,69.45
77.33,77.33,38.66,27.87,71.06
74.81,74.81,47.16,32.36,67.20
75.78,75.78,59.94,37.82,68.42
76.38,76.38,68.79,32.20,64.45
78.17,78.17,62.37,36.82,64.86
76.74,76.74,54.61,41.20,65.86
75.23,75.23,49.52,31.57,66.73
77.16,77.16,43.81,38.80,66.11
77.13,77.13,42.95,35.09,67.81
75.07,75.07,41.49,26.40,67.81
76.65,76.65,33.56,32.61,64.78
74.99,74.99,33.11,32.02,66.73
75.77,75.77,31.52,20.13,64.92
74.36,74.36,30.63,30.97,64.05
74.02,74.02,28.77,18.74,65.08
74.49,74.49,36.01,31.75,67.34
73.59,73.59,52.41,26.83,65.32
70.18,70.18,62.11,33.35,67.64
69.82,69.82,70.11,27.81,66.71
67.71,67.71,73.42,26.51,66.51
69.30,69.30,75.72,18.17,65.80
76.04,76.04,74.30,29.92,70.09
74.24,74.24,68.62,32.68,71.75
71.52,71.52,62.67,30.70,72.45
74.44,74.44,54.87,28.50,74.19
78.71,78.71,48.14,33.97,71.67
73.83,73.83,43.21,38.58,74.14
78.65,78.65,35.69,29.01,75.12
78.73,78.73,32.50,29.26,75.65
77.36,77.36,33.91,33.44,77.80
77.82,77.82,32.04,35.93,77.89
77.76,77.76,32.50,32.06,77.98
77.67,77.67,39.20,33.58,78.11
75.46,75.46,45.05,30.30,77.56
73.45,73.45,60.86,39.25,78.70
74.66,74.66,70.03,29.07,79.43
79.01,79.01,66.70,35.24,80.10
76.08,76.08,64.67,36.16,80.49
78.16,78.16,61.37,37.72,80.67
76.38,76.38,58.27,38.89,80.00
75.28,75.28,53.85,36.18,78.25
76.19,76.19,46.64,35.52,79.05
74.08,74.08,39.08,41.90,79.71
73.99,73.99,36.79,32.60,78.39
73.39,73.39,33.76,44.26,80.44
73.31,73.31,38.62,41.52,80.42
73.62,73.62,37.86,45.06,81.02
75.25,75.25,32.79,40.12,81.30
76.51,76.51,31.38,43.08,80.91
73.49,73.49,39.75,38.88,79.77
72.85,72.85,56.33,51.24,79.07
71.25,71.25,67.11,43.21,79.21
73.26,73.26,60.41,33.33,79.69
73.92,73.92,54.29,42.10,79.05
73.76,73.76,48.71,48.39,79.19
74.76,74.76,45.31,41.15,79.64
75.24,75.24,43.72,37.33,78.24
74.16,74.16,41.39,31.19,77.72
71.39,71.39,40.77,49.96,77.22
73.07,73.07,40.24,44.07,77.55
73.81,73.81,38.49,45.82,77.74
70.10,70.10,36.23,36.17,77.72
70.63,70.63,31.77,39.85,78.40
68.57,68.57,34.50,40.28,78.62
72.46,72.46,44.40,47.27,77.54
70.11,70.11,50.97,38.70,76.61
69.20,69.20,61.17,28.60,76.65
72.26,72.26,64.14,38.64,74.65
76.65,76.65,57.77,36.41,74.52
73.33,73.33,50.67,30.17,74.65
73.04,73.04,43.68,31.51,75.54
71.08,71.08,38.77,34.40,75.92
71.41,71.41,34.76,33.46,75.39
74.75,74.75,38.75,29.36,75.34
75.31,75.31,46.59,34.19,75.96
71.26,71.26,53.33,31.27,76.63
69.87,69.87,54.50,22.22,76.70
70.72,70.72,55.04,37.60,77.12
71.39,71.39,53.17,35.23,77.18
68.12,68.12,51.05,41.61,76.90
69.68,69.68,50.09,40.04,76.02
68.63,68.63,52.56,32.19,76.62
70.78,70.78,63.19,41.90,76.45
67.30,67.30,64.93,32.21,73.99
76.20,76.20,58.79,20.48,73.45
74.00,74.00,52.71,34.45,73.25
71.90,71.90,46.48,30.54,73.78
73.07,73.07,40.70,30.12,73.78
74.29,74.29,32.73,21.77,75.24
76.18,76.18,29.48,24.50,75.55
74.58,74.58,34.82,30.82,75.10
77.15,77.15,36.00,37.51,75.69
76.85,76.85,32.08,24.69,75.96
77.90,77.90,32.90,30.81,76.33
76.47,76.47,33.01,32.16,75.28
78.17,78.17,37.41,40.76,76.05
80.34,80.34,43.02,28.68,76.69
76.72,76.72,50.52,34.94,76.89
73.91,73.91,66.19,41.71,77.14
75.09,75.09,67.59,35.70,77.63
77.15,77.15,59.88,29.76,77.64
77.34,77.34,53.28,41.51,77.14
77.97,77.97,45.36,34.05,76.79
80.45,80.45,37.86,36.05,75.67
76.61,76.61,32.34,28.70,75.23
75.83,75.83,35.85,35.24,73.33
79.11,79.11,34.85,35.63,73.62
76.68,76.68,38.40,42.13,73.11
75.79,75.79,46.62,28.19,72.76
77.01,77.01,50.24,42.29,72.54
76.72,76.72,50.21,28.72,73.54
70.13,70.13,46.69,28.92,73.47
72.49,72.49,43.23,34.89,73.65
75.16,75.16,45.75,39.26,73.66
74.00,74.00,58.05,28.05,73.16
77.57,77.57,59.01,28.65,72.95
78.10,78.10,55.22,24.36,73.71
76.58,76.58,48.10,41.81,74.50
75.95,75.95,40.69,40.53,73.49
75.07,75.07,35.58,41.25,71.50
73.74,73.74,31.28,42.27,71.57
76.23,76.23,32.12,37.60,71.00
74.12,74.12,31.71,39.18,70.19
75.93,75.93,29.47,30.32,70.56
75.07,75.07,27.09,23.93,68.03
76.95,76.95,27.61,17.64,68.62
77.43,77.43,29.82,36.40,67.57
77.17,77.17,33.95,30.48,62.93
75.78,75.78,42.02,25.76,61.50
75.89,75.89,52.06,33.33,62.57
75.19,75.19,69.21,28.91,61.97
75.27,75.27,65.75,34.09,66.68
75.62,75.62,59.25,26.89,69.37
72.84,72.84,53.13,24.61,68.45
74.19,74.19,44.30,36.45,69.90
75.36,75.36,36.48,34.96,71.21
74.46,74.46,28.32,41.20,67.55
72.60,72.60,26.19,39.60,68.07
74.33,74.33,24.67,37.25,69.36
73.27,73.27,22.14,31.31,69.78
71.93,71.93,19.02,30.29,65.78
73.25,73.25,20.95,42.24,61.71
70.98,70.98,20.94,31.95,63.64
72.24,72.24,22.72,32.03,67.90
69.96,69.96,33.34,36.64,69.13
72.66,72.66,45.64,43.52,69.18
68.94,68.94,59.20,34.11,68.40
70.74,70.74,60.20,25.56,68.48
71.10,71.10,64.22,29.93,68.82
68.42,68.42,66.65,31.22,68.95
73.76,73.76,68.67,29.80,67.92
70.82,70.82,69.26,27.99,67.95
76.46,76.46,70.21,28.28,69.24
71.74,71.74,69.83,29.29,67.91
73.28,73.28,69.74,18.80,70.11
76.37,76.37,69.23,23.05,69.61
72.65,72.65,69.29,28.27,70.23
74.20,74.20,67.26,25.31,69.45
74.45,74.45,65.79,26.69,70.38
74.48,74.48,65.60,25.94,69.18
73.56,73.56,65.23,25.78,68.30
72.16,72.16,64.03,25.25,67.99
75.70,75.70,62.22,29.73,66.22
74.04,74.04,62.44,28.89,64.47
76.13,76.13,62.00,28.04,60.57
71.29,71.29,59.71,28.82,62.43
70.79,70.79,58.07,29.21,62.82
72.08,72.08,58.67,28.71,63.30
71.52,71.52,59.57,35.19,64.33
70.24,70.24,59.68,31.41,62.60
72.81,72.81,60.96,32.49,61.63
71.90,71.90,59.72,29.54,57.41
69.50,69.50,56.27,26.93,58.89
69.86,69.86,57.59,30.95,59.43
69.32,69.32,58.24,33.52,62.69
69.72,69.72,58.35,32.18,64.11
69.45,69.45,61.19,36.08,62.32
65.91,65.91,54.17,33.55,61.13
68.10,68.10,52.98,36.54,65.09
70.30,70.30,52.39,31.67,65.17
66.84,66.84,51.77,35.39,64.81
66.19,66.19,51.18,36.38,59.60
68.23,68.23,51.45,32.58,62.64
64.64,64.64,47.23,37.15,59.86
65.31,65.31,48.50,37.02,61.19
66.28,66.28,49.91,37.39,60.76
68.11,68.11,50.36,36.93,60.31
64.23,64.23,51.54,39.37,64.39
65.53,65.53,50.21,39.54,60.35
62.77,62.77,50.97,38.78,60.69
63.31,63.31,51.62,41.32,64.22
63.76,63.76,50.90,34.32,65.05
62.63,62.63,50.70,39.60,68.67
60.79,60.79,51.31,32.55,65.37
64.59,64.59,52.72,33.63,68.18
61.95,61.95,51.76,35.54,70.36
63.35,63.35,49.13,41.87,72.98
63.93,63.93,53.44,35.50,71.71
63.68,63.68,53.70,35.19,64.68
61.15,61.15,52.24,35.69,63.53
62.98,62.98,49.20,41.85,62.05
62.25,62.25,53.29,36.72,66.04
64.86,64.86,52.27,42.17,68.47
61.75,61.75,51.76,40.43,68.84
63.94,63.94,50.77,39.39,66.88
65.06,65.06,47.75,37.56,67.71
64.42,64.42,45.63,35.25,67.28
66.72,66.72,48.59,40.08,68.18
67.79,67.79,50.75,37.48,67.61
68.64,68.64,52.86,35.49,67.77
65.18,65.18,53.68,40.11,70.00
67.79,67.79,52.84,40.92,69.83
65.25,65.25,50.99,38.50,70.80
65.44,65.44,47.16,36.98,71.05
68.05,68.05,45.28,37.01,70.86
67.32,67.32,42.00,47.58,67.97
68.50,68.50,42.85,55.57,68.41
67.03,67.03,43.45,59.92,67.27
65.79,65.79,43.29,61.03,67.47
65.54,65.54,45.98,68.03,67.23
65.94,65.94,47.87,66.96,67.36
68.18,68.18,48.59,66.12,66.75
71.23,71.23,45.51,59.93,65.16
72.56,72.56,40.87,61.37,62.76
74.14,74.14,41.64,56.93,60.44
74.15,74.15,46.04,37.38,51.25
81.55,81.55,58.72,36.68,58.09
85.35,85.35,58.28,32.09,60.37
85.91,85.91,56.45,32.94,61.67
81.19,81.19,52.67,34.64,57.88
83.95,83.95,49.37,32.84,54.38
82.51,82.51,45.79,31.44,56.18
81.62,81.62,45.99,35.25,62.89
81.83,81.83,42.55,30.19,58.54
82.96,82.96,40.23,31.98,54.54
83.70,83.70,39.55,30.59,57.35
82.75,82.75,38.99,29.95,59.45
81.91,81.91,39.51,31.04,59.56
80.82,80.82,38.52,32.13,53.67
82.73,82.73,38.71,30.86,54.17
82.31,82.31,40.08,28.23,54.03
79.07,79.07,38.97,32.77,54.09
78.43,78.43,39.45,27.52,55.51
79.35,79.35,40.02,30.50,58.01
78.17,78.17,38.69,33.81,56.16
81.60,81.60,38.55,34.91,56.02
81.57,81.57,36.45,27.17,57.86
80.83,80.83,35.83,26.07,54.28
81.03,81.03,37.88,25.14,53.17
80.44,80.44,37.33,26.56,52.28
84.29,84.29,36.14,26.56,56.66
81.88,81.88,36.12,29.21,57.65
81.46,81.46,37.52,27.22,57.16
80.63,80.63,35.87,26.66,54.47
78.44,78.44,32.77,29.95,54.05
79.78,79.78,32.40,25.79,55.70
80.04,80.04,33.41,23.89,55.38
80.48,80.48,36.70,25.50,54.75
79.94,79.94,40.32,23.71,54.15
79.91,79.91,37.46,24.82,53.47
82.10,82.10,37.78,26.84,53.42
81.59,81.59,38.58,21.32,51.92
80.64,80.64,39.54,21.31,52.66
79.17,79.17,39.04,24.88,50.51
79.37,79.37,40.33,24.93,52.19
75.93,75.93,37.46,29.12,54.05
75.97,75.97,34.29,26.56,54.15
71.66,71.66,31.77,23.66,51.94
72.36,72.36,33.11,25.62,52.47
74.58,74.58,38.29,22.30,53.75
74.28,74.28,44.22,33.86,53.57
77.84,77.84,45.93,37.29,51.88
78.10,78.10,48.22,32.75,50.75
82.22,82.22,45.93,34.18,49.37
83.41,83.41,46.33,29.39,49.68
87.02,87.02,44.48,25.87,51.15
84.62,84.62,41.72,27.26,54.17
83.58,83.58,41.48,26.95,54.22
82.82,82.82,40.03,26.66,56.87
81.32,81.32,41.97,25.37,59.18
80.69,80.69,43.64,26.61,57.19
83.60,83.60,41.25,32.67,57.27
81.61,81.61,41.37,27.62,56.63
78.12,78.12,36.93,25.68,56.74
73.81,73.81,33.24,24.21,56.96
75.31,75.31,34.58,21.47,57.37
77.73,77.73,37.61,24.32,57.36
74.50,74.50,37.87,21.99,54.16
73.34,73.34,36.69,24.37,48.73
73.10,73.10,39.01,35.06,46.05
81.84,81.84,40.79,28.03,45.39
80.85,80.85,40.89,26.68,43.75
80.62,80.62,40.94,28.66,44.17
76.53,76.53,38.11,21.38,44.27
76.83,76.83,38.78,26.56,43.17
79.73,79.73,42.19,22.80,42.58
79.76,79.76,45.22,23.65,42.74
77.44,77.44,48.57,26.31,44.18
78.72,78.72,52.62,24.14,45.45
77.62,77.62,51.48,23.66,46.96
79.06,79.06,47.25,24.14,47.82
80.87,80.87,41.88,22.32,48.57
83.23,83.23,37.37,18.91,45.79
82.09,82.09,34.63,16.32,48.42
77.58,77.58,33.43,23.30,49.80
79.87,79.87,35.25,25.47,45.89
80.62,80.62,36.73,31.22,47.13
80.91,80.91,38.10,31.64,48.31
81.81,81.81,39.16,24.54,46.85
80.93,80.93,39.94,25.82,48.02
81.70,81.70,40.01,25.75,46.38
81.05,81.05,37.54,22.06,47.35
79.72,79.72,38.71,21.95,49.52
77.77,77.77,38.84,17.09,51.06
79.25,79.25,38.33,22.04,53.17
79.08,79.08,38.09,23.64,52.76
81.27,81.27,35.38,18.50,49.03
78.41,78.41,35.44,23.60,48.03
77.13,77.13,34.11,21.51,46.47
75.01,75.01,32.57,21.09,45.78
75.04,75.04,32.89,21.64,44.08
74.72,74.72,34.40,21.30,44.55
77.32,77.32,35.63,19.43,45.52
79.21,79.21,34.33,21.12,46.22
77.24,77.24,36.87,18.54,45.65
77.07,77.07,35.83,23.08,42.86
76.14,76.14,37.05,24.39,43.10
73.02,73.02,36.50,16.38,44.97
72.42,72.42,46.81,17.26,47.28
74.43,74.43,47.33,21.75,46.36
75.30,75.30,46.43,23.28,42.30
75.97,75.97,40.87,16.35,41.36
74.35,74.35,39.39,16.51,42.04
76.02,76.02,44.68,23.65,44.55
77.20,77.20,56.25,39.43,49.52
75.63,75.63,62.78,52.65,46.31
72.20,72.20,71.39,63.65,40.63
68.48,68.48,85.02,82.95,32.50
56.63,56.63,89.35,85.40,26.27
56.25,56.25,86.05,79.16,25.55
60.37,60.37,81.67,79.24,29.27
65.24,65.24,68.23,75.40,32.65
70.64,70.64,71.11,78.14,35.49
76.77,76.77,77.72,87.58,39.78
79.68,79.68,74.18,89.62,44.07
81.93,81.93,68.46,89.24,47.82
83.41,83.41,62.68,88.72,49.89
82.21,82.21,60.54,88.20,51.82
77.17,77.17,53.81,88.74,53.60
80.07,80.07,52.52,88.20,55.70
83.42,83.42,52.84,87.08,57.90
82.49,82.49,54.03,86.20,56.85
78.20,78.20,56.10,84.70,58.64
80.50,80.50,60.65,86.99,57.46
83.00,83.00,65.89,87.97,59.18
81.25,81.25,59.16,88.21,58.03
79.66,79.66,54.36,87.84,58.83
82.65,82.65,53.28,86.07,57.79
84.58,84.58,51.28,87.69,60.32
84.69,84.69,49.71,88.62,60.49
80.67,80.67,49.42,89.47,58.26
76.53,76.53,49.19,89.80,55.89
75.68,75.68,48.22,89.52,55.22
79.71,79.71,46.61,88.95,55.82
79.30,79.30,46.05,90.84,56.24
81.94,81.94,47.89,90.29,55.26
79.19,79.19,48.87,90.26,55.19
77.65,77.65,52.44,90.57,54.07
76.86,76.86,54.31,90.37,53.11
75.13,75.13,67.23,89.81,52.12
72.90,72.90,62.36,91.06,55.05
74.50,74.50,57.88,91.01,54.94
75.33,75.33,53.97,90.87,58.34
71.44,71.44,52.54,90.40,59.54
77.76,77.76,48.53,89.23,57.32
80.48,80.48,47.61,89.41,57.58
80.63,80.63,47.01,90.57,56.19
77.23,77.23,47.15,90.27,56.68
76.39,76.39,45.90,89.59,58.92
72.19,72.19,46.54,89.68,56.27
69.30,69.30,48.74,89.19,55.35
70.28,70.28,51.02,89.12,56.72
72.46,72.46,50.82,89.23,55.51
69.12,69.12,52.43,88.31,54.07
68.25,68.25,53.03,86.80,55.18
69.02,69.02,64.93,84.84,54.35
72.53,72.53,77.11,83.61,54.13
66.62,66.62,75.02,86.09,54.64
70.24,70.24,73.94,86.39,55.57
71.81,71.81,73.84,87.08,55.96
71.52,71.52,72.10,85.77,54.65
70.34,70.34,71.50,83.73,55.53
67.29,67.29,71.71,84.35,53.87
66.63,66.63,70.76,85.32,53.81
66.19,66.19,70.14,86.83,52.95
66.56,66.56,69.16,86.60,52.74
68.36,68.36,68.61,86.50,54.28
67.69,67.69,68.59,85.89,53.27
70.44,70.44,68.18,86.52,51.82
65.59,65.59,67.83,85.89,50.80
62.48,62.48,69.99,86.91,52.39
66.27,66.27,85.75,85.55,59.40
70.98,70.98,81.01,86.47,57.92
73.61,73.61,76.35,85.41,58.08
77.58,77.58,69.45,86.16,59.48
80.42,80.42,63.48,84.15,61.94
78.70,78.70,60.87,86.00,61.29
78.58,78.58,57.68,87.14,61.38
81.29,81.29,56.62,86.94,61.22
79.68,79.68,56.44,85.95,62.00
79.75,79.75,55.41,87.11,62.64
81.77,81.77,53.25,85.87,63.29
82.91,82.91,53.73,86.50,63.91
80.51,80.51,53.93,87.13,62.70
79.36,79.36,55.03,87.04,62.16
78.71,78.71,55.67,87.06,62.12
77.21,77.21,58.33,85.73,60.84
77.24,77.24,64.70,85.96,61.20
79.29,79.29,65.59,85.82,61.96
79.49,79.49,57.61,86.32,63.56
79.62,79.62,53.09,86.50,61.82
81.92,81.92,51.78,86.59,63.21
80.64,80.64,52.12,85.58,60.83
79.64,79.64,51.07,85.82,60.46
79.61,79.61,51.96,84.93,59.76
76.92,76.92,50.82,85.74,60.77
78.10,78.10,50.31,85.87,60.10
77.80,77.80,47.82,85.72,59.39
76.94,76.94,49.03,84.47,58.13
77.95,77.95,52.02,84.29,57.98
78.37,78.37,64.15,84.71,56.18
75.87,75.87,70.39,83.84,55.04
71.50,71.50,77.26,82.62,55.18
65.01,65.01,90.20,83.58,49.21
58.29,58.29,89.13,80.95,44.25
53.36,53.36,84.41,79.94,47.14
52.72,52.72,74.11,70.74,51.74
55.24,55.24,68.26,73.17,57.27
57.72,57.72,79.10,83.14,60.69
60.86,60.86,79.72,87.73,57.33
59.24,59.24,76.10,88.59,60.99
61.21,61.21,73.32,88.63,60.21
60.24,60.24,69.87,87.61,61.72
59.59,59.59,68.58,86.59,59.04
60.86,60.86,65.92,87.34,60.56
61.21,61.21,62.49,87.29,60.96
63.28,63.28,60.02,86.97,60.91
67.96,67.96,55.57,86.17,62.10
67.87,67.87,54.00,86.34,61.40
66.18,66.18,65.74,85.70,61.75
65.48,65.48,62.61,87.59,61.79
65.59,65.59,57.20,88.68,61.19
66.43,66.43,55.78,89.12,60.81
65.68,65.68,55.31,88.46,60.88
67.81,67.81,55.04,88.83,59.94
68.11,68.11,51.39,89.29,61.18
68.45,68.45,50.33,89.56,61.50
65.14,65.14,47.67,90.35,61.29
63.34,63.34,44.86,90.71,61.66
62.95,62.95,41.10,89.21,61.39
64.14,64.14,42.27,90.34,59.75
65.69,65.69,44.65,91.12,58.73
64.27,64.27,49.24,91.29,58.65
66.83,66.83,51.92,91.44,56.22
68.98,68.98,65.09,91.22,54.75
82.41,82.41,66.68,89.24,54.43
82.38,82.38,59.33,90.76,54.54
84.67,84.67,54.89,90.73,54.40
85.43,85.43,57.81,90.60,58.04
84.77,84.77,60.46,90.61,54.73
84.71,84.71,56.03,90.22,55.71
84.73,84.73,52.96,89.29,58.79
82.62,82.62,54.95,90.11,57.01
77.81,77.81,64.21,90.19,58.24
79.70,79.70,59.33,89.78,57.64
80.70,80.70,51.40,89.15,57.31
78.16,78.16,43.89,88.47,54.93
72.84,72.84,51.82,87.29,52.43
70.54,70.54,65.13,88.75,51.54
68.43,68.43,75.15,87.72,49.73
63.93,63.93,84.23,81.36,49.47
58.67,58.67,90.22,81.40,46.61
54.50,54.50,89.98,79.65,43.68
56.03,56.03,81.83,77.26,41.96
59.96,59.96,74.31,71.98,40.67
62.19,62.19,69.65,72.72,40.01
67.02,67.02,78.71,86.47,40.86
71.22,71.22,74.05,89.83,40.11
71.70,71.70,60.58,88.28,40.56
72.92,72.92,59.03,88.74,42.81
73.86,73.86,51.44,89.23,45.84
75.86,75.86,45.30,88.57,48.21
77.99,77.99,44.82,88.23,49.70
77.15,77.15,49.40,87.85,48.10
75.94,75.94,62.42,85.58,47.85
75.54,75.54,72.36,87.17,44.64
69.26,69.26,84.41,83.90,47.30
54.64,54.64,90.02,83.08,45.79
56.00,56.00,89.48,83.04,41.54
58.06,58.06,81.51,76.81,44.93
63.77,63.77,74.38,73.16,51.65
68.04,68.04,66.68,76.02,54.23
72.62,72.62,75.00,87.89,57.90
79.18,79.18,71.13,89.65,53.57
82.06,82.06,61.94,88.91,52.11
79.62,79.62,58.14,89.33,51.96
77.55,77.55,54.77,89.08,49.14
81.54,81.54,49.72,88.51,49.64
83.55,83.55,46.22,87.51,50.80
79.39,79.39,45.10,85.94,52.47
75.41,75.41,46.41,86.27,50.92
76.19,76.19,53.45,87.09,50.97
75.06,75.06,58.44,87.38,51.88
75.01,75.01,74.98,86.66,52.72
78.87,78.87,74.54,85.34,52.50
77.65,77.65,74.32,86.96,51.91
78.03,78.03,72.52,88.08,50.03
77.88,77.88,70.84,89.56,51.32
78.25,78.25,70.91,89.11,47.48
76.13,76.13,70.31,88.14,50.66
76.60,76.60,71.93,88.33,50.64
77.09,77.09,66.96,89.37,50.80
71.26,71.26,66.10,89.54,49.80
66.18,66.18,65.84,89.83,47.73
67.29,67.29,64.77,90.37,48.63
67.80,67.80,63.92,89.64,49.95
68.00,68.00,68.68,89.67,47.66
66.69,66.69,71.05,90.73,45.41
69.77,69.77,79.91,89.96,47.22
74.77,74.77,83.24,89.93,47.29
80.89,80.89,78.81,89.98,49.36
78.64,78.64,74.01,89.34,51.56
83.38,83.38,68.94,89.77,53.73
80.69,80.69,68.74,90.62,51.74
82.86,82.86,67.95,90.66,51.08
79.46,79.46,64.61,90.16,53.66
82.91,82.91,64.91,90.00,52.51
84.60,84.60,63.92,88.76,52.24
80.68,80.68,63.59,89.05,51.19
72.77,72.77,63.91,89.43,50.69
74.27,74.27,63.63,89.57,52.91
71.31,71.31,60.99,88.48,51.62
69.94,69.94,58.36,87.84,51.62
69.86,69.86,58.03,86.72,48.12
75.65,75.65,64.13,85.83,49.02
78.65,78.65,69.61,86.51,49.12
78.09,78.09,61.88,86.58,47.99
75.49,75.49,57.85,85.84,46.96
76.63,76.63,55.82,84.72,45.47
78.82,78.82,55.15,85.43,49.63
79.46,79.46,55.40,86.08,49.87
79.38,79.38,54.86,85.75,50.29
80.35,80.35,52.86,86.37,45.61
79.06,79.06,50.58,85.80,46.83
79.86,79.86,50.53,83.97,48.63
81.45,81.45,49.85,84.04,48.91
82.53,82.53,54.73,84.98,47.39
82.44,82.44,57.98,85.42,47.73
80.65,80.65,61.98,85.72,45.77
81.50,81.50,59.85,85.61,44.95
80.39,80.39,66.83,84.01,46.03
77.72,77.72,65.31,85.21,48.45
78.49,78.49,58.12,85.74,48.35
77.81,77.81,55.95,86.35,51.91
80.46,80.46,54.55,86.83,54.55
79.76,79.76,53.76,86.93,51.07
80.08,80.08,56.26,85.39,51.60
78.23,78.23,54.71,85.09,51.98
77.38,77.38,50.97,86.02,52.72
80.38,80.38,50.75,86.54,50.03
79.43,79.43,50.61,86.84,49.78
75.77,75.77,48.09,86.60,47.75
73.03,73.03,45.32,85.54,45.92
70.70,70.70,43.03,86.37,48.00
70.39,70.39,45.19,86.03,45.98
69.13,69.13,52.94,85.94,47.14
70.79,70.79,61.61,84.32,48.44
73.49,73.49,66.68,86.76,50.66
74.69,74.69,58.44,84.56,47.96
76.27,76.27,53.02,86.89,47.76
75.42,75.42,49.76,86.24,46.80
74.20,74.20,49.47,85.99,50.16
75.94,75.94,51.14,85.46,47.46
75.61,75.61,53.75,85.50,48.85
73.28,73.28,58.89,85.20,51.75
71.95,71.95,59.41,85.93,52.22
71.04,71.04,54.31,85.15,54.88
67.73,67.73,50.29,86.47,54.51
64.63,64.63,48.87,86.51,50.81
66.24,66.24,57.75,85.75,48.85
61.33,61.33,64.84,84.43,46.23
59.47,59.47,68.94,84.46,43.31
61.53,61.53,89.52,76.00,37.92
57.91,57.91,90.27,77.45,34.98
58.60,58.60,89.02,78.58,38.62
62.22,62.22,83.00,76.95,40.97
66.60,66.60,81.70,73.63,43.79
71.55,71.55,80.66,79.35,47.30
72.95,72.95,77.11,90.69,49.80
73.60,73.60,66.97,88.42,50.01
78.35,78.35,60.65,89.90,52.27
79.78,79.78,57.25,91.11,51.38
81.21,81.21,53.52,90.41,52.63
83.11,83.11,54.88,89.67,54.59
83.96,83.96,54.29,90.08,51.92
82.10,82.10,54.64,90.89,50.51
81.69,81.69,56.10,90.00,51.98
81.26,81.26,57.05,89.62,51.11
81.01,81.01,63.54,90.13,49.30
77.99,77.99,66.29,90.26,48.99
75.02,75.02,58.90,89.41,50.48
82.61,82.61,53.66,89.08,48.10
86.37,86.37,50.63,89.69,54.73
86.78,86.78,49.88,88.11,55.20
82.12,82.12,49.39,86.37,52.59
79.47,79.47,46.84,86.97,52.10
79.31,79.31,47.56,89.09,49.96
81.57,81.57,47.64,86.40,49.05
80.21,80.21,45.40,84.85,49.18
74.19,74.19,44.50,85.51,50.38
71.91,71.91,45.66,88.56,49.96
75.83,75.83,48.75,85.77,52.80
78.99,78.99,52.20,84.67,53.85
75.88,75.88,54.38,86.56,49.68
70.47,70.47,68.06,87.53,50.75
76.79,76.79,62.28,86.52,52.36
75.44,75.44,54.27,86.08,51.90
76.64,76.64,50.86,87.51,54.84
74.41,74.41,46.30,87.44,55.14
72.11,72.11,44.41,85.75,53.93
74.89,74.89,43.54,86.38,52.37
73.84,73.84,43.31,89.00,52.48
74.25,74.25,43.68,85.83,54.27
76.77,76.77,44.00,86.12,58.79
78.17,78.17,44.07,86.66,60.06
78.26,78.26,42.16,88.94,62.43
76.16,76.16,43.03,87.43,61.61
68.27,68.27,45.71,87.99,54.97
64.33,64.33,50.13,89.10,49.63
64.01,64.01,55.92,89.17,51.57
65.69,65.69,68.83,88.00,53.09
67.48,67.48,76.81,88.13,51.62
68.52,68.52,75.73,89.47,53.56
68.26,68.26,73.62,88.30,54.86
71.74,71.74,73.43,88.39,55.78
70.56,70.56,72.26,88.79,53.35
70.00,70.00,71.89,89.39,53.21
66.81,66.81,72.47,88.78,53.54
66.74,66.74,70.54,88.58,51.85
67.07,67.07,70.28,90.03,53.77
69.62,69.62,68.40,88.26,54.20
72.32,72.32,69.52,88.14,53.72
69.55,69.55,67.08,88.26,54.69
64.32,64.32,68.60,89.50,47.61
60.50,60.50,68.03,88.45,46.87
63.42,63.42,72.96,88.12,48.59
67.75,67.75,85.60,87.17,48.87
75.38,75.38,81.01,87.42,46.42
81.99,81.99,75.09,87.28,46.71
82.46,82.46,68.69,86.81,51.06
81.12,81.12,63.46,88.51,48.60
79.89,79.89,60.85,87.83,50.19
79.31,79.31,56.90,87.06,52.36
77.73,77.73,53.96,88.63,53.45
77.99,77.99,51.99,87.68,56.66
77.88,77.88,50.51,86.60,54.51
79.56,79.56,49.16,86.21,52.19
80.62,80.62,48.72,87.46,53.04
80.49,80.49,48.38,87.17,52.35
78.29,78.29,49.21,86.32,53.34
82.40,82.40,53.28,86.99,50.91
82.54,82.54,57.71,86.32,52.04
78.70,78.70,66.82,85.76,53.65
77.33,77.33,64.68,86.06,54.16
78.79,78.79,58.09,87.39,52.46
79.17,79.17,51.22,85.83,52.88
79.41,79.41,49.16,85.47,53.38
79.28,79.28,47.95,86.28,53.23
78.90,78.90,46.42,85.99,52.65
77.44,77.44,47.26,85.82,50.99
76.57,76.57,45.59,84.79,51.63
78.02,78.02,45.76,86.36,54.03
77.40,77.40,43.20,85.43,52.68
78.18,78.18,43.72,85.00,53.46
80.80,80.80,49.94,86.08,52.69
77.71,77.71,61.86,85.63,51.13
79.11,79.11,69.56,84.48,51.85
76.85,76.85,79.82,80.78,50.16
66.50,66.50,92.11,81.45,46.75
55.43,55.43,91.42,77.59,46.79
54.04,54.04,86.00,76.10,52.08
56.87,56.87,81.57,75.57,56.23
60.92,60.92,82.89,75.56,60.40
62.11,62.11,82.32,87.94,61.45
64.14,64.14,73.01,87.38,62.60
63.84,63.84,62.25,89.74,61.46
61.64,61.64,60.66,90.89,62.17
59.78,59.78,52.76,91.49,66.26
62.72,62.72,48.44,90.51,63.41
67.46,67.46,43.54,90.23,64.80
64.24,64.24,38.14,91.49,63.40
65.54,65.54,39.76,89.94,65.64
62.58,62.58,45.55,90.30,57.42
63.41,63.41,54.18,89.82,61.54
63.69,63.69,66.53,91.20,64.71
68.45,68.45,62.12,89.43,59.73
65.27,65.27,56.46,88.13,59.86
66.78,66.78,55.08,89.71,59.57
69.45,69.45,52.41,88.64,60.72
67.53,67.53,46.05,85.93,58.97
63.66,63.66,41.42,86.18,57.11
65.51,65.51,37.08,89.35,57.90
63.38,63.38,37.31,87.20,57.92
63.52,63.52,44.39,85.17,54.27
72.18,72.18,52.61,85.90,54.33
74.13,74.13,50.18,88.28,51.99
74.48,74.48,48.37,86.65,53.72
72.72,72.72,46.41,84.97,51.73
73.91,73.91,51.38,86.52,51.02
70.43,70.43,59.91,88.44,50.31
77.42,77.42,62.63,84.84,49.78
80.00,80.00,61.33,85.17,50.58
81.29,81.29,61.75,88.98,50.28
80.23,80.23,61.76,87.23,52.76
79.70,79.70,60.71,85.96,52.06
79.33,79.33,54.99,87.43,52.00
81.06,81.06,54.22,87.39,52.15
80.54,80.54,57.66,86.49,50.42
77.59,77.59,64.74,86.94,50.64
77.16,77.16,59.62,88.04,49.27
75.54,75.54,51.40,89.50,48.76
73.00,73.00,47.31,86.75,49.11
71.36,71.36,54.77,87.75,49.27
69.45,69.45,64.42,88.53,49.78
72.53,72.53,71.94,88.48,48.09
72.40,72.40,83.76,84.33,48.94
57.22,57.22,92.22,82.01,47.04
55.17,55.17,90.60,75.23,46.14
58.50,58.50,84.71,75.44,50.98
60.50,60.50,83.11,75.98,49.71
68.10,68.10,81.31,76.35,48.84
71.08,71.08,81.71,87.70,50.87
74.26,74.26,70.36,89.18,54.53
77.71,77.71,60.54,89.88,49.80
78.14,78.14,58.54,89.99,55.50
77.77,77.77,50.31,90.93,59.79
77.83,77.83,50.85,91.67,59.51
79.47,79.47,50.45,90.16,57.41
79.68,79.68,53.58,89.75,58.91
77.16,77.16,62.71,91.07,56.85
76.29,76.29,71.08,90.06,50.75
69.64,69.64,87.14,80.88,46.08
58.17,58.17,92.32,77.10,40.25
57.58,57.58,87.89,71.38,43.71
57.76,57.76,85.62,72.00,49.46
60.94,60.94,82.03,75.62,52.49
64.66,64.66,83.58,77.34,54.02
68.07,68.07,82.42,86.51,56.80
72.86,72.86,69.15,88.67,58.74
77.00,77.00,64.34,90.43,58.59
80.21,80.21,58.66,89.55,58.71
82.79,82.79,49.68,90.85,60.52
80.29,80.29,47.93,91.61,58.69
80.76,80.76,44.78,90.37,57.40
82.33,82.33,42.17,89.76,57.11
79.79,79.79,43.65,90.39,53.08
77.69,77.69,49.56,91.40,55.22
77.51,77.51,58.90,90.21,52.62
77.17,77.17,75.03,89.89,54.63
79.10,79.10,74.17,90.60,53.16
80.56,80.56,72.73,90.09,51.18
77.26,77.26,70.07,88.23,53.79
78.01,78.01,70.01,87.68,52.30
78.77,78.77,69.50,90.07,52.15
78.34,78.34,68.79,87.25,52.48
77.35,77.35,68.24,86.52,49.81
76.07,76.07,66.53,85.35,49.81
75.77,75.77,64.88,88.99,47.41
74.13,74.13,65.84,84.29,50.12
73.72,73.72,66.37,83.66,51.04
74.17,74.17,65.19,86.59,48.69
75.13,75.13,67.10,86.98,45.46
76.73,76.73,70.47,85.62,44.21
75.90,75.90,82.30,83.18,43.76
75.52,75.52,82.98,88.29,41.87
80.31,80.31,78.07,86.95,45.19
84.00,84.00,74.03,84.49,53.00
85.74,85.74,68.87,86.26,55.50
85.41,85.41,66.96,89.08,55.13
83.20,83.20,64.60,86.99,55.66
83.07,83.07,62.23,85.33,57.64
80.30,80.30,60.87,86.83,55.54
76.70,76.70,59.44,88.37,55.82
73.90,73.90,56.05,86.46,56.92
75.37,75.37,55.34,87.60,59.85
70.45,70.45,52.95,88.37,61.39
69.87,69.87,52.55,89.63,58.50
69.49,69.49,52.70,87.20,55.10
69.40,69.40,57.15,88.48,48.98
75.47,75.47,62.54,89.65,46.25
76.50,76.50,67.18,88.56,44.30
76.40,76.40,59.48,88.67,46.98
77.62,77.62,54.30,88.68,45.25
76.34,76.34,52.44,90.39,47.47
79.86,79.86,49.40,88.70,48.17
77.91,77.91,48.91,88.96,52.14
80.29,80.29,49.18,89.01,53.02
80.31,80.31,47.86,88.87,52.99
81.05,81.05,47.38,88.58,51.89
78.41,78.41,45.50,88.71,50.67
79.02,79.02,47.51,89.50,52.91
82.89,82.89,45.33,88.13,53.11
73.96,73.96,42.17,88.37,51.79
72.97,72.97,45.48,88.18,53.66
69.29,69.29,45.97,88.07,51.94
71.23,71.23,67.47,87.67,51.84
75.57,75.57,63.47,87.46,51.54
76.34,76.34,56.72,88.59,52.92
78.93,78.93,52.00,87.79,52.98
79.28,79.28,48.23,87.69,51.65
79.84,79.84,47.20,87.99,54.68
79.86,79.86,47.47,88.16,55.16
78.90,78.90,45.83,87.32,55.76
77.64,77.64,45.25,87.43,54.11
77.28,77.28,45.25,88.95,53.65
77.79,77.79,42.22,87.68,50.42
75.46,75.46,43.98,87.51,51.28
70.45,70.45,42.13,87.28,52.02
69.38,69.38,46.60,87.96,50.49
70.55,70.55,53.89,87.10,47.34
70.39,70.39,63.81,86.22,48.70
67.15,67.15,69.51,87.31,50.42
70.47,70.47,68.35,84.04,46.87
71.61,71.61,61.20,83.47,49.70
72.13,72.13,53.88,87.05,48.56
73.49,73.49,47.86,87.12,50.14
71.51,71.51,44.11,88.19,51.98
72.10,72.10,45.09,86.70,50.66
69.46,69.46,50.42,84.68,47.19
68.15,68.15,57.64,84.26,48.41
66.78,66.78,54.51,79.61,50.49
64.77,64.77,44.82,77.88,49.18
65.08,65.08,38.85,77.83,48.82
69.40,69.40,50.17,77.37,50.04
72.72,72.72,62.79,80.16,47.62
69.69,69.69,68.27,79.18,43.13
64.19,64.19,77.37,75.79,39.94
60.35,60.35,93.09,78.79,40.02
53.87,53.87,92.77,72.51,38.75
57.62,57.62,89.06,75.18,39.58
61.77,61.77,86.98,69.05,43.26
60.93,60.93,82.02,73.31,40.11
65.88,65.88,79.23,76.85,42.39
70.18,70.18,82.45,84.30,48.11
73.68,73.68,70.88,91.13,47.35
75.59,75.59,59.92,88.50,47.62
77.30,77.30,57.07,90.32,49.00
75.93,75.93,55.76,89.07,50.26
78.43,78.43,53.17,90.23,51.14
78.51,78.51,50.05,89.91,49.42
74.30,74.30,52.62,88.91,48.40
71.35,71.35,55.11,90.08,48.01
70.52,70.52,60.67,87.33,49.69
69.80,69.80,67.66,90.05,50.57
67.96,67.96,70.03,87.41,50.11
67.94,67.94,67.82,89.59,47.25
68.97,68.97,64.86,86.66,48.60
69.84,69.84,58.18,89.63,47.06
70.07,70.07,54.72,85.80,49.15
70.44,70.44,53.22,87.21,50.46
66.32,66.32,50.43,87.05,47.47
71.40,71.40,51.39,86.14,46.65
72.35,72.35,52.78,87.75,45.96
73.90,73.90,50.07,85.70,47.40
73.62,73.62,47.54,89.19,47.97
72.11,72.11,46.50,86.53,48.69
71.66,71.66,49.00,89.06,49.47
71.29,71.29,51.22,85.44,51.51
73.00,73.00,56.03,88.02,52.25
70.69,70.69,67.43,83.73,50.06
71.03,71.03,61.39,87.90,52.73
70.50,70.50,53.57,86.05,51.19
72.11,72.11,48.72,85.26,52.17
72.10,72.10,45.83,85.87,53.45
73.31,73.31,44.47,84.36,56.06
73.06,73.06,44.00,86.13,57.25
72.96,72.96,44.66,82.99,52.33
72.96,72.96,46.55,86.53,52.56
73.47,73.47,45.66,79.81,53.30
72.26,72.26,43.71,87.80,51.32
71.27,71.27,40.76,82.83,52.05
68.84,68.84,41.65,85.45,50.38
71.16,71.16,44.03,86.49,49.65
71.47,71.47,48.32,86.34,51.54
80.13,80.13,58.58,86.56,54.26
83.01,83.01,70.68,85.37,49.88
80.43,80.43,75.84,88.26,53.56
83.66,83.66,74.90,85.05,49.48
82.85,82.85,72.69,86.51,52.91
82.51,82.51,72.06,85.76,49.95
81.50,81.50,71.57,87.94,50.03
80.67,80.67,71.67,85.87,51.96
75.94,75.94,70.63,86.85,50.05
70.85,70.85,70.28,87.38,48.74
68.80,68.80,69.00,86.52,48.36
67.33,67.33,68.15,87.57,49.05
67.72,67.72,68.03,86.38,49.36
66.07,66.07,67.30,87.88,49.57
67.08,67.08,66.83,85.95,46.58
65.58,65.58,67.79,86.45,42.71
68.22,68.22,75.76,86.07,48.39
74.82,74.82,84.69,85.29,46.32
75.66,75.66,80.77,87.26,45.75
73.88,73.88,72.87,86.13,48.01
75.31,75.31,67.28,87.22,46.81
76.38,76.38,63.68,85.94,44.51
75.95,75.95,61.08,87.34,42.45
76.68,76.68,59.13,85.72,46.89
79.32,79.32,56.02,86.46,46.52
80.76,80.76,56.46,85.75,47.69
79.83,79.83,51.20,86.87,51.29
79.68,79.68,50.04,86.61,51.75
79.80,79.80,48.44,86.00,48.44
80.41,80.41,48.29,86.92,47.28
79.85,79.85,50.89,85.84,46.27
78.82,78.82,49.28,86.62,48.80
79.03,79.03,53.60,85.67,50.37
78.86,78.86,67.23,85.52,51.07
76.23,76.23,61.63,85.73,46.59
78.72,78.72,53.60,86.10,47.08
74.27,74.27,46.27,86.57,44.40
74.73,74.73,44.16,85.25,46.69
78.23,78.23,43.69,86.19,46.92
78.22,78.22,47.99,84.69,47.09
76.63,76.63,50.04,85.31,49.65
76.79,76.79,49.37,85.40,50.45
76.95,76.95,47.49,84.85,50.45
77.54,77.54,46.17,84.56,52.54
77.47,77.47,44.74,85.44,49.54
76.96,76.96,49.39,84.99,48.20
78.28,78.28,61.83,83.30,45.84
77.18,77.18,67.79,84.61,41.48
74.97,74.97,78.80,82.22,42.90
66.99,66.99,92.13,80.65,39.93
58.68,58.68,92.53,66.98,40.00
58.42,58.42,84.19,71.63,45.76
60.04,60.04,84.66,66.35,51.07
61.05,61.05,81.14,75.90,54.96
65.42,65.42,80.84,77.11,55.39
70.18,70.18,79.61,88.63,50.37
70.68,70.68,67.24,89.02,50.67
73.27,73.27,55.09,90.46,54.61
74.37,74.37,55.90,88.51,53.63
74.68,74.68,49.32,90.91,53.27
73.76,73.76,41.33,88.90,54.42
67.56,67.56,40.88,90.42,52.64
70.54,70.54,41.46,89.83,53.03
76.09,76.09,50.34,89.46,53.73
77.79,77.79,56.87,89.41,54.62
77.15,77.15,67.58,86.59,55.83
79.97,79.97,62.52,89.70,55.23
79.65,79.65,57.82,85.99,56.05
79.05,79.05,52.09,88.12,55.91
79.35,79.35,48.18,86.53,55.23
77.03,77.03,43.36,89.61,54.01
72.98,72.98,40.78,86.49,52.89
71.61,71.61,36.98,88.89,52.49
70.99,70.99,35.18,86.83,52.97
70.21,70.21,34.41,88.30,53.37
65.70,65.70,29.73,87.26,53.15
66.84,66.84,32.15,84.97,56.33
69.02,69.02,33.13,88.48,56.77
66.03,66.03,38.00,85.23,54.35
65.81,65.81,42.78,87.81,52.30
69.85,69.85,62.19,83.45,53.78
78.86,78.86,65.84,86.95,53.07
80.83,80.83,59.66,82.43,53.26
80.33,80.33,53.94,87.08,50.52
80.86,80.86,59.16,84.22,55.15
80.41,80.41,60.07,86.23,54.43
79.40,79.40,56.67,84.56,56.36
81.22,81.22,58.62,83.80,60.37
82.56,82.56,62.30,85.78,60.23
81.28,81.28,64.26,82.01,58.41
79.18,79.18,59.32,84.39,54.30
82.78,82.78,54.26,82.10,54.15
81.71,81.71,51.68,87.87,53.81
79.26,79.26,61.16,82.90,51.53
79.45,79.45,68.28,87.17,50.94
72.93,72.93,74.84,85.54,54.86
70.37,70.37,87.33,82.77,54.02
62.28,62.28,93.02,79.12,52.83
55.00,55.00,88.01,66.67,53.94
56.20,56.20,87.02,67.09,56.01
55.37,55.37,84.36,69.67,56.33
58.54,58.54,80.61,73.02,57.24
58.61,58.61,80.86,82.01,54.99
62.13,62.13,74.75,87.18,53.65
68.25,68.25,64.02,91.32,49.10
73.16,73.16,54.55,88.43,50.23
72.88,72.88,52.16,90.33,50.46
73.96,73.96,46.98,89.86,55.59
74.07,74.07,43.65,89.13,58.55
72.18,72.18,52.24,89.90,54.43
70.85,70.85,67.39,87.31,51.99
73.16,73.16,73.77,90.09,56.75
67.29,67.29,86.73,81.31,51.11
61.00,61.00,92.41,80.04,45.14
53.47,53.47,88.05,67.91,48.44
54.29,54.29,86.50,64.50,54.27
58.08,58.08,82.17,70.08,57.26
63.50,63.50,81.34,73.80,57.53
67.59,67.59,79.89,82.15,59.33
71.64,71.64,75.99,87.58,61.90
66.66,66.66,62.43,91.18,60.94
63.06,63.06,58.49,88.52,61.14
63.36,63.36,52.80,90.19,61.36
67.02,67.02,45.72,87.78,60.69
69.08,69.08,39.95,90.03,59.02
67.81,67.81,42.37,88.86,55.29
75.27,75.27,50.70,88.98,52.28
79.64,79.64,56.78,89.26,51.49
77.61,77.61,62.96,88.06,52.69
78.09,78.09,76.70,88.42,56.56
74.96,74.96,74.01,85.35,55.13
69.78,69.78,73.03,89.64,52.46
64.74,64.74,70.89,86.42,52.08
64.78,64.78,69.76,88.74,52.79
66.39,66.39,69.03,87.50,52.54
67.24,67.24,69.34,88.76,52.06
67.21,67.21,68.52,86.15,52.98
74.00,74.00,66.70,87.20,56.38
73.68,73.68,67.50,88.94,56.45
71.73,71.73,66.77,85.81,55.43
71.12,71.12,68.69,87.01,55.78
64.53,64.53,67.40,84.79,54.49
57.89,57.89,67.15,88.32,50.54
56.55,56.55,68.58,84.83,47.49
60.01,60.01,84.47,86.67,47.32
64.01,64.01,83.49,83.99,44.65
70.43,70.43,77.78,87.75,50.90
73.36,73.36,73.17,84.60,50.28
72.65,72.65,68.97,85.91,49.65
73.59,73.59,69.19,86.00,49.30
76.51,76.51,67.97,83.72,50.98
77.43,77.43,66.93,86.50,50.43
78.29,78.29,66.15,80.57,51.23
78.48,78.48,67.01,86.78,53.02
78.65,78.65,64.13,81.01,52.43
80.50,80.50,62.93,85.49,54.29
79.09,79.09,62.71,82.72,53.39
79.78,79.78,59.94,86.83,52.92
79.04,79.04,60.57,84.66,53.41
79.35,79.35,59.71,84.56,55.38
75.97,75.97,63.88,86.43,51.82
71.33,71.33,67.04,86.35,51.31
68.39,68.39,59.63,87.75,50.49
75.72,75.72,53.71,85.07,48.23
78.95,78.95,53.55,88.43,50.08
78.23,78.23,52.43,85.90,48.89
75.70,75.70,53.45,87.38,47.55
75.66,75.66,56.93,86.80,45.73
74.89,74.89,58.67,87.03,46.17
76.49,76.49,56.46,86.95,45.80
76.62,76.62,56.38,87.04,46.64
75.76,75.76,54.65,87.97,47.54
77.49,77.49,55.83,86.55,48.87
76.67,76.67,55.92,87.36,48.93
75.35,75.35,57.84,85.98,47.54
75.93,75.93,60.37,86.80,48.70
74.31,74.31,69.27,85.78,49.11
74.87,74.87,63.79,86.45,47.88
76.60,76.60,58.89,86.46,49.81
77.16,77.16,55.55,86.86,50.69
78.03,78.03,54.07,87.75,51.10
76.93,76.93,50.58,85.99,51.82
74.71,74.71,47.09,86.76,51.87
73.81,73.81,44.30,85.82,50.66
76.39,76.39,43.80,87.05,50.27
78.22,78.22,46.90,86.04,49.61
78.74,78.74,49.30,86.14,50.16
78.66,78.66,50.28,86.67,50.74
79.70,79.70,47.64,86.12,50.46
74.36,74.36,46.05,86.64,49.61
71.18,71.18,52.05,85.87,47.86
77.38,77.38,59.24,86.67,50.87
80.92,80.92,66.68,82.14,53.65
80.95,80.95,66.06,84.64,51.08
81.15,81.15,60.77,84.53,51.39
81.86,81.86,55.75,85.00,48.28
78.26,78.26,50.97,80.01,48.42
77.79,77.79,49.06,83.69,48.28
76.83,76.83,48.94,82.74,49.16
74.26,74.26,49.81,82.91,51.38
71.86,71.86,58.77,84.36,51.97
69.67,69.67,54.93,80.65,52.09
68.31,68.31,47.78,83.18,51.61
69.35,69.35,42.28,84.93,51.74
66.35,66.35,48.53,81.75,50.80
71.33,71.33,58.39,84.59,50.63
68.96,68.96,69.89,80.89,47.94
64.32,64.32,75.65,79.26,43.61
62.38,62.38,91.60,81.91,42.21
57.21,57.21,92.59,73.23,39.77
59.24,59.24,88.03,77.83,41.96
61.50,61.50,83.47,78.66,40.75
65.58,65.58,81.74,73.69,43.20
70.45,70.45,83.51,83.73,45.79
73.66,73.66,77.73,87.72,46.12
75.92,75.92,61.99,90.89,49.24
78.03,78.03,59.31,90.16,51.72
80.87,80.87,56.96,89.94,53.25
78.92,78.92,53.78,90.38,51.51
81.92,81.92,52.50,91.41,53.36
83.05,83.05,51.73,90.07,51.78
83.55,83.55,52.92,89.94,49.50
79.50,79.50,55.28,89.86,50.87
77.57,77.57,57.14,91.55,52.30
71.28,71.28,65.52,90.30,50.89
72.10,72.10,63.25,89.64,54.00
75.40,75.40,55.32,91.22,54.46
77.68,77.68,51.74,89.51,52.55
78.02,78.02,49.91,88.45,52.89
77.26,77.26,49.47,87.21,50.36
74.94,74.94,57.80,88.96,48.00
74.29,74.29,58.63,87.21,46.91
78.85,78.85,56.15,85.76,45.26
78.41,78.41,53.41,87.31,44.56
78.03,78.03,49.71,86.94,45.31
80.35,80.35,47.92,85.98,47.53
79.34,79.34,46.73,83.19,51.16
79.77,79.77,48.54,85.86,52.42
79.73,79.73,52.35,86.82,50.21
79.77,79.77,61.10,83.94,56.90
78.81,78.81,66.48,85.26,55.47
79.00,79.00,59.14,87.69,52.85
80.27,80.27,52.98,87.42,52.25
80.48,80.48,49.05,85.60,56.09
78.64,78.64,47.48,86.62,53.81
77.73,77.73,44.96,88.04,54.69
76.36,76.36,44.74,86.37,55.90
75.70,75.70,43.78,86.66,55.13
75.83,75.83,45.08,88.33,55.04
74.24,74.24,42.32,90.19,56.50
69.41,69.41,41.29,87.52,56.04
69.12,69.12,45.13,88.20,56.17
69.56,69.56,46.41,88.74,55.36
70.08,70.08,47.69,88.93,50.21
73.53,73.53,56.68,88.66,48.36
81.72,81.72,60.43,88.48,46.85
79.23,79.23,72.30,90.51,46.70
81.41,81.41,73.90,88.63,46.15
78.54,78.54,73.16,89.19,46.44
75.54,75.54,72.25,88.70,48.21
71.15,71.15,72.22,89.94,49.54
69.94,69.94,70.33,88.44,53.07
68.77,68.77,70.69,88.61,50.27
67.58,67.58,71.58,89.83,51.35
70.03,70.03,70.51,89.20,49.43
74.32,74.32,66.40,88.93,48.11
74.24,74.24,66.30,88.47,47.83
73.91,73.91,67.44,89.73,48.56
67.81,67.81,65.70,88.06,48.70
65.10,65.10,66.51,87.27,45.55
64.41,64.41,67.93,88.28,43.81
64.81,64.81,76.33,87.50,43.83
67.70,67.70,84.64,87.10,46.16
73.10,73.10,79.76,86.60,44.12
73.94,73.94,71.67,88.77,44.67
74.81,74.81,64.70,87.96,48.78
77.20,77.20,58.24,87.66,46.62
80.25,80.25,54.26,88.53,51.33
80.00,80.00,50.83,87.43,51.17
80.56,80.56,50.12,87.47,52.59
81.34,81.34,51.10,86.34,55.26
82.01,82.01,49.30,87.19,52.08
83.43,83.43,46.54,87.05,50.78
84.16,84.16,47.31,86.06,48.45
82.60,82.60,48.51,86.37,47.96
81.10,81.10,51.89,86.31,43.93
81.61,81.61,53.56,85.99,46.13
76.51,76.51,57.70,85.83,45.55
73.96,73.96,67.81,87.94,47.32
73.42,73.42,63.17,87.27,47.84
76.14,76.14,56.92,86.38,47.78
71.22,71.22,50.05,87.49,47.80
70.14,70.14,46.69,86.64,47.56
75.32,75.32,44.67,86.36,46.96
74.71,74.71,44.04,85.66,44.95
76.26,76.26,49.94,87.46,48.26
79.85,79.85,50.12,86.53,44.77
79.26,79.26,50.33,85.65,45.45
78.94,78.94,49.18,85.95,46.08
78.78,78.78,47.97,86.16,44.40
77.55,77.55,53.58,86.14,42.27
78.32,78.32,64.43,84.45,41.36
78.35,78.35,69.78,85.46,38.23
72.86,72.86,86.79,81.27,39.44
64.13,64.13,93.26,80.33,35.70
58.01,58.01,89.53,71.18,36.17
58.37,58.37,85.70,72.93,40.31
60.47,60.47,82.64,75.53,41.97
63.34,63.34,82.72,76.42,41.19
66.65,66.65,81.82,87.29,46.07
71.21,71.21,70.95,89.19,47.18
69.87,69.87,64.16,90.33,48.44
71.41,71.41,58.07,89.94,47.46
73.67,73.67,48.33,91.02,46.49
77.25,77.25,47.31,91.60,45.73
77.95,77.95,48.09,90.91,46.24
77.09,77.09,47.91,90.44,47.34
76.13,76.13,48.71,90.77,46.80
74.47,74.47,53.44,91.06,46.06
74.58,74.58,58.38,89.90,45.91
79.26,79.26,65.44,89.45,45.40
78.79,78.79,58.36,90.67,46.03
79.33,79.33,53.66,89.63,47.79
81.12,81.12,50.44,87.81,49.59
82.21,82.21,49.53,86.67,49.07
80.96,80.96,48.00,88.72,49.65
79.82,79.82,47.53,86.30,50.77
81.78,81.78,45.96,86.19,51.21
81.96,81.96,42.92,86.54,50.49
81.87,81.87,42.77,88.82,49.58
82.92,82.92,42.27,85.42,48.69
80.92,80.92,41.78,84.61,50.60
75.34,75.34,44.11,87.34,53.47
74.22,74.22,50.45,86.43,51.07
75.61,75.61,54.87,84.66,50.67
75.86,75.86,65.49,85.23,51.98
77.48,77.48,64.57,87.42,51.68
76.44,76.44,56.48,87.22,53.48
74.96,74.96,54.00,84.55,53.05
75.59,75.59,61.78,86.21,56.17
74.88,74.88,58.42,89.57,57.68
74.96,74.96,52.66,86.57,54.41
75.95,75.95,52.85,85.50,52.18
72.20,72.20,59.08,86.77,49.79
73.70,73.70,63.94,87.39,50.63
76.25,76.25,56.52,87.68,54.39
73.01,73.01,50.18,87.69,55.17
76.10,76.10,50.08,89.27,55.32
73.09,73.09,56.93,88.85,55.42
73.76,73.76,64.05,88.02,50.30
73.25,73.25,72.81,86.70,45.75
70.49,70.49,87.75,84.90,43.38
70.35,70.35,91.55,80.81,41.73
70.62,70.62,89.02,75.50,38.59
66.75,66.75,85.58,76.11,38.58
74.45,74.45,81.61,75.80,39.07
74.64,74.64,84.34,81.06,41.58
73.89,73.89,78.64,87.89,43.26
79.76,79.76,66.87,87.90,49.74
77.69,77.69,59.17,90.96,44.70
80.38,80.38,56.15,90.69,45.42
79.81,79.81,54.15,89.66,45.56
80.98,80.98,51.35,90.61,44.85
81.49,81.49,51.93,90.69,44.50
79.67,79.67,57.74,90.51,41.92
80.16,80.16,68.66,89.72,40.34
80.25,80.25,74.37,87.05,43.18
70.08,70.08,90.80,77.25,40.18
68.77,68.77,90.79,77.80,36.76
70.41,70.41,88.79,75.81,36.50
73.79,73.79,84.18,75.02,39.25
70.97,70.97,82.37,74.82,42.69
74.88,74.88,82.93,81.23,43.00
74.84,74.84,79.20,89.24,46.66
75.52,75.52,66.73,87.96,51.81
78.18,78.18,61.48,89.52,50.09
79.11,79.11,56.72,91.14,53.94
79.92,79.92,47.51,90.00,56.53
78.69,78.69,49.46,90.36,53.61
78.89,78.89,51.05,91.11,56.91
79.48,79.48,52.78,92.02,53.13
78.16,78.16,50.91,90.06,52.73
78.88,78.88,55.26,89.55,48.73
79.85,79.85,63.60,90.79,46.49
78.28,78.28,75.02,90.09,45.75
79.07,79.07,74.23,89.66,50.65
79.77,79.77,72.07,89.07,52.57
78.55,78.55,71.42,90.08,47.23
77.66,77.66,70.41,88.35,50.17
78.52,78.52,69.54,87.42,51.59
78.98,78.98,69.04,87.22,52.45
76.18,76.18,68.24,88.47,53.33
74.03,74.03,67.50,87.30,51.79
73.18,73.18,66.00,85.41,50.80
75.66,75.66,65.96,86.82,51.74
73.73,73.73,65.23,88.06,50.60
72.74,72.74,66.95,82.88,46.46
73.54,73.54,69.67,83.57,44.77
74.41,74.41,74.63,86.52,45.70
75.62,75.62,85.55,87.45,44.06
82.41,82.41,82.08,76.85,45.28
84.83,84.83,76.87,71.49,46.87
82.20,82.20,70.37,61.52,49.23
86.34,86.34,68.71,60.16,47.02
85.32,85.32,65.91,48.65,45.74
83.98,83.98,65.01,40.72,49.83
83.54,83.54,60.73,45.55,49.14
84.13,84.13,57.60,42.33,43.57
82.41,82.41,56.05,36.59,45.58
80.76,80.76,51.98,40.64,42.47
75.90,75.90,50.42,39.96,44.50
78.09,78.09,49.09,23.75,46.28
75.21,75.21,48.87,26.84,46.57
73.46,73.46,49.28,27.89,47.06
73.75,73.75,49.45,20.90,44.04
76.11,76.11,48.39,27.30,43.96
77.65,77.65,48.88,26.85,45.35
80.40,80.40,46.61,32.52,44.65
79.26,79.26,45.72,28.96,42.72
77.58,77.58,43.23,31.73,42.51
80.33,80.33,46.02,29.68,41.16
77.85,77.85,46.91,33.38,45.12
79.60,79.60,46.82,33.94,45.07
79.52,79.52,48.01,28.73,42.98
78.89,78.89,47.65,28.94,46.02
78.92,78.92,48.04,30.45,43.25
78.34,78.34,43.27,30.94,45.60
80.83,80.83,46.50,32.71,43.91
80.96,80.96,45.46,24.43,46.17
76.66,76.66,48.56,27.71,47.14
78.56,78.56,44.63,28.61,44.19
81.69,81.69,49.34,23.83,44.51
81.69,81.69,52.83,22.41,46.55
80.07,80.07,52.81,27.23,46.47
79.72,79.72,50.41,27.76,45.29
78.83,78.83,50.40,27.17,44.24
79.53,79.53,49.70,26.92,46.51
79.42,79.42,49.76,28.74,43.03
79.05,79.05,49.36,26.66,44.16
80.44,80.44,50.67,30.18,42.33
82.58,82.58,49.23,31.80,44.47
84.12,84.12,49.43,28.96,47.21
84.16,84.16,47.26,28.87,47.75
84.01,84.01,46.17,26.06,46.98
83.32,83.32,46.66,28.66,50.08
77.89,77.89,46.02,27.27,46.03
75.06,75.06,40.23,24.35,44.85
76.41,76.41,46.76,26.12,46.90
78.97,78.97,49.17,34.24,52.86
78.62,78.62,50.64,35.78,52.89
79.48,79.48,45.71,30.12,45.64
77.94,77.94,44.65,24.88,42.66
77.35,77.35,45.74,22.18,45.50
76.38,76.38,49.89,17.20,46.67
72.78,72.78,50.07,18.57,46.90
74.73,74.73,46.75,11.40,47.86
74.53,74.53,46.08,14.70,47.43
74.61,74.61,47.05,10.84,47.43
75.44,75.44,46.10,17.93,46.25
72.35,72.35,50.49,30.48,45.68
74.91,74.91,56.14,46.21,41.51
74.63,74.63,67.62,56.47,37.60
74.01,74.01,79.61,70.66,37.85
62.62,62.62,92.86,75.33,35.38
59.58,59.58,91.76,75.38,40.31
62.44,62.44,86.71,77.20,47.98
63.96,63.96,75.23,65.74,44.34
69.60,69.60,74.24,70.59,44.69
69.97,69.97,81.06,83.32,43.68
71.41,71.41,80.64,88.55,45.06
76.60,76.60,76.18,89.04,47.43
78.37,78.37,70.46,88.06,46.60
81.31,81.31,63.95,87.24,46.47
84.64,84.64,61.61,88.19,46.14
87.39,87.39,57.14,88.04,49.42
87.30,87.30,55.05,87.06,45.36
86.34,86.34,54.73,86.47,45.94
83.14,83.14,56.41,86.14,46.57
84.26,84.26,59.79,85.73,48.27
85.12,85.12,65.38,86.67,50.41
85.18,85.18,61.98,87.09,50.01
81.38,81.38,57.23,87.00,47.33
78.16,78.16,54.52,86.83,46.08
77.17,77.17,53.26,87.32,46.03
78.36,78.36,53.06,88.12,50.45
82.98,82.98,53.31,88.84,49.34
83.61,83.61,52.39,89.61,49.32
80.08,80.08,53.05,89.45,48.22
74.95,74.95,52.03,88.04,46.16
74.77,74.77,49.55,89.64,45.35
79.69,79.69,47.70,89.61,46.01
81.61,81.61,48.02,90.48,45.69
82.21,82.21,51.10,90.93,47.49
75.09,75.09,54.27,90.68,47.08
75.66,75.66,60.62,89.48,47.12
76.23,76.23,66.45,90.92,45.74
78.26,78.26,57.56,90.58,46.72
75.33,75.33,53.37,90.56,51.51
75.74,75.74,49.20,90.99,51.71
76.08,76.08,46.63,90.15,53.89
77.30,77.30,45.14,89.84,52.38
76.62,76.62,46.18,90.40,52.69
75.53,75.53,46.64,90.28,50.72
73.89,73.89,49.05,90.05,50.09
69.68,69.68,53.05,89.17,51.29
69.09,69.09,56.99,88.23,53.07
69.35,69.35,57.79,88.65,50.71
73.83,73.83,57.51,89.08,54.75
69.56,69.56,54.77,88.83,55.96
69.09,69.09,53.82,87.40,54.25
72.17,72.17,58.20,86.72,51.97
69.87,69.87,73.34,85.87,52.19
67.44,67.44,73.26,86.48,53.65
69.34,69.34,72.34,86.83,49.99
67.99,67.99,72.80,85.72,52.29
66.91,66.91,70.27,85.18,50.06
67.82,67.82,71.25,84.84,51.46
70.25,70.25,70.61,84.08,51.59
69.07,69.07,71.55,86.61,50.37
70.44,70.44,69.87,86.42,53.06
69.43,69.43,69.34,86.07,54.30
65.77,65.77,69.39,85.94,53.65
64.51,64.51,69.01,84.80,52.33
65.39,65.39,66.55,84.81,50.61
64.01,64.01,68.60,86.23,46.11
61.87,61.87,67.83,87.03,40.72
66.37,66.37,80.20,86.01,43.22
69.53,69.53,83.60,86.22,42.08
77.13,77.13,78.13,83.97,43.23
79.16,79.16,72.37,86.02,43.99
77.81,77.81,65.92,85.57,48.49
80.64,80.64,61.72,86.75,51.89
81.06,81.06,60.08,87.40,47.10
79.21,79.21,58.08,87.41,51.91
78.22,78.22,56.84,86.05,58.13
79.35,79.35,56.81,85.54,53.27
80.13,80.13,57.80,84.81,55.59
81.43,81.43,56.17,85.24,57.08
79.70,79.70,55.85,87.43,56.10
77.34,77.34,53.05,86.61,48.86
76.77,76.77,52.47,85.80,52.10
75.08,75.08,56.22,85.57,49.37
78.24,78.24,61.38,85.46,51.13
78.64,78.64,68.79,85.88,53.28
79.09,79.09,62.93,85.34,52.85
80.70,80.70,59.44,86.85,51.54
81.62,81.62,56.92,86.57,52.64
78.20,78.20,53.47,85.44,49.87
76.14,76.14,51.24,84.89,48.89
77.71,77.71,49.13,84.97,52.07
79.38,79.38,49.65,85.78,51.76
78.08,78.08,51.20,86.10,50.28
76.53,76.53,52.38,85.79,50.10
76.07,76.07,51.71,84.59,50.90
74.78,74.78,50.71,85.55,51.14
72.99,72.99,56.10,84.81,50.42
74.03,74.03,65.56,84.81,50.12
74.34,74.34,74.59,80.66,54.64
68.03,68.03,86.67,80.90,55.03
58.51,58.51,91.71,80.17,48.05
54.38,54.38,86.20,75.18,54.21
53.60,53.60,83.46,73.77,59.32
54.18,54.18,73.76,68.17,63.97
56.14,56.14,74.67,75.70,62.40
58.42,58.42,81.94,84.82,59.93
59.97,59.97,80.52,87.87,60.30
59.48,59.48,76.28,88.60,63.62
61.57,61.57,69.68,88.13,63.87
66.09,66.09,65.25,87.32,67.77
64.43,64.43,60.00,86.86,63.37
61.42,61.42,58.65,87.75,64.80
63.98,63.98,56.32,87.25,60.73
63.89,63.89,51.83,87.34,64.65
64.16,64.16,52.20,85.76,66.61
66.05,66.05,58.64,86.93,64.55
65.41,65.41,66.66,87.86,64.52
63.85,63.85,57.90,88.49,66.65
62.90,62.90,52.37,87.90,68.34
63.73,63.73,48.92,87.92,67.06
64.55,64.55,46.95,87.43,65.96
65.40,65.40,47.12,88.93,65.58
66.01,66.01,44.05,89.61,63.96
62.51,62.51,42.77,90.36,65.46
64.25,64.25,40.80,90.69,63.71
62.73,62.73,39.38,89.86,62.29
62.31,62.31,38.95,90.40,61.57
62.39,62.39,41.48,90.60,60.91
61.70,61.70,44.71,90.80,62.04
61.69,61.69,48.79,91.23,61.09
65.90,65.90,57.17,91.16,59.52
71.99,71.99,68.07,90.04,57.40
82.84,82.84,65.95,90.38,55.67
82.54,82.54,60.09,90.33,54.00
80.18,80.18,56.99,90.36,57.06
79.00,79.00,62.61,90.05,56.50
79.12,79.12,58.94,90.63,54.61
78.28,78.28,56.44,89.04,56.24
77.79,77.79,55.62,89.72,57.22
77.45,77.45,61.93,90.29,56.25
76.82,76.82,61.54,89.94,57.24
78.89,78.89,54.43,89.37,54.37
81.09,81.09,45.38,89.11,54.81
78.33,78.33,42.37,88.10,55.64
72.73,72.73,57.71,89.07,56.45
72.28,72.28,71.73,88.94,56.69
70.67,70.67,76.62,86.32,57.61
66.33,66.33,89.72,79.31,58.59
57.69,57.69,90.35,76.48,56.15
57.11,57.11,87.34,78.01,52.44
56.04,56.04,82.36,73.66,51.89
60.86,60.86,74.73,64.74,53.48
63.60,63.60,76.57,80.74,53.81
65.95,65.95,81.27,87.59,51.21
69.95,69.95,72.87,88.98,48.93
72.17,72.17,68.53,88.11,51.25
72.01,72.01,57.70,88.90,49.49
74.68,74.68,52.60,88.74,52.36
77.55,77.55,49.94,88.43,53.30
78.23,78.23,49.84,87.46,53.23
78.18,78.18,55.07,86.20,51.27
76.16,76.16,65.42,87.43,47.99
75.21,75.21,78.07,84.90,47.90
60.97,60.97,90.39,79.68,42.92
58.45,58.45,89.01,77.39,43.10
58.84,58.84,84.38,77.45,49.18
59.20,59.20,81.10,70.61,52.49
62.73,62.73,75.27,66.92,55.81
68.58,68.58,76.95,82.59,55.89
74.74,74.74,78.70,88.15,52.21
76.89,76.89,67.79,88.38,50.28
76.05,76.05,62.98,89.68,51.28
81.31,81.31,55.34,89.46,51.82
81.19,81.19,47.74,88.87,50.11
78.58,78.58,53.89,88.34,50.56
79.37,79.37,42.56,85.84,50.44
80.90,80.90,45.42,86.92,51.50
81.81,81.81,47.25,87.88,48.25
81.37,81.37,52.37,88.38,50.04
81.24,81.24,64.72,87.62,52.13
77.36,77.36,77.00,87.46,52.44
79.14,79.14,73.92,86.86,51.90
77.03,77.03,73.41,88.66,48.15
77.26,77.26,72.54,88.56,49.04
76.28,76.28,70.72,89.34,50.17
75.85,75.85,70.10,89.45,50.84
76.25,76.25,70.15,87.63,53.25
76.68,76.68,68.52,88.54,54.74
72.83,72.83,66.94,89.99,55.96
70.98,70.98,65.14,90.06,56.76
67.31,67.31,65.96,89.79,57.11
68.83,68.83,63.93,88.65,57.31
70.13,70.13,65.20,89.33,59.01
68.72,68.72,69.85,90.86,53.68
68.38,68.38,74.65,90.99,48.03
73.67,73.67,83.38,89.25,41.46
77.70,77.70,79.07,90.40,43.56
81.08,81.08,73.86,89.38,45.14
79.81,79.81,69.08,90.67,50.79
82.71,82.71,65.58,90.89,49.95
84.40,84.40,64.58,90.25,50.06
85.61,85.61,60.26,89.81,50.74
83.18,83.18,60.79,89.98,51.37
83.84,83.84,57.90,88.95,50.03
82.15,82.15,57.13,89.56,50.78
80.57,80.57,56.24,89.79,48.18
79.50,79.50,55.40,89.43,46.34
74.82,74.82,53.36,88.74,47.11
75.83,75.83,53.87,87.81,48.86
73.09,73.09,53.19,86.77,45.59
73.75,73.75,54.76,87.18,46.27
76.90,76.90,65.50,86.77,46.75
75.27,75.27,63.15,86.51,44.96
76.87,76.87,55.86,85.33,45.69
79.46,79.46,52.93,84.74,45.03
82.02,82.02,52.89,83.92,48.29
82.13,82.13,53.83,85.21,48.51
80.24,80.24,54.41,85.78,47.73
80.93,80.93,54.64,86.80,45.44
83.88,83.88,53.76,85.03,44.14
83.81,83.81,52.72,82.88,42.61
81.75,81.75,51.57,83.70,45.54
80.67,80.67,51.98,85.43,41.71
80.84,80.84,55.15,85.79,40.99
81.64,81.64,57.80,86.16,42.06
77.81,77.81,58.10,86.56,42.18
76.47,76.47,59.68,85.06,44.57
79.08,79.08,67.15,84.63,42.69
80.71,80.71,62.38,85.72,43.77
77.67,77.67,56.43,86.18,45.37
74.84,74.84,53.10,87.20,47.67
78.47,78.47,50.83,86.26,46.42
81.86,81.86,49.67,85.75,42.99
80.27,80.27,48.67,86.67,45.35
80.30,80.30,49.83,86.55,43.39
82.29,82.29,50.50,85.91,44.83
79.59,79.59,49.94,86.35,44.52
77.70,77.70,48.65,86.37,44.86
77.57,77.57,48.50,84.87,42.95
77.83,77.83,46.12,85.50,42.89
75.57,75.57,45.50,85.79,42.41
71.78,71.78,47.66,86.47,44.53
69.83,69.83,57.15,85.70,47.66
72.28,72.28,67.60,86.34,49.74
78.46,78.46,63.52,84.43,45.89
79.74,79.74,57.10,87.20,46.32
81.08,81.08,51.65,86.71,46.90
77.36,77.36,48.53,83.45,47.44
78.54,78.54,49.42,83.21,46.30
78.61,78.61,54.57,84.07,47.03
76.98,76.98,56.66,83.61,49.14
79.17,79.17,60.98,83.01,52.02
77.88,77.88,53.73,84.27,51.49
76.59,76.59,45.36,82.72,53.13
72.84,72.84,41.69,82.16,51.50
74.50,74.50,49.65,83.26,49.79
73.41,73.41,65.60,83.34,47.31
73.26,73.26,69.40,83.77,42.48
69.60,69.60,81.38,78.65,41.79
60.56,60.56,92.03,75.99,40.23
59.96,59.96,92.82,71.07,38.63
63.17,63.17,84.39,71.02,40.89
66.29,66.29,82.62,74.28,38.78
68.72,68.72,82.28,76.40,39.35
72.07,72.07,81.54,89.31,43.52
75.85,75.85,71.67,88.14,44.85
77.42,77.42,60.01,89.57,47.06
78.35,78.35,59.76,90.41,47.57
78.19,78.19,54.99,91.48,53.20
76.55,76.55,55.09,89.81,53.80
79.47,79.47,54.86,90.07,55.74
81.03,81.03,54.28,90.54,54.95
84.66,84.66,55.02,90.78,58.86
82.05,82.05,56.37,89.99,57.06
81.02,81.02,57.88,90.27,57.06
83.46,83.46,65.81,91.04,57.19
84.83,84.83,60.47,90.25,55.90
84.04,84.04,54.09,89.12,55.71
83.96,83.96,50.39,88.32,55.27
85.16,85.16,48.23,90.62,53.66
77.79,77.79,50.34,88.41,52.89
76.31,76.31,51.98,87.24,52.61
74.92,74.92,52.02,86.79,49.98
78.33,78.33,51.72,88.77,53.04
77.33,77.33,50.01,86.08,51.29
79.87,79.87,47.78,85.37,51.36
77.63,77.63,49.13,87.96,51.80
75.36,75.36,49.48,86.42,54.09
78.76,78.76,51.73,85.55,54.08
80.97,80.97,53.98,85.48,54.41
81.17,81.17,63.64,87.66,53.52
77.38,77.38,64.76,87.37,52.19
79.66,79.66,56.45,85.49,52.50
77.45,77.45,50.40,86.68,52.07
74.20,74.20,48.70,89.04,54.20
76.55,76.55,47.03,86.75,50.59
78.08,78.08,44.76,85.33,50.39
76.47,76.47,44.94,86.78,53.36
76.75,76.75,45.37,88.15,53.15
75.89,75.89,44.92,86.03,55.78
71.50,71.50,43.87,86.94,54.64
75.22,75.22,41.67,88.60,54.95
70.67,70.67,40.92,88.85,56.54
68.71,68.71,43.06,87.53,59.61
66.41,66.41,43.19,88.16,59.61
67.53,67.53,47.38,89.34,57.28
67.52,67.52,56.41,88.06,57.67
67.47,67.47,75.57,88.38,58.04
68.92,68.92,74.70,88.46,58.64
68.45,68.45,73.39,89.43,58.07
68.36,68.36,72.58,88.35,54.64
70.14,70.14,71.28,88.71,54.56
68.75,68.75,70.44,89.95,52.16
69.96,69.96,69.70,89.45,52.72
68.63,68.63,68.58,89.37,51.71
69.25,69.25,67.52,89.02,54.95
69.78,69.78,68.33,89.80,55.16
70.37,70.37,68.12,88.07,55.06
68.90,68.90,66.59,88.40,52.40
68.81,68.81,66.10,89.25,49.80
68.50,68.50,66.84,89.24,53.76
64.44,64.44,69.08,88.53,49.45
68.47,68.47,81.35,86.56,47.93
71.64,71.64,83.58,87.12,45.97
72.24,72.24,77.97,87.72,46.94
77.24,77.24,71.85,88.20,52.20
80.05,80.05,63.67,88.38,48.26
76.56,76.56,59.35,88.80,48.93
75.83,75.83,56.84,88.06,49.95
79.90,79.90,55.33,87.75,50.96
79.51,79.51,54.21,88.14,51.75
78.44,78.44,51.44,87.92,51.52
83.03,83.03,51.73,86.75,50.85
81.84,81.84,50.93,87.17,53.30
81.08,81.08,50.49,87.07,52.29
78.63,78.63,53.10,86.98,50.77
80.24,80.24,54.31,86.95,51.73
79.82,79.82,56.69,87.33,51.86
79.13,79.13,61.16,86.67,51.35
79.66,79.66,67.48,86.13,51.68
80.14,80.14,61.13,86.63,47.44
80.98,80.98,57.02,87.37,51.30
83.07,83.07,52.66,86.98,49.73
81.69,81.69,50.67,85.97,51.37
81.37,81.37,47.24,86.94,50.14
81.78,81.78,45.82,85.96,50.87
78.10,78.10,45.14,86.14,51.27
75.22,75.22,46.34,86.76,53.10
78.12,78.12,45.88,86.90,52.49
82.84,82.84,45.96,86.66,53.78
78.63,78.63,53.76,85.20,54.62
75.35,75.35,59.40,86.73,51.01
77.17,77.17,69.32,86.65,46.99
77.39,77.39,72.48,83.86,45.64
72.24,72.24,89.66,79.86,48.57
62.47,62.47,91.98,77.17,41.69
60.28,60.28,89.54,73.79,46.24
61.81,61.81,84.65,73.21,52.57
65.07,65.07,82.46,73.37,54.93
67.82,67.82,83.70,82.31,56.99
71.57,71.57,79.46,89.50,57.71
76.14,76.14,66.71,88.58,60.05
79.13,79.13,66.83,89.95,61.97
75.87,75.87,64.66,91.33,58.70
74.92,74.92,57.24,90.44,58.45
72.69,72.69,50.75,90.80,57.67
71.98,71.98,42.99,90.77,57.45
72.39,72.39,45.98,91.63,60.18
68.85,68.85,44.90,90.03,57.63
68.56,68.56,45.46,89.57,54.35
68.49,68.49,59.04,90.80,55.52
68.20,68.20,65.33,90.05,55.26
67.95,67.95,56.11,89.64,53.32
66.44,66.44,48.08,88.85,54.41
68.32,68.32,47.76,89.95,57.14
71.10,71.10,46.23,87.93,55.66
71.88,71.88,45.11,87.26,58.65
70.21,70.21,42.57,88.13,58.76
69.40,69.40,42.80,88.82,54.18
68.13,68.13,40.55,87.26,54.29
69.23,69.23,33.24,85.48,58.22
70.30,70.30,28.93,87.57,57.85
68.03,68.03,32.05,88.39,53.23
69.21,69.21,37.13,83.52,54.04
71.35,71.35,45.22,84.18,56.14
73.71,73.71,50.69,87.78,56.86
75.85,75.85,68.42,86.59,51.81
80.23,80.23,65.49,85.81,50.59
82.57,82.57,60.32,86.26,49.23
83.20,83.20,57.66,87.87,45.65
80.55,80.55,61.83,86.10,51.11
80.30,80.30,56.82,85.69,53.93
79.34,79.34,53.88,86.70,53.00
79.45,79.45,54.20,88.85,52.98
79.16,79.16,62.50,86.55,51.46
79.36,79.36,61.89,86.82,52.98
78.43,78.43,54.91,87.03,51.42
77.57,77.57,47.88,87.86,49.47
78.19,78.19,46.58,87.41,49.35
75.78,75.78,58.56,88.19,49.30
75.87,75.87,66.03,89.41,46.38
74.08,74.08,73.38,85.23,48.73
68.57,68.57,91.16,83.40,45.77
61.35,61.35,92.14,76.18,45.46
59.90,59.90,87.00,73.36,46.24
64.34,64.34,84.42,73.55,45.38
66.12,66.12,83.03,76.50,47.22
67.96,67.96,82.84,82.84,46.08
73.13,73.13,78.07,88.21,47.15
75.97,75.97,64.06,90.47,43.28
77.88,77.88,60.09,89.45,42.40
79.34,79.34,56.81,89.66,43.73
78.92,78.92,52.89,91.05,43.67
79.26,79.26,52.37,90.67,46.49
79.84,79.84,54.73,90.67,46.46
79.54,79.54,60.14,90.81,44.66
78.14,78.14,66.94,90.48,40.87
77.29,77.29,80.47,84.73,41.08
64.94,64.94,90.47,75.63,39.23
59.57,59.57,92.37,73.68,38.61
60.79,60.79,86.55,71.61,43.14
60.94,60.94,82.53,72.86,46.36
65.55,65.55,82.89,76.48,49.81
69.93,69.93,84.66,83.44,53.94
74.43,74.43,79.16,87.40,52.63
78.56,78.56,63.77,90.64,53.44
80.38,80.38,61.94,89.20,53.54
82.64,82.64,54.49,89.46,54.89
77.77,77.77,47.08,89.77,54.46
74.45,74.45,47.43,90.97,54.08
75.72,75.72,43.02,90.08,53.50
74.81,74.81,41.60,90.27,53.90
73.97,73.97,45.54,90.36,52.05
75.77,75.77,52.71,91.11,52.65
77.98,77.98,69.03,90.03,52.45
77.61,77.61,74.81,89.17,53.71
78.26,78.26,73.33,91.20,52.08
78.16,78.16,72.18,89.68,53.01
76.69,76.69,69.95,88.68,52.40
77.73,77.73,69.61,87.74,52.84
79.42,79.42,68.96,89.08,51.88
79.50,79.50,67.96,87.25,51.53
79.35,79.35,66.65,85.99,49.15
77.04,77.04,66.23,87.87,49.92
75.86,75.86,65.72,87.17,50.88
74.69,74.69,64.88,84.96,51.93
76.84,76.84,63.92,84.26,50.94
68.89,68.89,65.75,86.58,51.38
68.70,68.70,67.51,87.18,45.20
73.27,73.27,74.14,84.90,43.91
74.86,74.86,84.81,83.84,44.35
80.85,80.85,79.96,86.70,46.09
79.13,79.13,75.17,86.07,48.59
80.52,80.52,71.20,84.75,48.57
82.67,82.67,68.32,86.17,50.16
83.74,83.74,66.06,87.44,50.89
82.09,82.09,64.51,85.11,49.99
79.73,79.73,61.33,86.38,48.74
78.78,78.78,60.73,88.50,48.39
77.12,77.12,57.22,88.32,50.08
74.49,74.49,54.74,85.51,52.29
73.16,73.16,49.98,87.77,52.99
75.29,75.29,47.78,88.84,51.70
73.22,73.22,46.82,88.22,51.23
71.03,71.03,51.86,87.56,50.53
72.73,72.73,58.10,87.87,50.70
76.69,76.69,67.12,89.30,48.98
77.69,77.69,65.35,88.39,47.46
76.44,76.44,58.30,88.74,43.36
77.68,77.68,55.67,88.56,43.87
74.82,74.82,54.81,89.42,48.30
77.52,77.52,53.79,88.48,47.81
77.64,77.64,54.17,88.21,50.02
78.50,78.50,53.87,89.44,50.41
78.69,78.69,53.69,87.58,47.87
80.26,80.26,53.54,88.06,47.18
78.28,78.28,53.32,88.50,47.30
76.49,76.49,48.95,89.20,50.49
73.30,73.30,43.60,88.30,49.45
71.86,71.86,43.38,88.10,50.94
71.14,71.14,46.96,89.39,50.47
72.60,72.60,60.88,87.69,47.57
75.46,75.46,66.10,87.84,46.10
79.53,79.53,61.21,87.42,46.16
82.09,82.09,54.88,88.66,47.91
86.91,86.91,51.81,88.12,49.56
87.28,87.28,52.22,87.25,48.09
86.07,86.07,52.22,88.59,48.90
83.41,83.41,49.88,88.00,51.85
79.54,79.54,49.31,88.00,51.55
79.10,79.10,49.35,87.90,45.72
79.62,79.62,48.26,88.45,48.82
78.33,78.33,46.94,88.37,50.86
75.39,75.39,43.50,87.22,48.91
72.60,72.60,40.12,88.00,47.29
70.77,70.77,45.31,87.63,48.73
68.19,68.19,56.21,87.26,47.65
71.38,71.38,58.35,87.93,48.01
76.07,76.07,67.48,86.64,48.51
77.67,77.67,60.64,86.41,47.34
77.60,77.60,54.97,85.76,48.54
75.97,75.97,48.80,82.71,48.15
75.30,75.30,44.86,83.76,48.42
74.79,74.79,43.36,83.17,47.26
74.73,74.73,47.74,82.33,48.88
73.35,73.35,50.58,82.63,49.84
68.60,68.60,56.76,83.09,49.18
66.68,66.68,45.62,83.44,48.59
66.36,66.36,39.56,83.24,51.99
69.58,69.58,45.01,83.38,51.76
72.48,72.48,53.16,83.74,49.79
70.95,70.95,64.23,82.33,45.66
69.60,69.60,73.17,80.97,45.48
64.29,64.29,87.20,74.37,46.67
59.74,59.74,92.47,74.23,45.53
58.52,58.52,89.34,69.70,42.11
61.31,61.31,83.61,63.81,43.27
63.01,63.01,85.19,67.12,43.22
65.88,65.88,79.81,70.92,45.08
69.88,69.88,81.00,78.59,46.02
73.74,73.74,76.38,87.02,46.33
75.39,75.39,66.34,90.45,47.70
77.52,77.52,56.74,90.07,43.73
80.53,80.53,57.83,89.29,44.00
78.93,78.93,55.16,90.83,46.04
79.44,79.44,53.16,88.95,44.33
82.35,82.35,53.62,90.52,45.60
78.54,78.54,51.28,87.89,44.99
72.97,72.97,49.77,89.82,49.30
70.59,70.59,53.70,87.30,51.59
71.49,71.49,61.28,89.76,50.45
72.96,72.96,57.71,88.53,48.33
75.52,75.52,55.66,87.47,49.05
73.55,73.55,51.69,89.05,49.81
72.65,72.65,47.02,87.08,49.36
70.06,70.06,45.69,89.30,49.87
73.33,73.33,46.23,86.90,47.46
77.59,77.59,45.02,88.74,45.29
76.65,76.65,46.03,84.84,45.44
75.49,75.49,46.29,88.05,48.17
74.15,74.15,45.69,86.44,46.74
74.23,74.23,43.40,88.18,49.39
74.64,74.64,43.91,86.87,49.90
74.56,74.56,48.09,87.34,51.94
76.20,76.20,51.65,87.30,49.99
77.99,77.99,63.94,85.38,49.03
76.44,76.44,64.37,87.59,47.68
76.66,76.66,55.46,84.31,48.20
76.51,76.51,47.76,87.99,48.25
76.55,76.55,43.03,83.57,48.73
77.58,77.58,40.68,87.87,50.61
75.96,75.96,40.44,82.70,50.90
76.11,76.11,39.47,86.65,50.73
74.77,74.77,41.71,83.35,48.99
75.94,75.94,41.39,86.58,50.99
76.15,76.15,42.96,83.27,50.14
73.70,73.70,41.51,83.44,51.29
72.37,72.37,37.90,86.85,49.18
71.92,71.92,38.75,83.06,50.96
74.44,74.44,43.78,86.59,46.18
77.21,77.21,50.48,83.66,45.80
80.98,80.98,61.26,88.00,47.62
80.83,80.83,76.48,85.97,50.83
79.60,79.60,74.87,86.97,51.33
81.86,81.86,73.43,86.73,52.88
82.83,82.83,72.44,86.75,52.07
81.74,81.74,71.72,87.46,49.74
81.50,81.50,71.36,84.93,47.37
82.35,82.35,71.26,87.97,47.25
79.48,79.48,70.14,85.97,44.53
76.81,76.81,68.63,87.48,48.47
69.86,69.86,67.16,86.32,48.99
70.02,70.02,66.85,87.25,45.97
68.49,68.49,66.03,87.15,46.31
70.03,70.03,64.70,87.12,47.33
68.37,68.37,67.08,86.86,41.73
67.35,67.35,68.47,87.03,44.99
74.32,74.32,83.42,86.24,48.97
75.84,75.84,81.04,84.47,45.24
73.32,73.32,75.10,87.43,41.65
72.22,72.22,69.43,85.23,45.58
75.60,75.60,64.21,86.26,46.43
77.13,77.13,62.91,85.34,49.91
80.26,80.26,61.91,85.60,49.60
81.43,81.43,60.72,87.20,54.09
81.52,81.52,58.24,85.36,52.36
80.13,80.13,56.44,86.47,54.52
80.49,80.49,55.08,84.83,52.77
82.12,82.12,56.38,86.48,45.39
83.32,83.32,53.19,85.99,49.54
82.32,82.32,50.96,86.32,48.36
82.75,82.75,50.93,85.61,47.72
81.53,81.53,55.46,85.88,45.41
80.94,80.94,61.85,86.16,46.72
80.23,80.23,67.54,85.44,45.93
77.68,77.68,59.39,86.45,46.62
78.34,78.34,51.69,84.94,50.07
78.17,78.17,43.69,84.84,56.06
78.01,78.01,39.89,85.49,56.05
76.84,76.84,40.40,85.47,53.97
79.20,79.20,42.51,84.85,52.57
80.45,80.45,44.38,85.42,50.60
78.48,78.48,44.57,86.26,49.43
77.70,77.70,44.77,84.43,50.55
78.95,78.95,41.90,85.26,52.09
79.46,79.46,46.27,84.82,49.87
79.83,79.83,54.59,85.21,48.72
78.48,78.48,68.82,84.08,44.54
77.33,77.33,71.94,83.13,38.74
72.03,72.03,91.65,82.02,39.76
63.12,63.12,91.21,72.99,37.84
60.40,60.40,88.31,71.01,42.04
62.87,62.87,85.69,66.03,44.27
63.76,63.76,81.76,69.36,45.45
66.58,66.58,78.50,75.48,47.39
69.15,69.15,82.74,83.31,49.71
72.80,72.80,70.75,91.28,46.45
77.25,77.25,56.62,89.32,47.23
79.19,79.19,54.43,90.05,44.34
79.14,79.14,48.26,89.62,46.69
79.37,79.37,43.99,89.92,44.82
78.51,78.51,44.55,90.17,42.35
79.16,79.16,43.05,88.86,43.79
77.43,77.43,45.79,89.20,45.89
74.78,74.78,52.30,87.05,46.76
80.19,80.19,65.26,89.82,47.03
80.27,80.27,66.36,87.14,45.95
80.09,80.09,62.31,88.27,44.39
78.82,78.82,62.09,87.06,44.68
77.81,77.81,57.43,88.61,42.44
78.21,78.21,55.74,86.97,40.91
78.01,78.01,50.54,87.02,43.35
75.13,75.13,46.32,88.71,44.41
74.81,74.81,42.38,87.12,44.32
75.09,75.09,39.31,87.66,46.57
72.88,72.88,33.95,85.69,50.04
75.07,75.07,28.82,89.40,47.94
69.64,69.64,29.86,85.01,46.02
68.71,68.71,37.12,88.64,45.71
70.01,70.01,41.66,84.78,46.01
68.72,68.72,47.69,88.19,46.36
74.49,74.49,66.82,85.56,47.24
82.12,82.12,63.20,86.74,45.47
83.75,83.75,57.51,87.42,46.07
83.77,83.77,57.10,83.24,47.64
81.56,81.56,62.89,86.62,50.81
79.09,79.09,59.18,82.84,54.49
82.72,82.72,58.28,87.13,48.98
82.10,82.10,58.59,81.54,46.68
81.22,81.22,65.71,84.98,49.64
82.98,82.98,60.75,82.13,52.52
83.53,83.53,56.30,86.53,53.54
84.68,84.68,52.32,84.24,53.96
83.42,83.42,53.25,83.54,54.27
82.33,82.33,66.46,86.74,52.13
82.38,82.38,71.94,85.15,45.79
78.81,78.81,79.84,86.38,43.97
65.34,65.34,91.87,76.73,46.40
59.29,59.29,91.65,58.36,53.75
56.21,56.21,88.29,71.64,56.99
54.54,54.54,83.38,54.42,53.81
56.01,56.01,81.72,72.09,53.23
59.30,59.30,81.12,76.22,55.62
60.73,60.73,79.70,86.99,55.70
61.68,61.68,72.34,90.67,48.12
70.43,70.43,61.40,89.25,46.74
77.36,77.36,58.51,90.47,46.41
76.88,76.88,56.28,89.48,49.83
75.95,75.95,46.91,90.38,53.40
77.38,77.38,53.94,87.67,54.77
79.05,79.05,63.84,90.28,56.96
77.78,77.78,69.25,87.32,61.84
74.35,74.35,81.10,88.25,62.08
67.21,67.21,91.26,82.13,50.96
60.57,60.57,92.02,70.90,51.76
55.41,55.41,88.17,72.81,53.95
58.33,58.33,83.29,60.39,58.19
59.94,59.94,81.88,71.25,61.88
64.29,64.29,80.52,75.75,67.05
67.31,67.31,79.12,87.92,66.63
68.14,68.14,70.11,88.96,64.88
70.43,70.43,54.30,89.41,64.45
64.93,64.93,54.02,89.44,64.09
64.59,64.59,44.82,88.83,60.72
63.53,63.53,35.83,90.02,63.37
67.18,67.18,39.83,88.15,59.39
68.35,68.35,46.50,90.50,53.16
78.40,78.40,58.65,88.53,49.34
77.12,77.12,62.45,89.14,53.63
79.16,79.16,71.76,87.95,55.39
78.90,78.90,74.65,89.77,50.81
77.10,77.10,73.53,87.52,54.31
72.20,72.20,71.95,87.70,52.73
68.54,68.54,69.95,89.07,57.88
68.09,68.09,68.63,85.93,59.85
68.73,68.73,66.29,88.14,59.12
70.62,70.62,67.59,85.55,56.68
73.04,73.04,65.05,88.66,53.74
76.22,76.22,63.20,85.90,53.52
75.48,75.48,62.83,88.36,54.91
73.15,73.15,64.25,85.03,59.60
70.41,70.41,62.36,87.58,57.20
66.20,66.20,64.98,83.94,56.23
65.08,65.08,66.87,86.73,52.64
62.47,62.47,76.63,84.51,49.16
64.06,64.06,84.30,84.37,46.83
68.76,68.76,80.09,86.06,47.10
74.27,74.27,75.53,83.28,46.87
72.52,72.52,69.92,86.78,46.92
72.91,72.91,70.20,82.79,45.44
74.66,74.66,70.07,87.57,44.86
74.88,74.88,71.17,82.82,46.64
76.33,76.33,69.74,87.01,47.06
77.71,77.71,67.68,81.85,46.26
81.04,81.04,68.46,84.44,48.65
81.20,81.20,66.73,84.16,49.12
82.07,82.07,64.21,84.87,49.82
83.19,83.19,64.37,85.40,54.48
82.53,82.53,64.08,83.32,54.20
81.53,81.53,63.18,88.42,52.49
80.32,80.32,64.53,83.55,51.02
79.97,79.97,68.41,87.16,46.06
79.12,79.12,64.93,85.40,48.46
76.00,76.00,60.19,87.79,49.54
73.59,73.59,55.54,85.57,50.08
76.98,76.98,53.15,86.22,51.63
75.88,75.88,54.69,86.22,52.81
74.90,74.90,50.97,86.33,51.21
76.30,76.30,57.15,87.86,52.99
77.03,77.03,56.98,86.30,52.87
77.34,77.34,55.32,87.90,50.32
75.88,75.88,52.54,86.07,52.18
75.91,75.91,50.95,87.27,50.90
75.55,75.55,52.45,86.31,51.58
74.61,74.61,54.62,86.59,50.06
76.88,76.88,57.42,86.73,50.31
77.25,77.25,65.26,86.67,49.14
77.27,77.27,66.50,87.10,49.90
77.88,77.88,58.39,85.42,49.29
76.69,76.69,54.58,86.12,52.72
78.12,78.12,52.14,85.61,50.20
75.54,75.54,47.60,86.97,51.57
76.21,76.21,43.22,86.45,52.62
75.59,75.59,41.40,86.86,49.94
77.03,77.03,43.40,85.82,49.03
80.14,80.14,48.47,86.48,47.30
80.48,80.48,51.96,86.80,48.97
82.25,82.25,52.45,85.66,47.09
78.81,78.81,52.36,86.06,49.29
74.72,74.72,47.63,84.97,49.26
74.01,74.01,46.58,85.87,48.12
74.38,74.38,51.84,85.58,48.31
80.26,80.26,64.10,85.70,45.45
81.33,81.33,68.78,83.18,47.01
81.10,81.10,67.41,84.29,44.74
81.23,81.23,64.04,86.61,43.65
82.75,82.75,64.04,83.43,45.61
82.67,82.67,60.33,82.30,46.31
80.47,80.47,57.63,85.48,46.78
74.27,74.27,53.52,82.72,49.65
73.17,73.17,54.92,84.63,49.10
70.64,70.64,58.81,84.56,49.93
68.97,68.97,51.45,83.51,52.35
70.71,70.71,45.52,86.73,52.31
69.40,69.40,44.87,83.93,51.26
67.28,67.28,52.20,84.40,49.92
69.01,69.01,66.52,83.66,49.81
69.33,69.33,70.79,79.59,51.18
65.42,65.42,87.04,83.02,46.14
60.37,60.37,92.32,76.84,42.05
58.45,58.45,88.23,71.61,42.23
61.96,61.96,86.53,71.95,44.89
62.57,62.57,81.59,76.26,43.65
66.16,66.16,85.53,81.18,44.70
68.50,68.50,82.56,86.79,45.64
72.06,72.06,67.30,87.99,45.62
75.04,75.04,63.31,91.74,46.10
77.19,77.19,60.29,89.84,44.75
79.61,79.61,52.92,90.29,44.30
81.36,81.36,51.99,90.74,44.90
82.78,82.78,52.25,91.71,45.22
83.34,83.34,52.96,89.69,43.52
83.38,83.38,55.83,89.74,42.88
80.86,80.86,57.54,91.36,42.63
78.27,78.27,61.00,90.50,47.53
72.21,72.21,66.57,90.28,46.16
73.10,73.10,57.81,89.54,47.64
71.35,71.35,52.91,90.83,50.06
71.89,71.89,49.26,89.47,51.21
73.40,73.40,45.36,87.43,49.30
73.54,73.54,53.90,88.12,49.13
71.34,71.34,57.48,88.93,47.05
72.50,72.50,58.25,87.12,44.52
77.14,77.14,53.34,86.21,45.07
78.81,78.81,52.07,88.34,47.58
77.21,77.21,49.72,88.29,48.59
76.18,76.18,47.42,84.54,47.70
78.08,78.08,48.17,84.86,45.90
77.39,77.39,50.88,86.94,46.24
75.77,75.77,50.75,85.45,49.19
74.84,74.84,64.43,85.24,47.73
78.16,78.16,61.32,86.97,48.57
79.18,79.18,53.86,88.05,49.04
79.16,79.16,49.73,86.11,48.34
79.30,79.30,46.19,85.66,48.26
79.53,79.53,47.01,85.59,48.61
80.01,80.01,46.42,89.05,48.56
79.90,79.90,45.63,85.67,49.26
79.46,79.46,45.53,86.76,52.20
76.75,76.75,41.61,87.69,51.30
73.56,73.56,38.10,88.17,50.06
70.12,70.12,38.93,87.15,49.70
70.29,70.29,43.32,87.78,50.76
68.73,68.73,48.43,89.62,46.27
73.59,73.59,58.34,88.05,43.77
81.44,81.44,60.94,88.54,40.83
81.88,81.88,64.62,88.13,43.45
81.02,81.02,75.59,89.63,44.06
78.27,78.27,73.48,88.42,44.96
75.22,75.22,71.38,88.26,45.57
72.53,72.53,69.25,89.29,46.04
72.97,72.97,68.25,87.11,48.33
71.51,71.51,65.47,88.00,49.73
73.01,73.01,65.35,88.55,49.46
72.97,72.97,64.24,90.07,48.41
74.63,74.63,64.85,88.79,46.87
74.65,74.65,64.54,87.47,46.90
75.34,75.34,65.06,87.60,47.58
72.02,72.02,64.86,87.71,49.14
69.60,69.60,65.10,87.47,47.58
65.61,65.61,66.75,87.16,44.32
60.28,60.28,68.49,89.18,43.70
70.34,70.34,85.20,87.48,45.75
69.08,69.08,81.97,87.53,46.18
74.48,74.48,76.08,87.93,41.75
76.27,76.27,68.58,88.55,42.46
75.71,75.71,63.00,87.50,45.92
77.14,77.14,58.08,86.48,49.14
77.81,77.81,56.11,88.02,50.16
78.40,78.40,54.85,87.58,47.16
80.24,80.24,55.16,87.03,47.36
80.15,80.15,55.72,86.64,48.86
79.53,79.53,54.53,88.27,50.02
81.10,81.10,52.73,87.22,46.15
79.60,79.60,51.99,85.72,47.41
79.52,79.52,55.49,87.78,44.88
79.44,79.44,57.25,87.09,43.92
83.20,83.20,60.25,86.16,44.07
83.79,83.79,65.30,86.00,43.30
82.53,82.53,68.10,86.71,44.72
79.53,79.53,62.02,85.81,43.34
74.36,74.36,55.41,85.93,44.81
72.15,72.15,50.59,87.94,46.79
75.34,75.34,48.07,86.40,48.32
74.32,74.32,46.11,85.74,49.78
74.54,74.54,47.20,85.81,50.19
74.11,74.11,49.86,86.49,52.25
78.59,78.59,50.86,86.43,53.46
77.56,77.56,49.91,85.51,51.69
77.38,77.38,46.18,87.46,51.51
75.45,75.45,48.58,86.00,49.72
76.55,76.55,58.20,85.25,46.35
75.33,75.33,68.62,84.97,43.04
75.00,75.00,75.99,83.71,41.57
67.01,67.01,91.41,80.39,40.92
62.00,62.00,92.71,74.91,40.86
58.30,58.30,87.30,70.90,47.48
59.25,59.25,83.21,71.08,49.92
62.28,62.28,83.74,77.23,53.31
66.63,66.63,84.62,83.51,52.18
70.65,70.65,79.14,87.62,51.23
70.79,70.79,66.67,91.18,51.00
72.49,72.49,63.96,89.94,47.25
73.28,73.28,56.28,90.66,48.29
68.26,68.26,45.41,91.03,50.62
66.34,66.34,42.71,91.39,46.46
66.27,66.27,40.86,90.44,46.66
67.50,67.50,42.67,90.95,49.58
68.33,68.33,45.85,91.10,45.41
72.04,72.04,50.29,90.68,45.01
75.40,75.40,63.47,89.84,47.74
77.73,77.73,62.97,89.17,46.59
80.10,80.10,56.18,90.48,46.61
80.92,80.92,50.37,88.66,47.26
83.00,83.00,46.93,88.51,48.06
83.04,83.04,45.94,88.38,49.41
83.35,83.35,46.14,88.83,49.57
81.14,81.14,47.04,86.96,48.99
77.64,77.64,47.44,85.09,47.99
78.50,78.50,47.63,87.48,45.06
79.92,79.92,48.00,85.53,43.10
80.19,80.19,47.17,85.44,45.72
82.03,82.03,47.63,85.00,48.83
82.31,82.31,50.25,87.01,49.93
83.72,83.72,53.92,87.35,47.64
83.25,83.25,59.08,82.97,50.05
83.35,83.35,64.89,85.22,48.80
82.66,82.66,59.05,87.08,50.85
81.46,81.46,55.22,85.75,47.34
78.70,78.70,55.50,83.18,48.81
81.79,81.79,58.66,86.21,47.50
78.34,78.34,54.73,87.86,48.54
80.09,80.09,54.02,85.88,51.32
77.52,77.52,55.47,86.95,50.92
78.14,78.14,63.95,88.25,50.53
78.78,78.78,60.15,89.10,54.02
80.49,80.49,54.57,86.63,51.83
80.39,80.39,52.44,88.25,48.46
77.89,77.89,49.45,88.52,51.82
76.73,76.73,57.49,87.79,48.56
72.59,72.59,65.71,87.57,49.50
73.92,73.92,79.61,85.57,46.00
66.98,66.98,91.88,83.06,51.23
59.54,59.54,91.60,73.02,53.66
56.69,56.69,85.41,68.32,46.88
58.46,58.46,81.89,72.20,50.57
61.84,61.84,84.35,77.27,54.01
64.60,64.60,85.28,86.98,53.71
66.56,66.56,74.23,86.88,48.69
66.18,66.18,64.42,89.32,49.93
66.86,66.86,65.85,90.58,55.74
66.40,66.40,59.41,91.01,51.16
67.13,67.13,50.68,90.09,49.34
68.72,68.72,48.11,90.53,49.90
68.04,68.04,49.70,91.71,52.36
67.43,67.43,59.36,90.44,52.15
63.42,63.42,70.01,89.27,50.63
60.99,60.99,84.54,85.23,47.19
52.88,52.88,91.88,77.56,43.12
51.10,51.10,92.08,68.79,44.37
53.13,53.13,84.22,72.65,51.10
53.68,53.68,83.07,73.74,55.78
55.97,55.97,83.64,76.87,59.28
57.92,57.92,84.16,87.63,56.22
60.16,60.16,75.62,87.43,58.49
59.83,59.83,62.47,89.35,59.14
62.81,62.81,64.95,90.88,63.33
62.34,62.34,54.71,91.94,61.40
62.68,62.68,51.30,90.22,62.77
63.75,63.75,53.02,89.99,55.24
62.80,62.80,53.00,90.32,53.58
58.83,58.83,52.69,90.82,54.17
59.97,59.97,54.12,90.31,57.41
57.52,57.52,56.79,90.58,57.50
56.56,56.56,74.16,91.12,58.92
59.09,59.09,76.17,90.01,53.95
60.76,60.76,73.58,88.76,55.63
56.57,56.57,73.36,88.55,56.42
56.80,56.80,72.58,90.14,53.76
56.30,56.30,71.71,87.76,53.35
58.89,58.89,71.03,87.81,55.31
60.15,60.15,72.35,87.55,56.52
60.17,60.17,70.17,88.93,56.70
54.34,54.34,69.66,86.90,58.19
53.55,53.55,68.76,85.13,56.15
54.08,54.08,69.70,88.65,57.43
51.38,51.38,68.77,85.74,54.74
50.07,50.07,68.01,84.70,48.43
54.06,54.06,69.14,84.72,46.89
57.48,57.48,79.14,83.77,48.36
50.98,50.98,85.43,80.44,42.66
51.79,51.79,82.03,77.08,42.90
56.23,56.23,79.47,63.17,48.52
55.05,55.05,76.05,57.91,48.49
55.07,55.07,77.37,54.39,48.00
57.05,57.05,79.05,43.63,49.26
52.95,52.95,79.08,36.98,48.16
57.67,57.67,78.88,36.79,48.44
52.60,52.60,78.91,25.26,48.17
50.51,50.51,77.03,26.19,44.72
49.64,49.64,77.70,24.13,49.93
52.53,52.53,76.90,22.44,50.72
52.55,52.55,74.66,23.95,49.76
51.83,51.83,73.35,23.66,48.43
44.92,44.92,73.23,23.23,43.69
46.30,46.30,69.23,21.54,45.33
47.16,47.16,67.96,19.69,46.70
48.65,48.65,65.94,20.66,45.06
50.68,50.68,64.46,19.54,43.71
48.37,48.37,67.68,16.83,43.27
50.07,50.07,66.94,20.86,43.77
49.04,49.04,67.36,20.24,43.67
46.87,46.87,67.00,23.63,43.28
49.00,49.00,70.55,17.11,45.63
49.52,49.52,67.36,17.18,46.84
47.88,47.88,67.28,21.56,46.37
49.51,49.51,66.42,20.20,44.09
50.04,50.04,68.20,19.73,43.59
49.67,49.67,70.01,20.75,44.22
47.24,47.24,67.59,18.85,44.38
49.18,49.18,69.79,21.49,45.26
50.50,50.50,67.18,26.18,46.34
52.16,52.16,66.76,28.67,47.79
48.66,48.66,66.45,22.44,45.81
49.16,49.16,67.76,23.33,43.41
48.83,48.83,65.61,20.45,44.71
46.44,46.44,67.43,21.57,46.53
47.81,47.81,69.68,22.54,47.13
46.94,46.94,70.29,20.94,43.82
42.98,42.98,68.42,22.96,45.58
46.31,46.31,66.74,28.31,46.24
44.47,44.47,67.07,24.00,46.33
44.48,44.48,67.69,24.84,43.48
41.85,41.85,63.21,22.39,41.36
42.82,42.82,64.97,22.81,43.10
44.31,44.31,67.64,27.21,45.66
42.00,42.00,66.59,23.00,44.21
40.73,40.73,64.04,21.76,44.03
44.75,44.75,64.15,21.33,44.88
44.66,44.66,63.40,21.48,43.32
46.12,46.12,62.49,27.01,42.73
44.82,44.82,65.48,26.89,42.07
46.18,46.18,67.09,28.11,42.42
45.97,45.97,63.95,25.98,40.12
50.36,50.36,63.26,32.44,41.08
56.23,56.23,63.38,37.71,44.00
60.18,60.18,62.61,36.47,41.94
65.19,65.19,60.31,37.30,44.00
61.11,61.11,56.35,29.03,39.67
68.80,68.80,57.26,29.95,41.24
66.12,66.12,54.60,32.65,43.48
69.27,69.27,49.70,33.37,42.05
73.28,73.28,47.91,41.48,46.78
75.29,75.29,47.13,57.19,50.70
72.48,72.48,44.16,64.36,59.85
77.85,77.85,41.76,68.91,60.58
78.53,78.53,40.04,68.21,60.48
78.41,78.41,42.14,66.00,59.63
79.82,79.82,39.07,63.71,53.72
79.49,79.49,36.16,64.93,50.18
77.73,77.73,38.04,65.69,51.65
78.36,78.36,37.05,66.52,51.50
78.55,78.55,36.93,68.28,56.73
78.42,78.42,38.22,68.60,57.54
75.26,75.26,37.59,69.15,56.69
75.12,75.12,36.97,67.68,56.25
77.90,77.90,36.22,66.87,56.21
77.08,77.08,38.54,68.68,57.41
78.57,78.57,36.50,67.91,56.08
72.53,72.53,36.42,68.99,56.67
73.73,73.73,36.86,69.29,57.88
75.49,75.49,35.32,69.18,57.61
76.11,76.11,35.31,67.97,59.45
76.60,76.60,35.12,66.58,58.98
75.40,75.40,35.59,67.85,58.64
77.84,77.84,34.05,68.38,61.30
79.86,79.86,35.37,68.26,60.68
81.20,81.20,33.82,68.70,62.06
80.72,80.72,35.02,67.35,60.17
81.74,81.74,36.49,68.17,59.27
80.19,80.19,37.44,69.06,57.34
81.49,81.49,37.98,68.93,57.49
81.49,81.49,36.24,68.09,56.57
81.38,81.38,34.74,67.67,56.26
79.66,79.66,33.31,67.45,56.59
79.78,79.78,31.31,69.08,55.33
81.44,81.44,29.88,68.81,53.93
76.79,76.79,32.26,67.83,56.58
79.33,79.33,31.79,66.70,59.25
82.43,82.43,30.98,67.92,63.24
81.08,81.08,34.15,67.89,64.28
77.30,77.30,32.38,67.24,60.57
74.64,74.64,30.26,66.46,60.77
78.81,78.81,29.76,65.54,59.57
78.37,78.37,28.13,65.58,61.18
75.61,75.61,27.41,65.86,61.39
74.12,74.12,29.17,66.10,63.44
72.22,72.22,31.62,66.08,63.47
71.66,71.66,34.63,64.61,64.39
70.97,70.97,36.79,67.04,64.90
72.22,72.22,38.63,68.27,62.14
71.13,71.13,39.36,68.00,60.06
71.14,71.14,37.98,67.47,60.07
73.15,73.15,33.88,67.20,60.36
74.04,74.04,30.99,67.94,59.20
75.13,75.13,34.77,68.41,60.87
72.83,72.83,35.49,69.70,60.19
74.68,74.68,38.95,68.96,61.69
72.30,72.30,34.72,69.33,60.85
77.18,77.18,30.61,69.43,60.87
78.79,78.79,30.22,69.19,63.22
74.34,74.34,29.72,69.20,61.79
75.81,75.81,29.72,67.11,61.73
75.41,75.41,27.41,66.29,60.03
76.08,76.08,24.95,68.22,58.79
76.72,76.72,21.36,69.20,56.58
78.43,78.43,20.73,69.10,55.20
80.36,80.36,24.38,68.38,52.98
76.20,76.20,24.15,67.28,57.06
75.44,75.44,23.46,67.38,60.16
74.02,74.02,22.91,68.91,62.01
79.23,79.23,21.75,69.39,63.07
82.54,82.54,16.98,67.91,61.81
76.27,76.27,17.61,67.86,58.85
77.77,77.77,14.40,68.37,55.63
79.57,79.57,10.92,69.15,53.31
79.57,79.57,7.27,69.44,53.60
77.67,77.67,5.16,68.44,52.83
82.22,82.22,7.15,69.70,54.76
79.01,79.01,9.11,67.34,55.08
75.89,75.89,13.73,69.31,54.67
80.74,80.74,17.22,69.03,52.28
80.21,80.21,20.50,69.26,54.28
75.46,75.46,24.34,68.91,56.25
77.08,77.08,25.89,70.23,55.26
77.46,77.46,23.81,70.36,55.05
79.03,79.03,21.18,70.13,55.63
78.23,78.23,25.47,68.66,56.02
72.39,72.39,23.43,68.72,57.82
70.73,70.73,15.02,68.81,55.69
75.83,75.83,14.77,69.34,54.28
72.16,72.16,19.96,69.57,51.70
71.37,71.37,23.47,69.16,50.45
73.02,73.02,27.84,67.90,50.17
73.41,73.41,28.91,69.93,50.64
73.34,73.34,27.11,69.47,51.69
73.33,73.33,27.15,70.92,51.48
72.37,72.37,26.99,71.39,52.67
75.58,75.58,30.30,70.19,54.39
74.39,74.39,30.33,71.11,53.86
76.55,76.55,27.18,70.72,55.73
77.41,77.41,26.43,70.82,56.22
78.64,78.64,27.27,70.09,54.29
77.63,77.63,25.52,68.65,53.57
75.03,75.03,19.28,68.39,52.89
70.73,70.73,23.88,69.08,53.25
68.26,68.26,27.38,69.55,55.28
75.78,75.78,31.06,68.67,58.17
75.02,75.02,32.02,67.57,57.48
72.80,72.80,29.33,68.35,55.35
66.86,66.86,26.56,70.17,52.77
69.34,69.34,32.91,70.06,52.11
74.62,74.62,28.39,71.35,48.60
78.02,78.02,29.60,71.16,48.43
74.86,74.86,32.20,70.02,51.74
72.00,72.00,31.78,70.99,49.67
74.98,74.98,27.91,69.93,47.03
73.99,73.99,24.93,70.41,48.90
76.84,76.84,29.84,68.43,51.48
74.67,74.67,36.02,67.38,52.45
72.32,72.32,41.80,66.67,54.05
71.39,71.39,48.57,68.31,50.96
74.73,74.73,42.44,68.48,49.67
72.06,72.06,39.44,68.33,49.21
70.77,70.77,39.62,69.23,49.69
70.81,70.81,34.06,70.32,48.61
70.67,70.67,33.05,70.99,48.51
71.53,71.53,27.34,70.27,49.35
71.04,71.04,28.01,68.03,47.72
71.08,71.08,30.25,69.47,45.45
71.35,71.35,27.85,70.07,42.03
77.92,77.92,17.67,69.01,40.67
76.46,76.46,25.36,66.09,44.88
77.21,77.21,29.02,66.07,44.61
76.01,76.01,28.29,68.16,46.46
79.63,79.63,23.39,67.83,47.43
74.93,74.93,17.39,69.05,46.05
80.46,80.46,20.88,68.98,42.52
78.66,78.66,26.33,68.46,45.96
78.52,78.52,28.72,67.42,47.36
78.69,78.69,29.72,69.95,46.22
77.72,77.72,30.14,69.45,48.44
76.66,76.66,28.46,70.00,50.95
77.58,77.58,25.14,69.21,48.93
74.75,74.75,18.91,68.56,48.98
77.57,77.57,14.87,70.07,50.31
77.88,77.88,13.68,70.97,49.64
78.24,78.24,12.27,71.24,44.27
77.20,77.20,16.53,71.87,45.81
75.98,75.98,21.27,70.49,48.20
74.70,74.70,25.92,70.56,49.18
77.35,77.35,26.14,71.13,49.48
78.41,78.41,24.54,70.19,52.04
74.17,74.17,29.20,69.13,47.09
72.28,72.28,28.85,68.88,47.76
69.01,69.01,23.86,71.01,48.26
70.15,70.15,26.42,71.74,47.68
69.64,69.64,26.93,71.33,47.31
69.51,69.51,30.28,71.06,46.39
66.57,66.57,35.78,70.67,48.61
68.21,68.21,29.24,71.47,49.97
69.55,69.55,24.28,70.99,50.69
77.59,77.59,23.30,70.36,51.12
77.01,77.01,22.74,70.34,45.15
75.83,75.83,21.61,69.74,47.33
78.59,78.59,17.96,70.88,42.08
77.44,77.44,18.20,70.59,41.90
80.21,80.21,21.60,71.12,43.89
81.91,81.91,21.47,72.00,44.47
81.19,81.19,21.99,71.57,47.74
79.87,79.87,28.02,71.59,43.72
81.47,81.47,27.30,71.81,45.21
75.51,75.51,26.04,71.73,44.66
77.05,77.05,24.41,71.46,43.36
76.34,76.34,23.14,68.40,42.98
76.86,76.86,21.97,69.74,42.89
74.85,74.85,19.21,69.60,44.93
75.03,75.03,16.81,69.71,45.30
75.54,75.54,19.89,70.03,43.25
76.45,76.45,21.87,70.71,40.90
74.51,74.51,23.19,69.86,42.64
77.92,77.92,20.96,70.56,42.44
76.99,76.99,20.42,70.97,40.67
75.64,75.64,22.98,69.95,40.42
72.98,72.98,24.95,70.22,40.14
74.86,74.86,27.88,71.33,43.74
69.46,69.46,26.10,70.63,45.42
71.06,71.06,25.40,69.15,45.23
74.87,74.87,26.09,69.07,41.54
71.78,71.78,28.16,70.06,38.35
73.24,73.24,26.05,69.29,38.25
73.08,73.08,25.94,69.44,37.08
73.27,73.27,25.66,69.61,40.71
71.86,71.86,26.97,68.08,43.37
70.23,70.23,26.59,69.37,48.82
71.12,71.12,27.55,70.86,46.94
69.54,69.54,26.96,70.35,46.85
70.90,70.90,27.85,70.18,47.33
71.43,71.43,26.92,70.16,46.50
70.60,70.60,29.91,70.63,47.22
73.01,73.01,29.31,70.52,47.26
70.40,70.40,25.33,69.77,46.51
69.04,69.04,25.80,69.80,45.02
69.14,69.14,29.23,68.52,45.74
68.85,68.85,32.71,69.65,41.06
67.30,67.30,31.63,68.87,44.84
68.23,68.23,24.81,69.78,41.31
69.49,69.49,24.15,71.57,44.16
68.61,68.61,25.37,71.41,45.08
69.90,69.90,25.65,70.39,43.26
69.10,69.10,29.49,70.98,45.50
67.48,67.48,30.87,70.02,45.09
68.37,68.37,27.69,69.38,44.10
70.39,70.39,22.23,67.81,43.41
70.71,70.71,20.05,68.22,42.33
69.29,69.29,19.79,68.95,41.85
67.39,67.39,24.41,70.95,43.18
67.53,67.53,31.15,71.26,47.04
68.81,68.81,33.37,69.73,43.27
69.24,69.24,30.61,69.89,42.89
67.42,67.42,25.91,71.01,42.63
67.82,67.82,19.67,71.30,47.07
67.84,67.84,19.74,71.36,47.32
65.55,65.55,18.44,72.07,44.77
67.56,67.56,19.45,71.93,44.16
68.52,68.52,21.24,71.74,43.26
68.12,68.12,20.08,72.55,44.27
65.16,65.16,19.25,72.29,43.44
63.25,63.25,20.55,70.63,44.38
65.18,65.18,20.84,70.39,45.26
65.27,65.27,22.47,71.85,45.24
66.49,66.49,21.48,72.02,46.95
67.02,67.02,20.74,71.74,46.81
66.34,66.34,20.46,71.72,46.57
64.79,64.79,22.12,71.21,43.43
65.51,65.51,23.88,72.41,43.01
68.79,68.79,24.85,72.18,45.99
68.47,68.47,24.39,71.06,43.48
68.47,68.47,23.81,70.61,44.26
68.13,68.13,23.41,69.60,41.72
68.59,68.59,23.97,70.08,44.04
68.09,68.09,21.40,70.44,44.15
68.19,68.19,20.95,72.11,46.46
66.88,66.88,16.46,71.22,48.43
66.85,66.85,13.93,70.09,48.58
64.12,64.12,12.74,66.66,48.35
66.28,66.28,8.66,65.45,50.82
64.88,64.88,6.99,66.32,51.09
62.37,62.37,7.88,68.89,50.95
67.22,67.22,10.28,70.44,48.76
65.40,65.40,8.90,71.12,47.27
66.32,66.32,8.40,71.53,47.44
70.07,70.07,9.42,71.33,43.38
67.59,67.59,10.13,70.24,42.26
71.63,71.63,12.36,70.09,40.15
71.12,71.12,12.62,67.09,41.67
70.28,70.28,13.31,66.39,43.29
71.95,71.95,13.07,68.90,44.61
77.58,77.58,14.73,68.60,44.86
73.80,73.80,15.91,69.54,48.58
75.51,75.51,19.37,68.14,48.25
75.76,75.76,21.69,66.96,46.41
74.82,74.82,22.29,67.35,52.55
77.24,77.24,22.95,65.33,55.83
78.13,78.13,21.72,65.30,56.02
77.32,77.32,21.30,67.04,54.04
80.96,80.96,21.92,69.45,55.15
82.17,82.17,22.94,66.92,55.75
80.05,80.05,23.87,67.50,56.38
80.53,80.53,30.31,67.53,57.32
80.02,80.02,34.18,67.06,59.52
80.44,80.44,33.48,68.97,62.63
78.94,78.94,26.74,66.56,62.74
76.81,76.81,18.02,60.39,63.72
75.25,75.25,16.05,65.63,63.87
78.17,78.17,16.55,67.66,63.72
78.87,78.87,22.65,68.21,65.16
78.75,78.75,25.20,65.64,65.71
76.71,76.71,25.67,68.04,63.58
81.33,81.33,25.13,66.51,62.30
77.82,77.82,26.88,65.65,63.06
72.39,72.39,25.71,67.28,60.93
71.91,71.91,15.04,67.95,63.26
72.14,72.14,11.89,65.65,63.70
74.35,74.35,10.59,68.30,63.31
77.41,77.41,9.23,66.87,65.54
73.33,73.33,10.28,68.79,66.71
71.11,71.11,20.93,70.77,65.08
71.75,71.75,27.32,71.13,64.72
70.77,70.77,25.35,67.80,63.41
70.30,70.30,24.50,68.10,62.43
70.54,70.54,23.63,68.10,59.80
78.30,78.30,23.74,65.79,58.49
75.60,75.60,25.42,64.90,57.10
74.48,74.48,19.28,67.60,58.20
71.88,71.88,19.06,68.01,58.62
76.69,76.69,17.51,69.19,57.87
75.07,75.07,15.99,69.69,56.97
76.19,76.19,20.25,67.49,59.63
74.56,74.56,24.40,68.13,60.00
72.61,72.61,22.77,69.48,57.97
73.76,73.76,15.49,65.75,58.56
74.09,74.09,14.55,66.77,59.76
72.08,72.08,17.53,66.07,60.70
71.51,71.51,18.74,64.10,60.22
69.71,69.71,17.97,64.69,60.74
67.90,67.90,17.81,66.00,62.73
73.70,73.70,20.50,66.91,63.62
72.90,72.90,21.03,64.94,62.59
73.67,73.67,20.30,67.11,61.32
74.46,74.46,23.32,65.25,61.14
72.73,72.73,21.09,69.03,62.23
79.61,79.61,24.29,67.55,62.27
76.73,76.73,24.14,67.01,63.27
77.89,77.89,23.08,68.59,64.09
77.29,77.29,21.71,67.21,63.91
74.19,74.19,23.66,68.68,64.54
76.21,76.21,22.49,62.52,64.94
76.75,76.75,21.00,63.25,63.18
78.39,78.39,19.62,64.81,60.95
78.97,78.97,15.97,61.00,59.11
78.10,78.10,14.05,62.00,58.23
77.05,77.05,14.44,66.33,60.36
78.59,78.59,18.82,65.98,60.61
78.19,78.19,15.28,66.40,59.65
75.61,75.61,18.78,68.44,60.99
75.77,75.77,21.72,69.98,59.21
75.99,75.99,23.41,68.76,58.59
76.18,76.18,21.19,68.49,58.30
77.74,77.74,21.43,68.03,57.42
72.34,72.34,17.01,70.27,57.81
73.67,73.67,13.91,69.46,56.68
74.67,74.67,15.64,68.16,58.36
74.12,74.12,16.91,67.56,60.53
71.78,71.78,16.63,69.45,60.38
70.83,70.83,14.99,67.78,61.90
70.02,70.02,17.05,66.59,63.38
69.71,69.71,23.80,64.77,62.79
76.78,76.78,24.69,65.41,61.84
79.00,79.00,22.50,65.34,59.65
82.48,82.48,22.56,64.62,58.06
81.82,81.82,23.93,65.80,57.32
81.29,81.29,25.17,67.95,55.18
77.10,77.10,25.48,64.67,54.27
77.28,77.28,21.80,66.51,54.56
76.79,76.79,21.15,67.20,55.30
77.35,77.35,20.28,66.13,56.81
76.35,76.35,20.94,62.96,55.09
76.44,76.44,18.50,61.36,57.28
75.49,75.49,11.50,65.58,57.62
76.22,76.22,17.24,63.51,57.79
75.16,75.16,27.26,67.51,57.78
74.84,74.84,31.18,63.69,58.94
74.41,74.41,30.28,63.69,58.51
70.72,70.72,31.86,69.22,59.85
69.56,69.56,30.22,65.67,60.25
69.65,69.65,24.99,65.76,60.69
72.81,72.81,21.29,64.86,61.33
74.75,74.75,20.85,67.89,59.99
71.24,71.24,22.65,65.93,59.80
70.79,70.79,21.94,65.04,58.34
73.70,73.70,19.72,68.93,58.19
75.21,75.21,18.92,68.36,58.86
74.57,74.57,18.56,67.47,61.45
74.32,74.32,17.76,67.30,62.19
76.95,76.95,17.12,67.24,61.34
75.97,75.97,17.42,68.58,61.30
76.13,76.13,19.78,68.27,59.83
73.33,73.33,26.41,67.61,59.51
70.60,70.60,29.83,68.84,59.76
69.26,69.26,22.81,68.18,58.67
67.18,67.18,23.72,67.00,56.26
71.49,71.49,17.56,69.00,51.41
78.21,78.21,19.89,70.68,50.82
76.81,76.81,24.82,68.40,51.10
76.25,76.25,28.20,67.33,51.16
77.76,77.76,27.88,71.13,50.28
76.07,76.07,23.75,67.67,48.25
74.93,74.93,20.05,67.41,48.91
76.95,76.95,13.96,69.81,46.29
73.68,73.68,16.13,68.23,50.68
72.67,72.67,24.85,66.09,53.43
73.16,73.16,30.45,65.99,51.86
74.06,74.06,31.17,65.46,54.52
74.13,74.13,27.88,64.33,52.19
71.43,71.43,28.98,66.33,51.52
73.51,73.51,35.51,65.68,54.25
72.50,72.50,27.89,61.44,52.94
72.30,72.30,22.88,63.03,53.28
75.33,75.33,16.76,66.07,53.83
77.59,77.59,21.80,63.09,53.29
76.85,76.85,22.77,67.31,52.49
79.63,79.63,24.19,66.61,52.98
75.84,75.84,27.24,68.75,52.49
74.97,74.97,27.58,66.93,51.98
76.45,76.45,24.00,69.36,50.36
75.53,75.53,24.04,68.34,50.29
75.44,75.44,25.45,68.60,49.23
79.15,79.15,24.72,68.05,51.87
77.38,77.38,22.96,64.54,56.96
80.07,80.07,22.16,67.84,56.95
82.02,82.02,20.07,64.21,56.57
78.86,78.86,18.63,66.87,55.08
73.25,73.25,18.19,63.58,51.26
72.56,72.56,17.86,64.34,48.34
71.48,71.48,18.82,65.90,50.61
78.05,78.05,21.06,65.86,51.03
78.09,78.09,21.91,69.14,52.42
76.37,76.37,22.73,69.13,53.40
79.03,79.03,23.81,66.18,54.27
75.16,75.16,21.45,69.29,52.24
77.00,77.00,21.10,66.71,52.66
76.15,76.15,23.90,67.27,53.51
69.82,69.82,25.97,67.21,52.56
71.15,71.15,30.29,65.23,53.54
68.88,68.88,25.22,63.12,53.09
67.35,67.35,22.40,65.58,52.09
68.62,68.62,20.35,63.42,54.19
74.74,74.74,22.75,62.18,54.58
75.72,75.72,18.20,65.19,51.83
73.80,73.80,17.13,67.04,54.33
72.09,72.09,17.44,68.92,53.16
76.51,76.51,17.48,67.00,52.13
76.30,76.30,14.87,68.33,52.27
78.61,78.61,16.69,69.21,52.43
75.77,75.77,17.14,68.41,52.64
79.06,79.06,17.46,68.50,50.03
76.62,76.62,17.75,67.82,49.07
77.56,77.56,18.05,69.39,48.71
75.34,75.34,16.45,68.63,50.32
81.79,81.79,18.89,66.17,50.29
80.91,80.91,16.57,66.01,50.29
78.47,78.47,18.64,68.23,48.67
79.92,79.92,22.98,67.09,48.83
79.59,79.59,25.07,66.00,47.24
78.05,78.05,21.80,68.02,48.48
78.90,78.90,20.90,70.10,47.57
77.79,77.79,20.06,68.45,47.19
75.43,75.43,17.33,68.66,49.44
79.35,79.35,17.39,67.63,48.10
75.44,75.44,18.66,69.56,49.85
80.09,80.09,20.59,68.41,49.92
80.14,80.14,22.40,65.86,48.26
77.92,77.92,22.27,67.18,49.33
78.14,78.14,21.21,68.82,48.92
80.38,80.38,20.41,67.17,48.14
79.14,79.14,19.95,65.06,49.69
79.05,79.05,17.53,67.36,51.40
78.73,78.73,19.59,66.79,52.24
78.46,78.46,20.10,66.65,51.49
76.67,76.67,21.19,66.33,52.81
75.92,75.92,18.28,66.25,52.90
74.41,74.41,17.37,65.93,51.10
73.87,73.87,17.00,59.91,49.81
74.29,74.29,18.46,60.56,50.35
76.82,76.82,18.35,66.34,50.52
76.05,76.05,19.74,68.43,49.47
73.17,73.17,19.35,66.98,50.55
72.41,72.41,18.74,65.92,49.93
70.30,70.30,18.31,69.26,50.05
72.66,72.66,19.04,70.05,49.86
74.66,74.66,20.81,69.51,49.07
72.22,72.22,21.05,68.32,48.41
72.67,72.67,20.96,69.99,47.59
70.34,70.34,21.40,69.79,47.18
73.68,73.68,21.48,67.37,49.47
72.83,72.83,27.30,67.90,50.46
71.89,71.89,23.61,69.72,52.55
71.70,71.70,22.90,69.00,52.08
72.01,72.01,25.07,67.87,50.83
70.37,70.37,23.52,68.93,46.42
71.35,71.35,23.42,69.01,44.07
71.99,71.99,20.51,70.75,46.09
70.62,70.62,21.19,69.88,47.56
68.73,68.73,18.19,70.97,49.24
66.84,66.84,18.15,70.37,48.50
65.34,65.34,16.88,70.59,46.00
66.59,66.59,18.02,69.98,46.91
67.31,67.31,18.30,69.42,45.27
65.15,65.15,18.77,68.18,44.10
68.70,68.70,21.20,67.78,47.63
68.71,68.71,18.06,66.67,47.64
65.52,65.52,18.28,67.11,44.32
67.93,67.93,19.88,68.33,42.79
70.72,70.72,24.89,67.50,44.28
72.40,72.40,22.68,66.23,45.43
66.89,66.89,22.70,67.89,45.00
67.03,67.03,18.88,67.91,45.86
64.92,64.92,18.11,68.04,44.75
68.26,68.26,17.06,66.49,44.29
70.55,70.55,17.26,68.55,42.24
69.61,69.61,21.59,69.55,42.45
67.71,67.71,23.29,68.89,42.83
66.77,66.77,24.53,66.71,42.09
67.18,67.18,25.36,65.88,42.31
68.34,68.34,26.99,68.69,41.28
69.66,69.66,29.50,69.00,38.91
71.85,71.85,26.89,66.34,39.59
70.51,70.51,26.29,69.18,40.03
68.94,68.94,27.60,71.36,38.63
69.73,69.73,27.17,72.12,41.04
71.03,71.03,25.09,71.77,40.27
68.75,68.75,24.42,71.41,38.67
70.17,70.17,27.58,73.33,41.91
70.04,70.04,31.33,71.23,40.52
68.92,68.92,25.92,71.18,38.45
70.03,70.03,21.65,70.73,42.27
69.06,69.06,15.43,70.67,41.14
69.67,69.67,14.88,68.75,41.04
68.87,68.87,15.49,70.93,38.29
71.83,71.83,19.62,71.42,42.29
75.95,75.95,19.58,68.63,44.62
77.79,77.79,21.16,69.60,46.53
75.44,75.44,20.10,69.20,45.70
75.53,75.53,20.25,64.31,46.79
75.54,75.54,23.42,63.50,49.71
77.99,77.99,26.66,63.55,52.01
76.95,76.95,27.38,61.82,53.58
78.99,78.99,25.50,65.32,54.75
78.50,78.50,26.82,63.39,58.14
81.49,81.49,26.93,63.89,57.45
81.39,81.39,27.92,67.29,62.00
75.24,75.24,19.97,65.23,57.31
75.66,75.66,12.83,66.73,58.30
73.42,73.42,9.98,68.59,58.89
76.10,76.10,7.97,66.54,59.39
76.64,76.64,10.34,66.14,57.88
75.72,75.72,15.11,63.29,59.02
75.23,75.23,22.68,64.39,60.37
75.63,75.63,18.80,65.56,55.40
74.31,74.31,20.10,65.25,59.23
75.98,75.98,17.88,67.13,62.25
73.39,73.39,18.08,67.58,62.02
71.78,71.78,24.06,64.15,63.48
70.93,70.93,34.58,66.82,65.82
75.03,75.03,43.02,66.45,65.44
72.46,72.46,34.82,64.12,65.89
71.40,71.40,37.05,66.91,65.90
70.68,70.68,33.02,69.63,63.53
69.84,69.84,29.00,65.60,65.93
66.64,66.64,28.15,68.66,65.87
67.76,67.76,25.98,66.75,66.41
70.65,70.65,30.21,64.19,66.19
68.79,68.79,33.57,68.67,66.29
70.64,70.64,32.91,64.71,67.28
77.30,77.30,22.22,66.29,66.15
79.23,79.23,19.42,64.00,65.78
80.39,80.39,21.45,67.44,66.14
78.00,78.00,23.67,67.20,65.69
79.19,79.19,24.03,66.65,64.47
76.14,76.14,29.18,66.39,64.48
75.35,75.35,23.97,64.36,64.52
76.67,76.67,16.20,67.94,66.14
75.96,75.96,13.72,69.42,65.82
77.67,77.67,12.36,66.72,65.27
75.99,75.99,10.00,65.77,65.05
70.05,70.05,9.74,68.93,65.46
70.01,70.01,8.22,64.78,67.07
70.52,70.52,17.55,65.17,67.48
68.58,68.58,29.97,67.19,67.58
71.90,71.90,32.88,66.06,65.79
68.73,68.73,31.37,65.89,64.60
71.96,71.96,23.21,64.43,62.87
78.47,78.47,24.54,66.88,59.49
76.26,76.26,24.00,68.36,56.94
75.07,75.07,22.72,66.43,59.08
72.70,72.70,27.30,67.37,61.46
73.82,73.82,27.30,68.17,63.05
73.75,73.75,24.20,65.13,63.03
74.37,74.37,21.53,66.79,62.93
72.78,72.78,25.73,66.97,61.66
71.93,71.93,28.96,66.34,57.40
68.90,68.90,21.32,63.95,57.90
67.32,67.32,14.64,64.14,55.91
72.01,72.01,14.47,66.28,55.89
72.60,72.60,17.99,66.25,54.79
73.33,73.33,26.99,62.72,52.35
81.30,81.30,23.28,67.39,53.52
74.05,74.05,26.57,65.02,53.61
73.60,73.60,27.92,65.65,53.34
77.76,77.76,29.11,65.30,55.09
78.38,78.38,33.07,65.40,56.68
76.97,76.97,25.86,66.75,56.40
72.27,72.27,20.56,65.70,56.60
75.68,75.68,13.40,66.21,57.13
77.76,77.76,13.35,65.82,57.80
77.09,77.09,16.39,65.53,59.24
71.90,71.90,15.80,67.69,58.76
69.89,69.89,16.70,66.22,56.52
71.39,71.39,19.48,67.38,55.26
71.55,71.55,20.23,66.84,53.88
70.81,70.81,20.89,65.35,51.65
74.84,74.84,16.71,67.01,48.53
69.95,69.95,20.25,63.41,46.73
72.58,72.58,23.68,67.21,47.62
69.98,69.98,24.40,65.87,47.71
73.30,73.30,26.60,68.52,47.57
79.06,79.06,26.36,65.60,49.34
77.68,77.68,25.39,63.81,50.16
76.73,76.73,26.57,67.21,53.42
78.49,78.49,34.87,66.71,50.95
75.24,75.24,35.50,65.64,50.49
73.52,73.52,37.17,63.96,51.99
78.92,78.92,34.54,65.28,54.46
74.17,74.17,31.84,66.76,52.50
68.32,68.32,34.47,68.09,54.13
66.76,66.76,32.97,65.64,49.13
70.26,70.26,34.31,66.21,53.90
69.93,69.93,28.68,67.53,49.55
72.73,72.73,25.19,68.65,53.60
77.04,77.04,27.23,67.58,57.79
74.97,74.97,27.91,68.87,56.96
71.83,71.83,29.19,68.52,57.15
73.34,73.34,28.27,67.30,57.27
73.06,73.06,28.51,68.44,57.86
74.75,74.75,28.84,65.94,55.45
75.28,75.28,29.08,67.38,55.46
76.04,76.04,29.80,65.09,56.75
76.04,76.04,29.88,67.88,58.48
79.58,79.58,27.69,66.57,59.11
79.14,79.14,29.25,68.08,61.07
77.25,77.25,27.75,67.24,60.57
78.30,78.30,27.06,69.24,60.22
77.14,77.14,25.75,66.61,60.36
75.62,75.62,31.89,69.13,61.25
78.45,78.45,31.72,66.01,61.29
73.56,73.56,29.83,67.01,62.17
74.37,74.37,29.97,66.91,62.98
75.22,75.22,25.71,66.98,62.72
72.96,72.96,25.88,68.12,61.31
73.83,73.83,25.37,67.72,61.56
74.08,74.08,24.61,67.03,60.94
70.31,70.31,23.15,67.00,62.10
69.82,69.82,24.45,68.02,62.01
68.99,68.99,23.89,66.17,62.27
67.04,67.04,23.39,69.62,63.67
66.54,66.54,21.52,66.64,63.26
65.37,65.37,21.79,68.76,63.08
65.33,65.33,21.64,68.02,61.54
66.70,66.70,20.60,67.89,58.79
66.33,66.33,16.02,67.98,58.27
75.81,75.81,18.20,68.19,58.31
73.61,73.61,19.49,68.24,56.08
72.25,72.25,18.77,68.73,57.07
71.35,71.35,18.43,67.29,58.57
74.03,74.03,21.03,67.73,60.40
75.64,75.64,20.94,67.51,60.15
79.48,79.48,18.33,64.65,59.24
78.06,78.06,19.45,67.18,58.05
78.66,78.66,20.08,66.59,54.73
79.70,79.70,19.29,66.43,55.41
78.60,78.60,18.09,64.59,54.23
79.80,79.80,18.87,69.00,53.01
78.41,78.41,18.02,64.39,51.57
75.98,75.98,19.38,65.63,46.79
75.31,75.31,19.45,67.80,48.37
80.23,80.23,20.33,65.45,47.52
78.81,78.81,20.98,66.29,45.02
75.57,75.57,23.70,64.79,47.78
78.09,78.09,26.90,64.88,48.40
80.49,80.49,23.95,67.07,49.31
80.05,80.05,24.07,68.03,48.49
78.43,78.43,20.84,64.38,46.03
77.43,77.43,20.25,62.55,46.33
80.36,80.36,20.49,66.27,48.89
79.59,79.59,23.61,68.45,45.64
78.80,78.80,22.96,63.93,45.57
81.81,81.81,25.31,66.38,46.87
78.30,78.30,27.68,65.77,47.38
78.66,78.66,27.86,66.96,52.36
76.84,76.84,25.22,65.89,45.41
78.43,78.43,24.73,67.93,45.38
79.61,79.61,24.34,64.93,47.02
75.37,75.37,27.45,69.22,44.16
76.38,76.38,26.79,64.92,42.03
74.22,74.22,26.58,67.90,43.42
73.98,73.98,27.87,67.87,51.19
76.02,76.02,25.75,67.49,50.35
75.22,75.22,26.21,69.24,42.77
73.85,73.85,29.17,67.62,49.26
72.85,72.85,28.00,67.12,50.16
72.92,72.92,28.51,64.54,48.03
74.19,74.19,27.87,66.23,47.13
75.86,75.86,27.50,64.18,46.30
77.02,77.02,29.34,64.70,47.22
76.35,76.35,37.52,67.15,45.98
74.20,74.20,38.61,66.15,42.53
73.95,73.95,37.72,66.28,43.42
71.14,71.14,35.93,66.80,44.01
68.56,68.56,35.29,67.22,45.74
71.20,71.20,34.12,67.58,46.71
68.27,68.27,30.58,66.12,50.46
68.08,68.08,29.88,66.40,48.69
67.98,67.98,29.71,67.01,52.16
67.81,67.81,30.85,67.65,50.42
64.75,64.75,31.97,68.74,48.03
62.81,62.81,31.14,66.46,44.86
66.47,66.47,34.32,67.32,47.38
66.69,66.69,36.20,66.67,47.65
65.16,65.16,35.77,70.35,49.61
61.43,61.43,36.76,64.12,45.72
60.44,60.44,37.67,68.08,48.20
62.77,62.77,39.96,68.24,47.70
66.24,66.24,36.13,68.56,49.12
65.91,65.91,32.75,66.25,46.58
65.69,65.69,34.05,66.86,46.64
62.84,62.84,33.21,66.83,45.20
62.88,62.88,34.80,66.33,46.65
63.01,63.01,36.79,66.16,49.21
66.28,66.28,39.06,67.02,50.20
65.68,65.68,39.65,69.09,49.37
62.16,62.16,36.58,66.84,52.78
64.36,64.36,36.09,66.87,54.18
62.91,62.91,38.83,65.40,55.78
61.43,61.43,40.85,68.90,52.16
63.75,63.75,37.88,67.92,50.55
65.41,65.41,34.68,67.07,48.65
64.83,64.83,33.20,68.42,50.14
65.80,65.80,31.65,67.19,50.94
63.73,63.73,32.35,66.09,50.11
63.86,63.86,31.83,66.34,48.79
64.58,64.58,25.26,69.13,49.18
62.23,62.23,26.26,67.27,48.66
61.33,61.33,24.26,69.04,46.51
61.40,61.40,24.05,68.25,46.74
64.59,64.59,24.25,69.12,48.37
67.68,67.68,21.81,67.12,48.97
65.39,65.39,24.08,65.55,43.83
64.34,64.34,24.52,66.83,41.95
67.91,67.91,22.04,67.26,42.91
66.04,66.04,21.93,66.22,43.00
66.18,66.18,21.23,68.39,40.55
63.77,63.77,22.45,65.52,44.99
66.10,66.10,23.96,66.07,45.55
66.41,66.41,25.29,64.22,48.22
67.06,67.06,26.47,64.53,48.66
67.98,67.98,28.30,66.39,48.71
65.08,65.08,30.64,68.30,47.08
64.68,64.68,30.47,65.88,48.95
66.03,66.03,33.37,66.86,47.88
68.99,68.99,34.33,67.69,46.43
68.22,68.22,35.13,65.56,43.28
68.10,68.10,34.79,67.32,44.49
66.90,66.90,36.29,67.44,44.22
66.39,66.39,35.13,68.93,44.16
66.85,66.85,34.12,66.12,44.20
65.76,65.76,32.43,67.76,46.78
68.02,68.02,28.96,67.57,46.42
68.92,68.92,25.15,65.72,44.88
70.71,70.71,24.43,63.63,47.36
69.65,69.65,25.82,68.06,48.36
67.73,67.73,27.39,66.90,47.45
68.13,68.13,27.92,68.09,45.81
66.50,66.50,26.91,67.40,41.38
70.76,70.76,26.01,65.78,42.42
71.81,71.81,28.11,68.26,42.69
74.58,74.58,24.56,70.81,43.17
73.59,73.59,22.73,66.27,41.36
73.19,73.19,26.27,67.71,44.61
72.62,72.62,29.98,69.27,43.29
73.28,73.28,25.82,64.96,43.66
75.53,75.53,27.15,70.43,46.26
75.42,75.42,26.17,69.51,45.57
77.48,77.48,27.76,69.38,45.39
77.18,77.18,26.05,70.45,45.43
74.68,74.68,27.52,66.45,42.95
75.16,75.16,28.00,65.62,43.38
75.23,75.23,28.78,67.94,50.25
76.00,76.00,30.83,64.63,53.53
75.88,75.88,34.08,68.08,54.44
77.81,77.81,38.75,69.36,60.12
77.16,77.16,39.78,66.98,61.82
78.97,78.97,40.81,65.94,62.32
77.27,77.27,42.88,65.67,61.87
78.29,78.29,45.45,68.83,60.22
80.89,80.89,50.21,68.52,61.66
79.04,79.04,52.36,67.57,61.75
80.26,80.26,49.88,68.58,61.26
80.60,80.60,51.96,69.34,63.40
79.88,79.88,52.08,68.09,61.72
72.85,72.85,50.58,67.92,61.17
73.04,73.04,50.16,67.04,62.00
78.79,78.79,50.10,70.14,62.15
77.04,77.04,46.46,68.48,63.13
79.96,79.96,45.91,67.81,66.48
78.18,78.18,45.79,66.77,68.37
78.30,78.30,45.82,69.41,69.76
74.26,74.26,45.16,69.50,68.88
76.63,76.63,44.73,70.19,70.05
80.34,80.34,43.99,68.91,71.92
81.06,81.06,42.58,70.90,72.70
80.40,80.40,42.61,70.48,73.82
81.05,81.05,42.62,67.26,74.30
80.06,80.06,43.09,67.79,74.12
79.62,79.62,42.80,68.33,73.00
80.64,80.64,43.95,69.99,71.80
80.02,80.02,44.03,67.97,72.38
79.00,79.00,43.13,68.03,73.11
75.93,75.93,43.42,69.89,73.65
74.54,74.54,43.43,69.34,74.60
76.67,76.67,41.96,65.43,74.90
78.47,78.47,41.73,67.38,75.24
78.13,78.13,40.38,71.59,75.73
81.82,81.82,40.87,68.00,75.09
76.59,76.59,40.28,68.47,75.48
77.41,77.41,40.47,70.47,76.03
79.04,79.04,40.60,71.97,76.31
79.19,79.19,39.26,71.87,76.85
78.34,78.34,39.41,68.85,76.80
78.16,78.16,41.75,68.59,76.90
76.00,76.00,41.95,71.60,77.11
73.32,73.32,39.20,69.81,75.96
72.39,72.39,39.04,69.11,76.00
77.27,77.27,40.92,71.49,76.18
73.87,73.87,43.23,71.76,75.67
70.94,70.94,43.31,69.43,75.45
69.53,69.53,44.00,70.85,75.14
68.18,68.18,43.07,71.44,73.71
71.61,71.61,44.19,68.71,73.71
77.41,77.41,40.78,68.65,73.43
77.74,77.74,40.28,66.72,72.48
75.35,75.35,40.18,68.43,71.79
71.75,71.75,38.68,70.04,70.06
70.22,70.22,37.34,68.92,69.91
74.63,74.63,41.05,69.10,70.43
74.13,74.13,40.52,70.10,70.86
74.54,74.54,38.67,71.68,71.76
71.67,71.67,36.20,67.74,70.67
70.47,70.47,38.17,67.91,70.63
67.04,67.04,37.02,69.92,68.90
66.50,66.50,37.94,68.84,68.43
68.36,68.36,39.46,68.93,67.14
74.45,74.45,36.34,70.51,67.50
79.15,79.15,31.86,71.06,68.81
82.01,82.01,31.86,72.43,68.67
81.15,81.15,31.95,69.36,68.01
79.89,79.89,29.70,69.97,67.62
78.89,78.89,30.94,70.51,67.03
77.29,77.29,29.99,70.76,64.96
78.67,78.67,31.58,70.38,62.31
80.76,80.76,28.89,68.17,63.52
81.55,81.55,28.27,68.68,63.58
82.73,82.73,26.91,69.42,64.82
80.22,80.22,27.40,66.80,62.01
81.89,81.89,28.42,67.98,60.81
80.95,80.95,27.87,69.25,60.30
80.04,80.04,27.38,70.76,60.37
77.45,77.45,27.80,69.99,61.04
77.87,77.87,31.24,68.53,62.81
79.74,79.74,29.49,69.43,64.80
81.16,81.16,27.40,68.12,67.54
81.73,81.73,26.61,68.54,68.92
82.92,82.92,25.62,69.35,68.16
80.48,80.48,25.89,69.88,67.32
76.91,76.91,25.01,70.25,67.37
77.63,77.63,25.43,66.41,68.61
80.43,80.43,26.91,65.07,71.20
82.12,82.12,29.82,68.64,71.91
83.22,83.22,29.44,68.61,73.01
85.50,85.50,27.59,67.04,73.17
87.08,87.08,27.28,68.93,72.33
85.80,85.80,25.27,71.82,72.41
81.15,81.15,19.04,68.06,72.48
82.25,82.25,21.07,67.86,72.00
84.05,84.05,22.01,68.36,71.48
81.99,81.99,25.06,70.47,71.73
82.11,82.11,20.71,68.92,73.62
78.61,78.61,19.36,68.41,75.48
77.91,77.91,15.73,68.35,74.92
78.23,78.23,15.38,70.17,75.07
75.12,75.12,17.02,67.65,74.92
75.38,75.38,16.94,67.67,75.12
72.64,72.64,17.89,68.85,75.36
73.97,73.97,14.88,71.34,74.40
75.45,75.45,15.47,69.18,74.75
72.44,72.44,18.24,69.05,75.40
70.99,70.99,21.46,70.43,74.98
69.89,69.89,22.62,70.87,74.92
68.75,68.75,23.16,70.28,74.61
71.91,71.91,25.59,70.46,73.86
73.34,73.34,21.80,69.32,73.98
73.44,73.44,21.06,68.67,73.38
74.15,74.15,23.87,69.69,72.04
74.44,74.44,23.33,69.42,72.47
74.51,74.51,22.11,70.43,71.42
78.25,78.25,23.84,71.58,69.30
73.29,73.29,23.49,68.63,68.85
71.22,71.22,17.91,69.77,68.14
73.21,73.21,13.43,70.37,68.24
71.35,71.35,13.21,69.63,67.10
72.73,72.73,18.64,68.95,66.96
72.07,72.07,26.79,69.76,66.06
69.99,69.99,27.79,70.21,64.58
67.93,67.93,24.95,68.45,63.97
69.71,69.71,24.05,69.19,63.31
67.27,67.27,27.51,68.48,64.77
68.20,68.20,29.33,70.24,62.12
69.18,69.18,26.29,70.64,60.33
74.81,74.81,23.37,66.90,60.91
76.27,76.27,26.61,67.80,61.17
74.90,74.90,27.89,70.11,61.52
74.96,74.96,26.66,69.25,60.75
77.90,77.90,27.53,65.59,59.75
74.05,74.05,28.78,65.99,60.86
75.46,75.46,32.54,68.69,60.96
76.94,76.94,34.49,68.97,62.42
77.99,77.99,32.39,67.21,63.00
75.61,75.61,30.95,68.01,62.59
76.43,76.43,31.14,71.71,63.23
77.92,77.92,30.19,70.46,61.79
78.15,78.15,29.22,70.74,61.08
76.21,76.21,28.91,68.88,59.72
75.88,75.88,27.53,71.21,58.89
77.41,77.41,26.87,69.74,57.36
76.20,76.20,26.07,68.38,56.81
76.58,76.58,24.17,69.08,56.76
75.96,75.96,19.18,71.14,57.23
73.27,73.27,15.14,69.70,57.70
72.81,72.81,12.73,68.93,58.85
72.83,72.83,11.41,72.33,61.06
76.32,76.32,10.55,73.71,60.63
74.47,74.47,7.48,70.44,60.72
72.30,72.30,8.04,70.09,60.95
75.75,75.75,11.16,71.46,62.59
71.19,71.19,18.53,71.63,61.66
69.24,69.24,30.21,71.10,60.81
69.48,69.48,28.17,71.28,59.14
71.68,71.68,25.41,69.11,59.21
73.17,73.17,25.82,72.26,57.22
74.74,74.74,24.70,67.70,61.81
75.22,75.22,26.73,68.11,65.00
76.85,76.85,25.80,69.61,66.52
77.84,77.84,25.27,71.32,66.84
79.66,79.66,26.25,69.88,65.06
78.64,78.64,25.18,71.44,65.06
76.63,76.63,26.47,72.35,65.10
78.80,78.80,25.86,72.55,65.31
80.14,80.14,28.95,70.69,67.36
80.59,80.59,30.57,69.30,66.94
79.89,79.89,27.85,70.79,64.97
79.05,79.05,28.60,68.82,65.11
79.03,79.03,29.36,67.71,64.39
77.54,77.54,25.58,68.98,64.07
79.10,79.10,22.75,68.04,64.65
79.47,79.47,23.72,68.51,66.01
77.47,77.47,25.75,69.44,66.42
74.21,74.21,30.39,68.99,65.48
74.56,74.56,31.25,70.98,65.61
74.22,74.22,30.39,71.28,65.63
74.34,74.34,29.45,69.99,66.22
74.83,74.83,29.76,69.86,65.57
73.45,73.45,30.02,71.65,64.60
72.92,72.92,30.75,71.67,63.99
72.09,72.09,29.56,70.80,63.87
74.46,74.46,29.30,71.06,64.48
72.12,72.12,28.59,69.46,64.58
71.93,71.93,26.35,70.01,65.85
72.14,72.14,28.43,69.83,63.82
71.84,71.84,26.98,67.25,63.51
70.04,70.04,29.28,72.24,63.73
70.13,70.13,27.57,71.86,64.30
70.22,70.22,26.51,71.70,63.67
72.75,72.75,27.21,70.67,62.34
72.04,72.04,25.92,72.58,60.95
71.27,71.27,26.41,72.53,61.00
71.70,71.70,24.03,70.53,62.14
72.84,72.84,25.05,69.86,63.27
72.27,72.27,23.23,69.68,63.30
73.38,73.38,23.26,69.70,62.14
71.93,71.93,22.60,67.76,61.32
70.40,70.40,18.62,70.56,60.39
72.00,72.00,17.03,72.31,59.73
72.20,72.20,16.97,71.01,59.46
71.19,71.19,16.07,70.89,60.65
70.29,70.29,19.02,70.33,61.43
70.87,70.87,19.13,71.86,61.91
68.89,68.89,18.11,69.99,61.11
70.64,70.64,15.79,69.94,60.67
71.48,71.48,14.95,69.94,60.52
70.64,70.64,13.78,72.38,59.76
70.18,70.18,13.02,71.81,59.71
69.95,69.95,11.24,69.87,60.32
69.73,69.73,10.23,70.40,58.60
69.24,69.24,11.80,72.69,58.34
69.56,69.56,10.28,71.47,57.84
69.22,69.22,10.59,70.58,56.62
69.36,69.36,13.15,71.79,54.02
70.01,70.01,12.07,72.74,53.24
69.61,69.61,12.23,71.95,53.01
68.09,68.09,12.45,70.32,52.70
68.48,68.48,12.91,70.11,54.15
68.05,68.05,17.58,71.46,54.56
68.65,68.65,20.03,69.12,53.74
69.28,69.28,19.99,67.94,54.42
70.04,70.04,18.84,71.50,55.19
68.10,68.10,19.69,71.46,54.91
70.14,70.14,20.47,71.56,55.35
69.92,69.92,21.37,71.00,53.98
69.27,69.27,21.08,73.92,52.24
69.86,69.86,22.51,73.47,52.97
68.92,68.92,22.22,72.40,53.78
68.20,68.20,19.70,69.99,54.53
70.87,70.87,19.59,70.50,53.99
69.05,69.05,19.31,71.69,54.09
69.64,69.64,22.08,69.56,52.60
69.07,69.07,24.49,69.79,52.19
69.92,69.92,21.98,71.95,52.37
69.61,69.61,24.88,70.29,51.62
69.54,69.54,26.64,72.39,49.99
68.75,68.75,26.56,72.19,49.12
69.00,69.00,27.68,73.70,48.28
70.09,70.09,23.54,72.61,49.92
68.76,68.76,22.20,71.34,49.89
72.98,72.98,19.56,72.63,49.87
71.35,71.35,17.30,72.70,49.93
71.67,71.67,14.69,74.06,49.87
71.07,71.07,11.84,73.13,48.28
68.34,68.34,7.89,74.25,47.26
68.86,68.86,8.29,73.72,48.72
68.88,68.88,10.86,73.03,50.39
67.79,67.79,19.52,73.40,50.13
70.34,70.34,27.77,74.21,49.51
69.51,69.51,47.09,73.51,51.44
69.63,69.63,61.13,73.47,53.23
71.53,71.53,56.33,74.31,54.26
73.86,73.86,50.39,74.46,50.62
75.16,75.16,43.81,74.18,49.72
74.67,74.67,33.43,74.05,55.51
76.20,76.20,25.60,75.36,61.01
78.97,78.97,20.06,74.48,63.67
78.94,78.94,19.25,76.45,63.16
80.17,80.17,21.82,74.69,64.22
80.92,80.92,19.99,74.52,64.63
79.48,79.48,16.14,75.69,61.30
78.33,78.33,16.59,75.60,60.70
77.48,77.48,20.84,75.35,63.84
76.78,76.78,31.61,76.10,63.31
77.83,77.83,37.71,76.61,61.93
78.53,78.53,55.97,74.52,62.49
77.76,77.76,65.14,72.23,62.59
77.00,77.00,59.69,75.21,63.22
74.92,74.92,51.77,75.34,63.28
72.80,72.80,44.53,74.02,63.00
75.26,75.26,37.27,72.77,64.24
74.66,74.66,34.69,71.26,64.20
75.01,75.01,32.67,73.76,64.25
75.18,75.18,35.60,74.83,63.96
74.33,74.33,38.77,75.58,62.50
73.24,73.24,38.66,73.03,60.92
73.42,73.42,37.35,76.06,62.21
72.81,72.81,33.05,75.67,62.58
73.24,73.24,31.47,75.98,63.27
72.45,72.45,34.20,76.62,62.52
73.21,73.21,37.90,75.48,61.32
73.52,73.52,46.93,73.39,63.22
73.76,73.76,50.77,72.33,65.05
73.24,73.24,47.21,73.75,64.76
77.73,77.73,42.90,75.80,64.53
78.36,78.36,37.64,73.73,66.41
76.27,76.27,33.09,75.02,68.23
77.30,77.30,29.22,75.51,67.24
78.72,78.72,25.83,76.31,67.04
76.69,76.69,23.87,75.59,65.58
77.45,77.45,23.41,77.18,64.44
78.16,78.16,24.46,76.33,62.15
77.79,77.79,24.96,76.16,60.61
75.91,75.91,26.28,75.60,60.77
79.21,79.21,32.46,75.45,61.27
81.50,81.50,38.70,72.95,61.86
77.86,77.86,43.35,74.37,60.35
76.63,76.63,61.11,74.95,60.48
77.13,77.13,64.23,74.46,60.87
77.69,77.69,58.15,75.18,61.88
76.99,76.99,52.34,74.09,61.89
74.20,74.20,43.32,75.94,62.27
75.94,75.94,35.79,76.11,62.45
75.18,75.18,32.56,77.02,60.33
76.08,76.08,33.68,76.65,61.34
73.99,73.99,33.57,76.10,58.83
76.59,76.59,32.62,74.40,58.16
77.18,77.18,30.45,74.58,55.65
73.17,73.17,30.30,74.50,55.45
72.97,72.97,27.41,74.29,54.73
70.07,70.07,31.56,73.40,53.84
70.69,70.69,47.98,72.10,55.00
69.93,69.93,58.74,75.48,55.80
70.47,70.47,68.48,76.62,59.28
73.50,73.50,72.04,77.47,58.98
80.00,80.00,72.03,76.30,61.47
77.72,77.72,69.35,76.04,58.57
75.66,75.66,63.12,76.59,56.31
72.46,72.46,56.21,77.17,56.25
78.12,78.12,51.53,76.92,58.28
76.46,76.46,46.35,76.94,60.49
77.69,77.69,42.58,77.11,61.90
78.35,78.35,39.57,77.34,61.86
78.44,78.44,38.56,76.83,61.44
76.77,76.77,38.46,75.21,59.62
76.32,76.32,35.97,75.36,58.17
76.03,76.03,35.82,76.36,58.42
75.88,75.88,39.63,76.60,57.93
74.28,74.28,40.11,75.11,56.99
79.16,79.16,62.14,75.92,57.28
79.61,79.61,63.41,77.08,58.13
75.48,75.48,56.68,75.86,57.36
74.44,74.44,49.23,76.13,59.90
78.70,78.70,41.66,76.30,60.46
79.63,79.63,34.66,76.51,59.25
80.88,80.88,28.67,74.82,57.30
79.72,79.72,23.29,74.16,51.19
79.01,79.01,23.53,73.65,56.62
82.75,82.75,23.13,74.57,57.64
79.62,79.62,20.29,73.83,57.41
79.51,79.51,21.41,74.14,58.18
80.41,80.41,24.35,73.63,56.41
83.41,83.41,31.12,73.81,55.17
76.81,76.81,36.97,74.60,50.50
74.02,74.02,43.05,75.95,50.62
75.88,75.88,63.87,74.91,53.56
78.42,78.42,63.04,76.02,58.59
76.11,76.11,56.59,76.45,61.25
78.19,78.19,50.65,76.70,62.21
76.16,76.16,41.32,77.50,61.75
79.09,79.09,33.11,76.89,56.29
76.94,76.94,31.53,75.88,51.70
75.32,75.32,30.79,76.28,53.23
75.87,75.87,28.25,76.36,56.67
76.08,76.08,28.19,75.80,58.33
74.28,74.28,30.83,74.99,58.81
72.22,72.22,34.37,75.55,59.93
71.20,71.20,37.02,74.50,56.35
71.98,71.98,39.78,75.67,50.31
74.43,74.43,22.49,75.06,52.73
70.62,70.62,21.62,76.52,54.66
74.02,74.02,38.72,76.51,55.90
73.95,73.95,42.45,77.03,54.41
71.60,71.60,41.47,77.83,53.98
70.45,70.45,41.73,77.91,52.82
76.98,76.98,43.11,76.72,52.01
78.06,78.06,42.34,75.25,50.64
78.40,78.40,40.96,75.29,49.63
78.89,78.89,37.51,75.83,48.73
79.41,79.41,35.28,74.70,49.85
76.67,76.67,30.20,71.79,50.83
79.32,79.32,29.23,73.51,53.03
77.17,77.17,27.13,75.04,54.66
71.91,71.91,30.96,75.71,54.30
71.80,71.80,33.45,77.60,53.75
70.34,70.34,36.23,77.79,55.63
69.81,69.81,41.44,76.74,53.68
73.74,73.74,66.23,76.56,53.64
73.24,73.24,62.46,76.71,51.16
70.35,70.35,55.59,75.99,53.43
80.69,80.69,48.94,76.26,58.20
79.24,79.24,39.32,74.87,56.68
78.17,78.17,33.25,74.04,58.93
76.60,76.60,28.42,75.26,56.20
80.05,80.05,26.85,75.86,58.39
79.45,79.45,26.64,76.00,59.55
82.09,82.09,26.78,74.42,57.85
80.39,80.39,27.43,76.28,53.13
76.48,76.48,28.77,77.01,51.18
82.00,82.00,30.79,77.62,52.36
82.41,82.41,35.72,77.48,51.85
80.47,80.47,43.01,77.31,51.75
80.44,80.44,45.55,78.42,51.81
78.17,78.17,66.78,78.39,53.50
76.76,76.76,61.25,77.62,52.73
76.64,76.64,54.38,76.93,50.75
76.99,76.99,47.47,75.09,50.63
75.94,75.94,45.57,77.09,48.84
74.61,74.61,41.07,77.34,49.93
75.87,75.87,36.67,76.71,52.27
75.85,75.85,34.34,76.40,54.07
72.73,72.73,33.92,75.63,55.05
75.77,75.77,30.66,76.82,55.11
73.44,73.44,30.73,76.04,51.43
69.49,69.49,27.45,76.76,46.99
71.24,71.24,27.05,77.04,49.03
70.26,70.26,29.96,75.81,52.69
68.05,68.05,35.39,75.85,55.95
67.69,67.69,44.10,77.50,57.58
70.71,70.71,67.37,77.14,57.40
72.88,72.88,60.67,75.62,54.72
73.86,73.86,54.23,74.41,52.11
75.65,75.65,47.09,71.87,50.68
77.24,77.24,39.62,72.15,53.22
74.63,74.63,31.70,71.97,54.97
74.99,74.99,27.40,72.43,56.50
78.02,78.02,21.86,73.50,56.52
78.79,78.79,21.67,71.45,54.50
78.60,78.60,22.99,73.14,56.49
77.06,77.06,23.67,76.05,55.11
77.59,77.59,24.99,76.01,55.12
80.79,80.79,26.43,75.64,54.53
77.30,77.30,31.98,75.68,53.67
78.79,78.79,39.89,77.29,55.50
75.33,75.33,48.23,77.87,55.00
73.83,73.83,66.81,77.17,54.76
74.05,74.05,62.35,75.01,54.43
75.42,75.42,54.37,75.13,53.48
76.29,76.29,48.02,76.25,53.08
77.59,77.59,40.53,76.28,54.42
76.23,76.23,35.00,77.00,53.31
74.32,74.32,35.06,75.94,54.07
76.57,76.57,35.29,77.37,53.71
73.71,73.71,35.17,78.52,51.71
73.26,73.26,34.68,78.26,54.87
73.61,73.61,27.31,78.62,52.30
70.96,70.96,23.56,77.84,51.79
70.86,70.86,28.39,77.89,50.83
70.66,70.66,44.86,77.57,50.81
71.80,71.80,54.02,77.07,51.37
70.79,70.79,62.99,75.64,50.14
69.14,69.14,72.46,72.94,50.76
69.06,69.06,74.03,75.61,50.86
67.85,67.85,72.00,76.34,50.12
66.61,66.61,70.21,75.67,51.78
70.72,70.72,62.12,77.71,52.67
72.91,72.91,55.41,75.97,55.26
71.80,71.80,49.08,77.91,58.45
69.24,69.24,44.59,77.66,60.91
69.24,69.24,39.38,77.29,59.74
69.43,69.43,34.06,78.17,60.72
67.59,67.59,27.24,76.22,61.92
69.13,69.13,25.01,75.02,60.95
71.28,71.28,24.17,76.27,58.34
72.31,72.31,32.37,76.21,59.57
71.35,71.35,46.82,76.71,60.37
70.06,70.06,54.59,75.75,56.99
68.76,68.76,70.10,76.65,55.56
68.55,68.55,66.82,77.57,56.74
68.25,68.25,66.20,77.96,57.28
70.34,70.34,64.67,77.59,53.77
72.80,72.80,65.16,75.66,53.19
71.90,71.90,63.71,77.14,54.32
69.99,69.99,65.71,78.89,52.56
69.29,69.29,64.14,78.90,53.13
69.63,69.63,62.46,78.58,53.82
69.38,69.38,62.85,76.72,55.23
70.10,70.10,62.23,76.28,54.81
69.67,69.67,61.66,77.25,54.75
69.39,69.39,61.59,77.68,54.14
68.65,68.65,58.09,77.31,53.09
68.16,68.16,58.63,76.87,54.53
68.94,68.94,59.75,77.26,53.31
70.87,70.87,60.72,76.48,52.19
70.15,70.15,56.17,77.07,51.52
68.85,68.85,49.38,76.61,54.19
69.65,69.65,44.01,76.33,54.12
70.04,70.04,38.81,76.38,54.71
68.84,68.84,33.54,77.28,53.30
67.91,67.91,31.96,77.40,52.13
69.45,69.45,33.88,76.61,52.61
69.93,69.93,32.76,73.44,52.70
71.75,71.75,32.25,74.22,54.89
71.13,71.13,32.59,75.51,53.43
69.74,69.74,34.36,76.07,49.98
69.52,69.52,37.51,75.86,51.96
69.99,69.99,38.77,75.34,53.24
73.29,73.29,40.17,74.77,56.52
71.24,71.24,54.20,76.68,55.49
70.61,70.61,64.36,78.46,54.10
72.38,72.38,59.05,75.55,55.86
70.92,70.92,50.78,75.20,56.62
68.63,68.63,44.13,75.56,54.58
68.59,68.59,36.10,73.61,54.52
68.44,68.44,28.58,71.56,53.36
65.67,65.67,19.66,74.41,50.22
67.12,67.12,14.31,73.73,52.19
69.18,69.18,12.54,76.62,53.23
70.20,70.20,13.97,77.56,52.03
70.78,70.78,15.47,77.76,48.62
70.88,70.88,23.49,77.35,47.25
70.88,70.88,36.31,76.72,45.61
73.14,73.14,44.77,75.56,49.08
73.56,73.56,49.92,73.83,49.65
76.52,76.52,58.41,73.49,47.99
74.57,74.57,62.45,75.11,48.53
77.09,77.09,56.57,71.53,50.32
75.58,75.58,49.51,71.54,51.30
77.36,77.36,42.04,69.32,54.36
78.46,78.46,32.68,70.66,57.98
79.53,79.53,27.48,69.27,62.39
80.02,80.02,28.62,67.62,62.02
80.79,80.79,27.02,70.19,59.24
80.96,80.96,29.04,71.50,57.28
80.66,80.66,27.81,69.83,56.81
80.79,80.79,25.67,64.72,60.30
81.89,81.89,25.31,71.95,62.08
83.05,83.05,30.33,72.80,62.88
80.36,80.36,36.80,73.42,63.82
83.03,83.03,45.33,71.93,61.24
79.19,79.19,60.99,73.42,59.15
80.33,80.33,64.69,72.41,60.12
79.60,79.60,58.82,73.69,61.34
81.56,81.56,50.38,67.80,62.34
80.61,80.61,39.55,70.48,62.18
77.77,77.77,42.59,69.41,61.84
77.78,77.78,41.31,71.29,60.66
78.49,78.49,39.14,66.98,62.68
77.02,77.02,38.28,71.63,64.69
74.47,74.47,38.23,72.95,67.17
74.48,74.48,39.23,71.74,66.51
76.39,76.39,42.43,74.64,66.63
75.79,75.79,38.21,73.92,67.05
75.15,75.15,38.64,75.73,67.65
74.93,74.93,45.49,73.81,68.73
73.19,73.19,51.60,74.33,69.47
79.61,79.61,63.95,75.95,70.89
77.91,77.91,64.07,73.15,70.11
78.81,78.81,58.62,71.99,69.59
77.37,77.37,50.04,69.22,69.82
79.13,79.13,41.56,73.15,72.38
81.08,81.08,32.36,71.93,73.12
79.80,79.80,27.24,69.81,73.35
81.16,81.16,25.48,71.04,73.70
82.34,82.34,26.95,73.15,73.81
79.35,79.35,25.26,73.25,73.30
80.75,80.75,27.77,71.02,73.58
81.56,81.56,30.81,73.24,73.35
81.79,81.79,28.30,74.30,73.45
80.30,80.30,29.97,72.83,73.46
80.82,80.82,39.96,71.54,72.57
79.43,79.43,43.06,71.18,71.14
79.51,79.51,63.77,72.56,70.18
79.68,79.68,64.49,70.70,70.13
79.00,79.00,57.61,68.64,69.92
76.91,76.91,51.83,66.92,69.68
75.80,75.80,49.64,71.38,69.33
74.44,74.44,55.91,73.64,67.84
71.10,71.10,57.72,69.54,66.13
73.87,73.87,56.70,69.40,65.15
70.92,70.92,55.26,73.48,64.92
74.53,74.53,56.43,72.50,63.42
73.01,73.01,55.73,71.78,61.54
72.23,72.23,56.01,71.00,62.69
70.90,70.90,54.78,73.41,63.63
71.05,71.05,53.69,71.35,66.17
68.43,68.43,57.46,72.84,67.51
72.20,72.20,62.04,72.31,66.31
69.81,69.81,73.37,74.40,65.38
74.52,74.52,72.60,70.70,68.42
74.06,74.06,73.86,68.44,69.98
78.26,78.26,71.43,69.70,68.51
74.98,74.98,65.83,72.39,66.71
74.36,74.36,60.15,71.36,69.88
79.97,79.97,56.47,69.92,70.68
79.47,79.47,52.42,70.04,68.29
78.81,78.81,46.12,73.70,65.14
79.43,79.43,44.92,71.82,63.53
79.25,79.25,42.33,70.45,63.34
78.92,78.92,40.01,73.34,66.23
83.44,83.44,39.09,72.26,66.48
77.95,77.95,37.00,71.73,65.79
81.33,81.33,40.22,70.85,63.95
77.57,77.57,46.62,70.67,61.06
78.62,78.62,67.10,73.99,57.41
80.05,80.05,63.63,72.92,58.53
82.10,82.10,56.55,72.11,57.44
82.08,82.08,49.50,73.56,54.36
78.50,78.50,42.84,73.94,53.47
78.98,78.98,33.50,72.33,54.56
76.49,76.49,27.79,71.99,57.78
77.51,77.51,22.99,70.98,56.86
75.50,75.50,20.16,72.50,55.49
78.83,78.83,15.96,70.87,52.53
76.11,76.11,15.58,71.77,51.34
78.04,78.04,17.07,73.33,54.53
78.84,78.84,21.07,72.88,58.72
77.60,77.60,30.50,71.74,61.26
78.03,78.03,39.98,71.16,61.03
81.41,81.41,45.61,73.14,59.03
77.68,77.68,68.73,74.18,59.29
79.06,79.06,63.72,72.04,61.51
79.29,79.29,56.64,71.81,64.06
76.04,76.04,50.37,73.97,62.71
78.03,78.03,40.99,72.22,63.15
76.32,76.32,33.70,70.74,61.77
75.97,75.97,33.02,72.44,59.56
77.68,77.68,36.47,73.90,57.13
76.47,76.47,33.75,73.47,58.36
78.97,78.97,21.28,71.16,60.88
78.44,78.44,15.74,72.51,64.18
73.66,73.66,15.82,74.35,64.06
73.25,73.25,21.57,72.62,65.71
76.02,76.02,34.88,71.39,66.35
75.48,75.48,50.78,72.10,65.67
71.63,71.63,54.47,73.88,64.43
71.16,71.16,70.16,73.30,63.66
75.35,75.35,67.05,70.47,63.76
73.64,73.64,64.19,71.61,62.75
66.64,66.64,61.15,74.48,62.34
72.44,72.44,57.64,71.81,63.04
74.28,74.28,53.87,71.30,62.14
78.59,78.59,55.16,72.44,61.55
76.89,76.89,59.18,73.75,64.08
73.31,73.31,58.81,72.63,67.64
72.94,72.94,59.47,71.49,68.32
73.71,73.71,51.06,71.30,67.54
70.85,70.85,41.14,73.20,67.52
70.53,70.53,39.53,73.53,68.59
74.77,74.77,42.98,72.52,68.92
73.76,73.76,46.07,72.73,68.71
73.85,73.85,49.73,73.61,66.59
74.11,74.11,67.41,72.96,63.58
80.75,80.75,61.22,72.28,63.75
80.21,80.21,54.15,73.03,63.19
79.56,79.56,46.56,75.59,61.35
80.91,80.91,38.65,72.79,59.91
77.89,77.89,32.56,71.64,60.71
74.65,74.65,30.31,73.95,60.89
76.46,76.46,30.96,75.03,62.02
77.18,77.18,30.90,69.86,59.38
79.58,79.58,30.02,73.07,58.90
76.39,76.39,29.70,72.82,58.54
76.25,76.25,29.98,74.34,59.95
76.62,76.62,32.10,72.60,58.59
76.72,76.72,36.97,72.95,58.22
73.63,73.63,43.24,75.05,59.31
73.18,73.18,52.06,73.56,57.87
78.26,78.26,66.84,72.90,58.41
76.00,76.00,61.39,73.27,60.68
80.31,80.31,54.05,73.63,61.36
80.82,80.82,47.23,72.02,61.05
81.40,81.40,40.07,71.50,60.82
78.40,78.40,33.63,71.55,56.03
76.58,76.58,27.74,70.53,54.33
72.28,72.28,27.62,73.48,56.07
73.19,73.19,20.67,72.09,58.64
76.99,76.99,19.45,72.20,56.23
75.33,75.33,22.85,74.64,56.29
75.06,75.06,30.53,73.15,52.69
77.00,77.00,37.08,72.70,52.93
74.06,74.06,45.27,72.34,55.26
68.72,68.72,44.32,72.88,57.05
72.36,72.36,52.72,72.07,57.57
76.52,76.52,66.88,70.14,61.25
75.53,75.53,61.85,71.55,61.43
77.86,77.86,54.58,74.69,58.56
74.66,74.66,47.43,71.75,57.93
76.61,76.61,37.61,72.12,57.67
77.07,77.07,31.34,71.31,56.67
77.30,77.30,26.54,73.86,57.82
77.79,77.79,22.62,72.38,58.59
79.10,79.10,22.46,72.30,60.21
77.56,77.56,18.97,73.06,60.36
79.00,79.00,18.84,74.88,58.95
78.42,78.42,19.78,74.37,60.54
80.04,80.04,24.35,73.60,57.27
75.08,75.08,31.56,73.27,55.73
75.34,75.34,39.17,74.41,58.21
78.38,78.38,52.89,74.19,59.38
79.75,79.75,67.20,72.47,62.64
79.57,79.57,60.76,72.70,61.59
79.61,79.61,54.10,74.38,62.84
77.52,77.52,46.29,73.07,59.88
76.55,76.55,37.64,72.11,55.23
77.01,77.01,31.00,73.33,54.25
77.68,77.68,25.86,75.42,56.34
77.49,77.49,27.96,73.42,58.35
77.96,77.96,30.99,72.28,60.20
78.24,78.24,28.38,72.18,59.72
74.14,74.14,26.86,74.22,57.70
72.51,72.51,28.43,72.11,54.72
72.75,72.75,31.03,72.01,50.52
74.96,74.96,36.32,72.02,53.22
76.64,76.64,41.51,72.96,56.29
79.26,79.26,54.21,74.87,57.16
77.19,77.19,67.70,72.18,60.49
72.91,72.91,61.03,74.74,61.71
74.65,74.65,56.93,75.70,61.29
76.05,76.05,53.90,72.12,59.64
79.52,79.52,51.58,73.53,61.38
79.59,79.59,49.61,74.48,61.85
77.67,77.67,47.20,74.68,62.38
77.33,77.33,45.64,72.96,62.87
76.82,76.82,43.55,71.41,65.92
76.25,76.25,41.10,72.42,68.11
76.57,76.57,40.55,75.37,68.16
78.02,78.02,38.47,69.54,61.20
77.12,77.12,39.30,71.10,61.36
77.53,77.53,46.23,74.02,59.40
76.53,76.53,50.46,74.20,61.67
77.69,77.69,61.30,71.00,58.03
77.61,77.61,67.89,73.03,59.27
78.50,78.50,66.85,75.83,62.39
75.77,75.77,66.61,71.14,63.07
74.08,74.08,63.93,73.10,60.81
74.63,74.63,64.78,72.51,59.42
76.04,76.04,64.29,74.15,59.47
78.17,78.17,64.23,72.22,57.98
75.70,75.70,63.50,72.67,57.57
72.80,72.80,63.21,73.45,57.12
71.18,71.18,62.66,74.08,58.26
72.02,72.02,60.65,74.29,57.93
75.29,75.29,60.63,72.23,57.47
77.33,77.33,60.01,73.18,58.79
77.96,77.96,58.43,74.47,59.85
74.78,74.78,58.49,72.36,59.07
71.76,71.76,60.02,71.57,59.51
70.48,70.48,59.98,71.19,57.00
71.97,71.97,55.49,73.15,57.81
75.64,75.64,49.49,72.14,57.40
78.58,78.58,42.56,72.87,60.30
79.58,79.58,34.64,73.59,62.83
73.06,73.06,28.50,75.39,59.64
69.71,69.71,25.92,73.01,63.66
72.42,72.42,23.97,72.75,60.12
75.07,75.07,24.35,69.79,66.58
77.01,77.01,25.10,73.37,60.20
79.58,79.58,25.21,73.83,60.91
76.61,76.61,29.31,73.03,59.59
74.42,74.42,31.57,71.82,57.25
77.21,77.21,39.89,71.27,57.63
76.93,76.93,50.77,72.69,59.15
75.48,75.48,63.31,70.67,58.10
76.94,76.94,67.32,73.87,56.35
75.43,75.43,65.85,75.57,55.77
76.14,76.14,63.49,75.47,53.65
79.39,79.39,60.54,75.55,55.60
78.87,78.87,56.62,75.27,54.94
76.13,76.13,52.21,75.88,54.50
74.30,74.30,47.19,75.96,55.90
71.21,71.21,40.52,76.56,52.79
73.57,73.57,34.93,76.21,53.03
77.48,77.48,27.07,76.86,55.59
79.82,79.82,19.70,77.03,55.13
78.18,78.18,17.96,76.78,52.49
76.95,76.95,22.31,76.64,52.36
73.68,73.68,33.21,76.21,53.98
72.64,72.64,38.99,76.68,54.75
79.26,79.26,60.70,75.85,59.19
77.09,77.09,63.78,72.77,62.98
77.32,77.32,57.07,70.12,63.44
78.23,78.23,50.64,68.57,66.47
80.40,80.40,43.32,71.21,68.85
79.13,79.13,35.41,72.07,69.07
79.90,79.90,33.19,70.06,68.48
78.25,78.25,33.68,72.01,67.99
79.77,79.77,35.26,72.44,70.07
77.20,77.20,35.67,72.10,65.97
77.46,77.46,29.62,69.70,66.89
76.56,76.56,25.00,73.44,68.03
75.91,75.91,23.78,71.59,69.67
79.13,79.13,27.13,71.80,67.10
79.92,79.92,33.83,68.65,69.12
80.43,80.43,38.51,72.08,65.86
80.73,80.73,63.44,71.20,68.80
80.05,80.05,65.57,71.88,66.27
79.93,79.93,57.36,69.68,70.04
80.32,80.32,49.64,69.93,68.14
82.17,82.17,40.97,70.01,69.63
78.18,78.18,36.31,72.28,69.81
76.50,76.50,40.02,71.54,69.00
76.65,76.65,50.80,73.59,68.34
79.96,79.96,58.76,72.68,68.34
79.68,79.68,57.00,70.73,68.28
79.95,79.95,56.96,72.85,69.43
79.51,79.51,54.07,67.56,69.89
78.55,78.55,50.28,71.95,71.34
78.65,78.65,44.01,71.42,70.13
76.68,76.68,42.46,73.71,68.85
77.73,77.73,49.67,71.02,68.61
80.30,80.30,62.77,68.28,68.84
78.05,78.05,61.20,69.70,68.04
81.68,81.68,53.98,72.15,67.55
81.93,81.93,46.86,70.39,69.65
82.22,82.22,40.23,71.83,71.76
80.08,80.08,32.79,72.43,72.04
80.80,80.80,27.78,73.26,72.24
80.90,80.90,23.88,72.69,72.23
78.76,78.76,20.30,71.42,73.44
80.96,80.96,20.72,73.03,72.86
80.25,80.25,24.25,68.40,72.09
80.06,80.06,29.03,71.32,73.25
79.81,79.81,29.33,71.25,72.35
82.50,82.50,30.18,73.00,72.86
81.13,81.13,38.52,68.67,71.26
80.50,80.50,48.77,73.24,70.71
80.08,80.08,67.02,68.42,69.97
81.38,81.38,64.36,73.47,68.85
81.26,81.26,58.24,70.42,68.73
81.13,81.13,52.55,72.91,66.38
80.83,80.83,44.97,72.51,66.50
81.18,81.18,39.72,73.54,65.02
81.48,81.48,35.89,72.68,65.10
82.75,82.75,31.96,73.73,64.41
81.01,81.01,31.30,73.57,65.21
81.22,81.22,32.44,71.42,64.33
80.86,80.86,32.74,73.27,63.51
80.94,80.94,33.79,70.44,64.18
81.85,81.85,34.30,73.33,64.94
83.12,83.12,42.11,69.74,64.62
82.89,82.89,51.42,71.69,62.70
81.59,81.59,59.78,71.49,63.03
79.44,79.44,75.29,73.36,63.50
76.98,76.98,73.32,69.30,63.99
81.02,81.02,74.37,72.47,63.66
79.39,79.39,70.62,72.37,62.97
79.27,79.27,66.25,70.28,65.87
78.65,78.65,59.16,70.14,68.47
80.37,80.37,54.78,72.32,66.87
77.72,77.72,51.64,72.29,68.04
76.27,76.27,51.60,68.96,66.17
78.35,78.35,49.76,72.58,62.99
79.04,79.04,45.73,70.49,61.24
77.43,77.43,40.93,73.66,61.65
78.52,78.52,41.81,71.64,60.28
77.96,77.96,41.04,72.87,58.71
77.34,77.34,43.22,71.10,57.80
75.84,75.84,45.59,73.48,58.34
78.13,78.13,68.95,69.39,55.09
78.58,78.58,63.66,69.71,58.96
77.28,77.28,55.54,69.76,59.15
79.61,79.61,49.19,72.47,61.68
77.67,77.67,41.22,69.89,62.63
76.78,76.78,37.83,71.32,62.21
78.47,78.47,33.17,73.57,60.99
79.44,79.44,31.24,72.97,62.09
76.29,76.29,29.00,71.59,61.53
76.99,76.99,30.17,72.39,59.10
76.81,76.81,41.92,74.14,63.26
75.98,75.98,50.62,70.74,61.91
77.53,77.53,52.38,72.78,61.90
75.26,75.26,52.23,70.84,59.67
74.60,74.60,53.30,75.10,62.22
72.84,72.84,56.90,72.59,62.49
72.81,72.81,65.96,74.27,62.07
73.89,73.89,60.51,71.17,59.83
76.57,76.57,54.76,72.64,60.47
76.93,76.93,48.70,72.08,63.03
76.06,76.06,40.16,72.29,62.89
76.47,76.47,33.90,70.87,64.35
78.40,78.40,30.76,71.70,66.56
79.84,79.84,27.76,70.85,66.99
76.53,76.53,29.79,66.54,64.16
79.29,79.29,31.69,72.25,63.37
77.54,77.54,32.46,69.35,64.62
76.45,76.45,30.65,69.58,63.19
77.02,77.02,27.26,69.84,65.04
77.49,77.49,34.49,74.32,65.18
74.20,74.20,42.55,70.53,64.38
75.16,75.16,51.86,72.39,62.32
75.26,75.26,70.66,71.80,63.69
76.19,76.19,66.84,75.10,62.10
76.50,76.50,65.15,72.39,62.98
77.26,77.26,61.84,73.24,62.18
78.05,78.05,59.12,70.49,63.58
75.04,75.04,53.53,73.07,63.25
74.91,74.91,50.25,72.68,63.49
74.07,74.07,43.58,70.36,64.22
73.23,73.23,36.96,72.49,65.12
74.63,74.63,30.12,71.70,65.68
76.42,76.42,27.09,72.72,62.90
71.83,71.83,24.98,70.92,63.63
75.59,75.59,27.52,72.88,63.09
76.02,76.02,33.53,69.66,62.53
70.92,70.92,38.49,73.72,61.58
75.78,75.78,48.88,70.87,64.38
76.32,76.32,66.63,72.12,61.70
75.03,75.03,62.36,69.37,61.54
76.61,76.61,53.76,71.92,62.03
78.13,78.13,46.71,71.79,62.67
77.88,77.88,39.56,72.52,65.00
76.93,76.93,32.66,72.77,62.49
77.92,77.92,30.80,70.93,62.08
79.98,79.98,29.65,72.69,63.03
78.15,78.15,30.62,69.53,65.02
79.55,79.55,29.98,71.74,61.56
79.29,79.29,31.25,71.01,60.35
77.99,77.99,30.15,74.45,60.97
77.40,77.40,31.50,67.89,62.26
75.23,75.23,35.88,72.18,58.63
76.58,76.58,43.26,70.26,58.71
78.53,78.53,53.55,74.74,54.22
78.76,78.76,67.72,69.91,59.66
79.54,79.54,61.82,72.67,57.76
78.50,78.50,53.87,71.01,60.37
80.84,80.84,47.47,73.57,58.17
77.48,77.48,38.09,72.63,58.10
80.58,80.58,33.49,73.06,56.91
81.31,81.31,29.14,74.94,59.51
80.25,80.25,28.69,72.17,60.82
76.81,76.81,27.05,71.48,57.58
75.03,75.03,26.59,73.93,58.18
75.04,75.04,21.62,72.86,57.26
74.24,74.24,20.90,71.81,58.68
73.72,73.72,22.55,73.04,56.74
73.93,73.93,31.93,71.01,56.30
71.45,71.45,40.46,73.39,57.16
76.03,76.03,54.10,68.12,58.80
73.94,73.94,68.81,71.01,58.95
73.69,73.69,61.98,70.52,57.88
75.25,75.25,54.50,69.98,59.56
76.44,76.44,48.91,70.86,61.15
76.31,76.31,42.26,71.07,61.88
78.02,78.02,38.18,71.55,61.72
77.70,77.70,35.32,71.21,67.57
77.72,77.72,35.65,71.04,69.50
78.27,78.27,35.13,70.86,69.37
79.38,79.38,33.39,73.40,69.55
79.89,79.89,31.42,71.11,65.39
80.62,80.62,32.90,73.30,64.93
79.07,79.07,35.88,71.95,63.67
79.48,79.48,40.57,73.46,65.97
75.31,75.31,47.43,71.55,67.21
74.89,74.89,59.21,67.28,68.29
74.51,74.51,67.73,71.40,69.71
72.20,72.20,61.31,73.94,68.95
73.88,73.88,55.31,71.47,68.06
73.15,73.15,50.16,74.11,63.41
74.15,74.15,45.79,73.29,58.14
73.20,73.20,41.03,72.89,59.65
70.19,70.19,39.41,74.59,63.56
69.60,69.60,39.03,74.65,62.99
69.99,69.99,36.76,70.54,65.52
68.84,68.84,35.97,74.58,67.18
69.37,69.37,36.39,72.06,66.83
65.72,65.72,36.71,75.70,64.57
65.84,65.84,39.68,73.24,61.53
62.97,62.97,52.84,72.47,57.75
58.56,58.56,56.82,74.94,60.14
63.58,63.58,68.31,71.74,66.14
57.56,57.56,74.55,75.15,68.43
57.66,57.66,76.80,71.57,69.65
55.70,55.70,73.89,71.92,70.39
57.64,57.64,70.12,73.06,67.20
58.06,58.06,64.50,70.63,65.81
58.91,58.91,59.72,71.82,66.27
60.21,60.21,54.91,69.85,65.40
60.24,60.24,48.04,71.97,65.36
59.04,59.04,43.58,71.73,64.77
56.70,56.70,38.67,73.16,67.46
58.07,58.07,36.85,71.51,70.53
55.09,55.09,34.64,73.63,69.97
56.82,56.82,31.38,71.94,67.75
58.53,58.53,35.66,72.09,65.09
55.75,55.75,43.14,73.06,65.60
55.26,55.26,60.48,74.98,65.97
58.34,58.34,67.42,71.47,67.75
59.72,59.72,67.35,76.00,67.71
61.03,61.03,66.37,72.88,67.23
59.81,59.81,66.13,75.88,62.83
61.47,61.47,65.60,73.27,60.03
57.82,57.82,64.75,74.42,56.17
59.93,59.93,65.22,74.09,56.02
60.52,60.52,64.11,71.73,54.38
64.23,64.23,62.90,73.23,54.24
63.64,63.64,63.34,73.29,52.49
63.78,63.78,62.26,74.48,54.70
65.61,65.61,61.59,73.84,54.15
67.36,67.36,60.93,76.70,54.73
67.36,67.36,58.00,75.35,56.62
66.63,66.63,59.34,76.52,58.56
67.96,67.96,61.42,72.03,59.68
68.88,68.88,59.67,72.85,59.61
68.05,68.05,54.68,74.22,61.08
69.38,69.38,49.91,72.14,59.07
70.31,70.31,43.63,70.06,63.07
71.68,71.68,40.28,73.59,64.74
72.12,72.12,36.88,73.19,63.39
72.26,72.26,37.72,68.88,61.25
74.00,74.00,35.82,72.12,61.67
72.25,72.25,33.49,71.01,59.74
70.66,70.66,35.48,74.13,62.58
72.77,72.77,33.68,70.47,61.78
70.93,70.93,32.16,73.71,59.07
72.76,72.76,31.38,73.30,53.65
69.52,69.52,37.61,74.77,54.82
65.39,65.39,46.19,73.36,50.69
67.18,67.18,60.87,71.74,48.33
76.72,76.72,61.50,72.33,51.20
77.43,77.43,55.36,71.90,50.79
75.92,75.92,47.43,75.21,51.34
76.27,76.27,41.44,78.37,49.54
77.45,77.45,35.62,72.76,56.19
77.41,77.41,33.00,77.60,50.07
76.46,76.46,33.94,74.71,56.90
79.73,79.73,35.09,75.84,50.19
74.31,74.31,36.75,75.53,54.09
76.18,76.18,39.37,72.44,51.12
76.16,76.16,39.28,76.03,53.42
77.08,77.08,39.07,77.71,53.14
76.24,76.24,38.68,71.77,52.90
74.56,74.56,41.67,75.60,51.62
70.99,70.99,48.41,76.67,60.17
73.38,73.38,64.68,74.19,56.02
73.51,73.51,65.02,74.40,62.58
75.43,75.43,58.39,76.28,72.86
77.06,77.06,51.15,69.90,77.27
77.47,77.47,44.43,74.79,78.06
76.83,76.83,36.88,74.06,77.33
76.73,76.73,34.23,75.80,76.51
77.85,77.85,31.49,75.69,76.06
78.20,78.20,30.17,77.66,74.37
77.99,77.99,33.84,79.47,72.76
77.74,77.74,32.86,76.85,71.89
77.66,77.66,36.56,78.21,71.40
78.27,78.27,38.31,76.99,70.17
79.04,79.04,44.22,76.78,68.62
78.11,78.11,48.77,78.00,68.41
76.19,76.19,52.45,75.62,70.54
78.94,78.94,68.76,76.62,69.08
78.91,78.91,65.17,77.60,65.02
80.31,80.31,59.29,79.03,67.25
77.83,77.83,54.28,75.69,63.98
79.52,79.52,49.02,77.99,65.53
80.12,80.12,44.91,76.12,65.70
75.91,75.91,42.38,77.68,65.14
75.37,75.37,42.91,74.94,66.47
74.44,74.44,45.21,75.05,67.63
73.26,73.26,50.73,75.26,65.96
75.34,75.34,55.42,75.60,67.47
77.17,77.17,56.89,74.93,67.27
77.94,77.94,49.30,70.48,67.85
76.13,76.13,44.25,76.53,69.48
73.46,73.46,45.33,76.10,69.40
73.10,73.10,48.73,75.41,69.52
71.03,71.03,69.30,75.65,70.80
69.76,69.76,64.20,75.91,71.09
76.61,76.61,57.35,78.62,71.45
77.30,77.30,50.66,75.14,71.67
78.77,78.77,42.98,76.58,71.36
77.41,77.41,37.89,76.38,72.75
75.57,75.57,34.13,77.41,73.11
77.85,77.85,34.29,75.50,72.76
79.21,79.21,35.38,74.02,73.36
79.33,79.33,38.66,74.48,73.05
77.77,77.77,39.61,74.65,72.51
79.31,79.31,37.83,71.29,73.42
77.24,77.24,34.65,74.64,72.50
77.13,77.13,40.00,76.37,71.56
76.45,76.45,47.81,76.56,71.97
74.03,74.03,55.93,75.81,71.90
78.40,78.40,69.75,78.59,73.13
80.98,80.98,64.08,78.41,73.07
80.04,80.04,58.32,78.46,73.52
78.15,78.15,51.81,77.70,72.31
79.80,79.80,45.49,77.16,71.18
79.31,79.31,39.30,78.21,70.05
79.79,79.79,39.02,72.04,70.73
75.10,75.10,44.98,75.17,71.04
75.79,75.79,54.06,75.34,69.38
73.79,73.79,57.57,76.13,70.86
76.00,76.00,57.60,77.65,70.93
74.35,74.35,56.00,74.64,69.85
70.39,70.39,54.20,76.53,70.11
68.84,68.84,54.82,77.88,69.02
65.65,65.65,58.66,76.18,68.77
65.50,65.50,62.74,76.93,68.48
68.92,68.92,76.35,77.35,66.83
74.55,74.55,75.42,77.63,65.80
78.43,78.43,73.69,78.06,66.08
73.74,73.74,70.65,76.72,66.04
74.50,74.50,64.87,74.41,66.69
73.63,73.63,59.67,75.62,65.35
74.37,74.37,54.07,74.35,63.85
72.13,72.13,50.86,74.97,64.09
72.51,72.51,45.21,76.92,63.10
72.37,72.37,42.66,78.54,64.36
70.35,70.35,39.07,76.44,65.27
72.79,72.79,41.86,75.50,65.59
70.35,70.35,44.23,75.74,64.60
67.27,67.27,46.97,76.00,65.29
66.82,66.82,50.02,76.88,63.73
68.47,68.47,56.43,77.43,62.53
74.83,74.83,70.52,78.16,56.55
80.25,80.25,66.75,77.62,55.40
78.29,78.29,64.99,73.55,59.18
76.94,76.94,61.58,76.38,58.34
78.47,78.47,58.95,75.66,55.86
80.00,80.00,56.66,76.63,53.90
81.29,81.29,51.14,72.91,56.74
82.39,82.39,49.29,76.73,53.09
77.37,77.37,47.28,76.35,51.56
78.57,78.57,53.19,77.63,52.03
75.36,75.36,57.93,76.17,54.80
80.45,80.45,59.06,74.98,60.37
76.45,76.45,58.78,76.32,55.79
78.09,78.09,57.70,76.96,57.62
74.15,74.15,54.71,75.04,59.82
75.45,75.45,55.28,74.92,60.21
73.78,73.78,63.09,78.10,61.67
74.96,74.96,58.81,76.78,62.41
76.47,76.47,53.01,75.72,60.43
78.18,78.18,49.04,75.89,60.89
76.83,76.83,43.63,76.89,60.70
75.60,75.60,38.37,75.61,60.69
74.06,74.06,37.45,74.21,61.08
74.70,74.70,34.66,76.16,59.49
76.43,76.43,35.44,78.34,60.08
76.08,76.08,37.27,75.54,59.79
74.00,74.00,38.54,76.30,60.78
79.13,79.13,37.57,77.20,60.44
81.02,81.02,39.18,77.19,57.26
79.08,79.08,40.90,77.67,57.30
80.21,80.21,45.30,78.88,57.36
80.06,80.06,56.76,77.55,56.59
74.31,74.31,67.33,78.75,57.57
79.58,79.58,62.49,76.49,57.90
78.84,78.84,55.34,77.01,52.21
76.92,76.92,50.91,76.56,47.47
78.29,78.29,47.08,78.02,55.30
78.89,78.89,39.69,76.51,55.95
77.60,77.60,35.99,76.62,51.64
77.24,77.24,32.45,77.98,57.59
77.58,77.58,30.20,78.89,56.15
75.28,75.28,32.72,77.51,53.74
77.14,77.14,32.27,75.98,55.93
80.16,80.16,33.28,77.83,54.12
78.21,78.21,34.13,80.21,57.86
77.77,77.77,40.65,78.79,53.86
78.96,78.96,44.34,77.04,55.50
79.61,79.61,57.21,77.53,67.28
79.43,79.43,68.68,79.70,67.35
79.37,79.37,62.81,77.33,55.76
81.09,81.09,56.58,78.57,56.30
76.67,76.67,49.86,78.91,53.37
74.95,74.95,41.07,79.48,49.59
77.88,77.88,38.20,77.42,53.27
80.47,80.47,40.24,78.36,50.57
79.04,79.04,40.19,79.34,50.97
76.61,76.61,36.82,80.34,54.78
76.66,76.66,35.40,79.18,54.27
79.09,79.09,35.43,76.49,53.88
76.97,76.97,33.42,80.19,49.18
78.32,78.32,35.51,80.37,51.61
79.01,79.01,43.13,79.04,53.01
79.84,79.84,53.18,79.07,49.06
80.59,80.59,61.13,79.60,47.10
81.19,81.19,67.37,80.99,44.70
80.22,80.22,61.37,79.31,45.19
79.53,79.53,54.63,80.59,49.20
79.42,79.42,52.15,80.84,48.68
80.29,80.29,47.43,80.86,45.79
78.89,78.89,44.99,80.06,47.49
78.90,78.90,39.95,79.38,48.22
74.72,74.72,35.09,82.32,45.78
74.78,74.78,35.76,80.70,39.46
75.79,75.79,43.28,80.71,43.67
73.54,73.54,43.41,80.58,45.99
74.50,74.50,38.71,83.18,51.39
74.98,74.98,38.15,82.11,50.20
76.15,76.15,41.16,80.56,47.67
77.34,77.34,51.03,80.97,49.39
81.88,81.88,64.20,83.48,47.45
79.09,79.09,66.25,82.70,46.47
78.15,78.15,61.09,80.75,49.93
78.64,78.64,54.28,81.34,49.11
79.28,79.28,47.84,83.35,48.36
81.16,81.16,46.26,82.34,48.70
79.15,79.15,44.72,81.35,43.69
79.20,79.20,42.81,81.97,43.07
81.73,81.73,39.93,83.40,45.34
80.04,80.04,43.38,82.21,44.95
81.36,81.36,42.12,81.99,45.29
80.34,80.34,41.21,82.56,41.50
81.54,81.54,42.22,84.28,41.65
81.22,81.22,39.49,82.30,39.92
81.02,81.02,44.76,81.97,40.29
82.40,82.40,54.67,82.37,40.60
80.60,80.60,62.95,84.27,39.81
79.67,79.67,66.78,82.13,37.79
81.16,81.16,60.97,81.85,38.31
81.39,81.39,53.11,82.41,44.89
82.41,82.41,47.83,84.17,50.22
79.37,79.37,47.28,82.20,52.34
80.93,80.93,43.29,82.17,46.73
80.98,80.98,38.03,83.19,45.31
81.28,81.28,35.71,84.60,46.14
80.12,80.12,36.69,82.48,47.40
80.08,80.08,41.05,82.11,47.70
81.34,81.34,41.01,83.09,46.26
79.31,79.31,40.21,84.25,44.12
84.19,84.19,42.74,82.33,46.29
78.69,78.69,43.65,82.21,48.18
81.75,81.75,41.59,82.67,43.43
77.34,77.34,38.91,84.59,50.96
78.43,78.43,40.50,82.19,53.59
81.47,81.47,44.13,82.32,52.70
77.23,77.23,48.82,82.97,48.32
78.31,78.31,53.61,83.89,51.47
75.06,75.06,55.63,82.32,56.04
78.55,78.55,54.30,81.25,58.19
78.64,78.64,54.56,82.26,57.34
76.52,76.52,54.22,83.04,57.91
76.92,76.92,55.65,81.16,56.92
80.41,80.41,53.71,81.55,59.55
78.02,78.02,48.64,83.67,59.92
77.27,77.27,45.76,82.25,58.21
79.00,79.00,43.56,81.78,59.10
76.37,76.37,43.95,81.43,58.10
77.13,77.13,45.39,83.35,57.67
78.71,78.71,47.77,82.34,58.86
77.48,77.48,48.28,80.01,61.36
74.82,74.82,48.90,81.08,60.99
75.92,75.92,44.97,82.06,59.77
73.28,73.28,43.70,81.59,56.04
74.28,74.28,46.47,80.02,57.50
72.73,72.73,42.75,80.46,61.57
72.07,72.07,45.09,82.37,62.21
70.03,70.03,43.03,81.18,60.93
71.85,71.85,42.34,80.11,61.32
74.14,74.14,43.21,80.67,59.29
71.74,71.74,49.42,81.47,60.55
71.74,71.74,48.49,81.27,63.44
70.26,70.26,43.67,80.18,63.51
74.29,74.29,42.82,79.63,59.06
75.16,75.16,40.65,82.52,60.83
71.42,71.42,32.82,80.31,62.83
69.64,69.64,35.80,79.69,61.15
70.21,70.21,41.40,79.52,57.29
67.48,67.48,44.05,81.72,56.83
70.55,70.55,41.15,80.09,62.88
75.62,75.62,46.53,79.55,57.51
75.04,75.04,43.19,80.26,59.08
70.29,70.29,43.95,81.33,60.84
67.58,67.58,36.36,79.98,58.65
69.82,69.82,39.59,78.73,59.89
74.29,74.29,40.12,79.90,60.70
73.36,73.36,39.44,81.09,60.13
69.21,69.21,41.69,79.44,60.13
67.83,67.83,50.48,79.31,60.62
67.29,67.29,51.22,79.79,59.74
65.09,65.09,45.55,81.69,56.57
67.63,67.63,49.45,79.55,58.04
77.59,77.59,48.45,80.06,59.02
71.84,71.84,50.21,81.92,65.08
67.84,67.84,42.29,84.50,64.02
66.96,66.96,49.12,84.93,54.62
70.29,70.29,45.10,84.55,52.20
74.49,74.49,42.30,84.74,51.32
75.86,75.86,38.43,85.14,52.15
67.94,67.94,42.38,85.11,52.55
68.27,68.27,46.55,85.47,56.75
69.44,69.44,43.65,85.73,55.41
71.32,71.32,41.20,85.83,51.37
70.46,70.46,40.34,85.71,48.08
72.03,72.03,40.57,85.62,50.94
71.32,71.32,42.84,85.27,47.79
78.37,78.37,44.38,85.08,47.08
74.77,74.77,44.74,84.78,52.80
72.64,72.64,42.99,85.27,53.79
74.87,74.87,42.30,83.47,49.76
73.33,73.33,42.77,78.28,49.18
75.17,75.17,42.15,77.16,44.54
75.88,75.88,39.65,72.70,45.34
77.98,77.98,37.43,72.50,53.85
77.76,77.76,40.72,70.39,53.01
71.86,71.86,38.27,67.67,56.74
76.77,76.77,39.57,68.62,55.31
74.78,74.78,34.41,68.74,55.12
73.49,73.49,41.27,69.32,53.12
75.36,75.36,43.17,70.75,48.67
71.72,71.72,45.82,71.34,50.33
73.39,73.39,48.88,69.33,49.56
76.98,76.98,51.51,66.24,45.98
82.10,82.10,59.32,63.19,47.88
83.43,83.43,59.97,61.08,45.89
84.97,84.97,61.33,55.16,48.27
84.30,84.30,57.61,58.90,46.32
83.94,83.94,56.82,60.91,45.03
80.99,80.99,56.86,60.80,52.03
82.77,82.77,58.10,58.50,51.88
81.74,81.74,58.84,52.91,49.59
83.09,83.09,58.23,43.82,42.81
82.91,82.91,58.87,34.93,37.82
84.25,84.25,61.51,43.13,36.19
82.03,82.03,65.52,43.24,36.20
81.68,81.68,63.62,48.19,41.20
79.52,79.52,62.23,45.09,42.74
79.12,79.12,58.98,44.06,37.69
79.76,79.76,58.04,43.59,38.75
79.55,79.55,56.85,35.81,37.35
80.39,80.39,54.46,33.51,35.64
79.25,79.25,50.74,29.44,34.72
79.82,79.82,47.40,23.46,35.54
80.60,80.60,45.99,36.08,33.32
82.94,82.94,44.35,33.90,34.10
82.96,82.96,43.65,34.79,34.08
84.00,84.00,42.25,31.86,36.53
78.78,78.78,39.77,27.21,35.15
81.54,81.54,38.71,21.05,32.75
80.30,80.30,38.38,23.97,35.39
80.62,80.62,37.03,23.39,37.40
78.27,78.27,37.03,20.16,38.48
79.45,79.45,36.09,17.60,36.14
78.38,78.38,38.21,19.23,36.79
78.63,78.63,42.17,22.39,42.77
82.03,82.03,44.98,19.72,38.01
81.85,81.85,45.24,24.30,37.95
82.17,82.17,46.64,22.25,39.81
79.68,79.68,51.47,24.61,37.08
78.92,78.92,51.45,30.87,35.09
78.15,78.15,49.19,23.59,37.05
75.74,75.74,47.57,29.36,37.86
76.91,76.91,43.75,24.76,36.24
75.61,75.61,39.92,22.32,37.93
74.53,74.53,36.37,20.46,40.86
73.08,73.08,34.22,14.10,43.41
74.60,74.60,37.61,18.97,43.01
73.42,73.42,40.70,20.37,38.52
77.11,77.11,51.63,30.77,41.03
80.10,80.10,52.22,28.82,39.54
82.13,82.13,50.68,30.88,40.28
82.07,82.07,47.60,27.49,40.14
83.69,83.69,48.01,27.20,42.34
82.79,82.79,47.47,24.06,39.39
82.51,82.51,46.82,22.68,41.19
82.97,82.97,43.87,23.58,39.03
83.70,83.70,39.61,18.00,37.28
80.67,80.67,42.22,16.87,34.84
78.22,78.22,47.06,21.02,33.61
82.16,82.16,52.87,17.49,33.66
82.67,82.67,52.59,17.41,34.47
76.59,76.59,45.61,16.66,32.89
75.22,75.22,40.20,18.09,33.39
78.51,78.51,36.46,16.83,36.05
76.78,76.78,35.91,11.93,34.31
77.99,77.99,37.67,15.36,34.28
79.55,79.55,39.20,23.48,34.42
80.22,80.22,39.90,27.33,31.63
80.94,80.94,40.90,28.91,33.37
81.59,81.59,40.48,29.90,37.58
82.72,82.72,42.40,27.10,36.32
80.66,80.66,39.48,22.77,35.12
78.12,78.12,45.98,32.64,33.56
77.12,77.12,43.17,31.80,35.08
78.14,78.14,43.12,24.85,34.83
78.50,78.50,38.32,23.79,40.00
77.13,77.13,37.32,12.15,38.59
78.63,78.63,35.87,11.17,37.07
81.10,81.10,35.90,17.22,35.77
79.91,79.91,37.46,20.16,34.92
80.12,80.12,34.87,15.83,33.67
81.02,81.02,36.60,18.73,33.92
80.92,80.92,44.52,28.29,34.97
82.27,82.27,45.80,14.68,33.50
81.46,81.46,44.77,20.07,35.21
84.35,84.35,42.75,21.44,35.31
84.36,84.36,41.06,27.99,37.09
84.41,84.41,43.52,26.39,37.23
82.82,82.82,45.07,27.31,34.39
82.86,82.86,40.28,26.89,33.56
81.93,81.93,40.10,19.66,33.09
79.81,79.81,41.08,27.30,34.40
81.17,81.17,41.23,17.30,33.13
79.56,79.56,40.56,22.94,36.50
77.75,77.75,37.45,27.88,37.39
78.46,78.46,33.90,27.72,38.37
76.85,76.85,37.40,19.49,38.06
79.44,79.44,41.19,21.24,35.96
79.40,79.40,42.53,19.46,37.24
78.99,78.99,41.21,24.20,37.74
78.04,78.04,39.95,20.66,37.52
76.54,76.54,38.14,18.68,37.66
75.25,75.25,37.75,22.65,34.48
75.16,75.16,35.48,20.74,38.62
72.67,72.67,37.57,20.61,33.12
73.28,73.28,44.59,22.67,34.28
74.70,74.70,50.94,20.07,36.56
76.27,76.27,52.61,22.09,33.31
76.53,76.53,49.08,7.59,33.78
77.97,77.97,45.58,13.59,31.37
79.77,79.77,44.06,24.90,29.94
79.09,79.09,46.43,39.49,34.00
79.17,79.17,56.25,51.18,34.56
82.17,82.17,64.47,63.89,30.16
78.74,78.74,80.14,80.26,27.53
66.42,66.42,86.99,86.31,23.41
61.73,61.73,87.52,86.49,20.49
64.96,64.96,79.17,76.67,28.02
67.14,67.14,70.49,77.08,28.27
71.17,71.17,63.89,76.93,34.75
74.91,74.91,72.80,88.50,37.77
73.63,73.63,69.51,90.23,39.59
76.55,76.55,61.52,88.86,44.84
78.45,78.45,53.76,89.24,44.40
80.54,80.54,51.84,88.71,45.56
85.42,85.42,52.54,88.57,46.99
83.47,83.47,49.88,87.64,49.00
79.78,79.78,51.11,86.60,52.44
79.11,79.11,51.94,85.49,51.28
80.97,80.97,54.68,86.71,56.25
84.02,84.02,59.39,87.88,52.50
85.41,85.41,65.99,86.41,52.73
86.28,86.28,62.24,85.82,53.08
85.95,85.95,56.49,86.40,54.07
86.44,86.44,54.29,86.55,57.72
85.09,85.09,52.46,87.98,55.88
82.96,82.96,52.00,88.33,56.22
84.10,84.10,51.83,87.91,54.64
82.61,82.61,52.76,87.66,48.66
78.35,78.35,51.57,89.35,50.79
84.64,84.64,50.21,90.34,54.26
84.37,84.37,49.78,90.15,56.22
77.65,77.65,52.76,89.95,54.69
78.53,78.53,53.19,89.16,55.02
79.90,79.90,55.11,89.05,49.83
77.79,77.79,56.64,90.19,49.04
79.30,79.30,63.46,90.28,46.20
81.18,81.18,65.09,90.47,50.94
81.03,81.03,56.28,90.68,46.07
78.50,78.50,51.62,89.85,50.59
76.30,76.30,50.31,90.12,48.44
80.23,80.23,47.53,90.68,49.32
78.62,78.62,47.15,90.22,48.88
75.14,75.14,47.14,90.16,48.29
73.16,73.16,49.31,89.49,51.78
72.29,72.29,53.34,88.46,52.42
72.78,72.78,51.07,88.90,51.61
74.86,74.86,49.60,89.71,51.02
71.49,71.49,49.14,89.75,51.27
70.87,70.87,49.47,89.41,48.22
70.51,70.51,51.31,88.22,50.48
70.37,70.37,52.71,86.55,52.66
70.15,70.15,58.39,85.82,52.46
69.89,69.89,75.90,86.03,48.15
75.70,75.70,76.16,85.29,50.73
75.72,75.72,73.55,86.38,52.26
72.17,72.17,72.28,85.16,51.96
70.25,70.25,72.47,83.01,53.28
70.29,70.29,71.60,86.36,53.30
70.57,70.57,71.47,85.68,53.16
69.87,69.87,71.81,85.57,55.36
72.99,72.99,69.91,84.82,55.27
72.15,72.15,69.11,84.33,54.42
70.70,70.70,67.93,84.26,54.68
68.84,68.84,69.27,86.01,54.43
69.75,69.75,67.99,86.29,51.75
70.05,70.05,67.84,86.50,48.72
68.45,68.45,68.76,86.70,44.44
69.90,69.90,82.42,84.39,44.61
72.90,72.90,83.33,84.98,45.48
75.67,75.67,76.81,84.33,45.71
77.58,77.58,71.27,85.99,45.69
79.14,79.14,64.22,87.81,43.57
78.20,78.20,59.15,86.33,47.28
78.46,78.46,57.02,85.24,50.92
78.12,78.12,54.19,85.40,48.50
78.41,78.41,54.60,84.02,47.97
80.11,80.11,54.77,86.19,50.39
80.31,80.31,53.53,87.35,49.99
80.55,80.55,52.72,85.94,51.53
81.91,81.91,53.85,86.42,50.26
83.22,83.22,53.74,85.73,49.93
79.98,79.98,54.14,85.92,53.33
79.13,79.13,56.62,86.28,54.93
82.66,82.66,61.69,86.19,52.59
81.90,81.90,68.34,86.44,52.11
81.17,81.17,60.88,86.17,48.40
80.81,80.81,57.09,85.16,53.67
82.18,82.18,55.33,85.67,54.23
80.85,80.85,53.90,85.66,50.78
82.26,82.26,55.46,85.22,52.71
82.09,82.09,54.81,86.05,54.39
81.18,81.18,53.86,86.39,49.25
80.97,80.97,53.60,85.01,53.66
79.79,79.79,51.58,85.47,48.52
80.51,80.51,53.02,84.80,50.83
79.79,79.79,53.80,85.78,45.82
78.57,78.57,60.95,85.83,46.02
77.77,77.77,67.35,85.77,46.23
75.58,75.58,74.88,81.39,42.25
69.71,69.71,87.75,83.12,39.92
61.10,61.10,89.13,82.11,34.63
58.12,58.12,86.55,80.81,39.12
61.04,61.04,80.52,75.29,43.88
64.61,64.61,71.28,69.71,47.38
65.55,65.55,73.53,77.54,48.90
68.24,68.24,80.86,87.85,49.80
67.01,67.01,76.47,89.03,50.94
68.33,68.33,72.61,87.93,53.25
69.28,69.28,67.88,88.43,55.52
67.94,67.94,63.01,88.36,52.38
68.99,68.99,61.69,87.77,51.88
69.49,69.49,60.42,86.70,54.51
68.77,68.77,58.82,84.42,53.63
66.87,66.87,59.29,84.99,56.62
64.85,64.85,56.46,87.13,57.62
66.29,66.29,61.23,87.42,56.37
69.03,69.03,64.67,88.14,57.77
69.48,69.48,55.62,87.61,57.21
68.21,68.21,50.87,86.44,57.77
67.76,67.76,48.04,88.05,60.18
68.96,68.96,46.35,88.86,60.07
68.99,68.99,46.11,90.13,56.39
70.76,70.76,46.19,89.97,55.47
68.54,68.54,45.90,88.44,54.26
70.29,70.29,44.04,89.36,56.13
70.65,70.65,42.30,89.99,56.76
69.52,69.52,39.37,90.11,55.11
66.70,66.70,40.70,90.83,57.28
67.83,67.83,42.97,90.82,57.59
70.63,70.63,47.27,89.90,54.66
70.35,70.35,56.89,90.75,52.29
80.02,80.02,68.68,90.60,57.08
83.75,83.75,63.48,91.04,53.59
77.92,77.92,58.22,90.88,56.12
79.80,79.80,55.92,90.69,59.75
79.22,79.22,62.23,89.76,59.59
81.13,81.13,57.11,90.69,62.28
82.32,82.32,55.86,90.71,63.01
84.40,84.40,56.53,90.01,61.71
83.62,83.62,64.27,89.57,62.09
81.21,81.21,60.58,89.46,58.10
80.21,80.21,55.20,88.74,57.69
77.93,77.93,49.96,90.23,58.36
76.04,76.04,48.75,90.12,64.01
76.33,76.33,58.32,88.82,63.02
69.28,69.28,72.71,87.63,59.28
67.89,67.89,77.40,85.55,52.34
62.53,62.53,91.10,80.34,50.70
56.96,56.96,90.84,79.26,50.61
58.71,58.71,85.35,80.34,55.14
59.19,59.19,79.22,75.04,56.18
61.83,61.83,72.42,66.33,56.30
64.05,64.05,78.44,84.95,54.71
67.94,67.94,75.91,88.15,48.90
71.89,71.89,68.84,89.75,47.32
74.27,74.27,66.35,90.06,45.19
74.57,74.57,52.57,89.22,45.95
76.26,76.26,55.54,88.67,52.59
76.86,76.86,43.88,87.12,54.49
76.44,76.44,48.05,88.05,53.77
78.31,78.31,57.32,88.43,51.66
80.05,80.05,66.55,88.75,46.71
74.24,74.24,80.04,84.83,44.72
59.87,59.87,88.83,83.47,43.52
57.05,57.05,88.72,85.65,45.49
58.48,58.48,83.73,84.56,52.66
60.64,60.64,75.41,76.30,54.84
63.10,63.10,70.57,71.02,55.63
71.88,71.88,73.17,85.81,52.46
75.41,75.41,68.84,89.07,50.35
75.84,75.84,60.41,90.38,51.98
75.59,75.59,55.05,90.12,53.17
75.25,75.25,55.26,89.50,49.47
75.41,75.41,51.10,88.08,50.17
75.62,75.62,46.29,88.29,54.15
75.60,75.60,45.77,88.22,53.71
77.40,77.40,46.75,88.18,56.85
77.79,77.79,49.70,88.00,56.55
79.16,79.16,53.92,87.22,58.10
78.03,78.03,68.90,86.24,55.22
77.96,77.96,76.10,86.40,53.19
79.80,79.80,73.38,87.48,53.06
80.26,80.26,72.31,87.28,57.36
78.71,78.71,70.85,87.71,59.34
76.74,76.74,69.50,87.37,59.69
78.08,78.08,68.10,88.61,56.88
74.95,74.95,70.09,89.28,55.97
71.92,71.92,67.85,90.33,53.82
71.96,71.96,66.97,90.15,55.41
71.81,71.81,64.55,89.53,58.81
71.33,71.33,64.85,88.49,61.06
68.88,68.88,64.95,90.07,60.86
68.57,68.57,67.61,89.94,58.34
65.51,65.51,69.85,90.90,54.10
71.70,71.70,75.04,90.28,51.98
76.61,76.61,83.93,88.70,50.56
83.62,83.62,79.51,89.25,48.75
82.86,82.86,73.56,89.83,50.14
80.93,80.93,68.15,90.19,49.14
80.87,80.87,62.49,90.87,50.18
82.17,82.17,61.68,89.72,54.53
85.82,85.82,60.90,88.07,58.80
86.17,86.17,60.39,89.20,53.73
84.59,84.59,61.42,89.65,53.52
80.19,80.19,58.74,89.50,51.98
76.62,76.62,57.36,89.01,57.94
73.77,73.77,54.64,88.08,55.11
74.08,74.08,54.82,87.12,55.66
73.68,73.68,54.30,87.96,57.27
74.41,74.41,52.89,87.68,52.00
76.18,76.18,58.29,87.51,51.83
79.80,79.80,67.02,86.31,51.60
78.15,78.15,62.88,85.44,53.43
79.50,79.50,57.37,85.16,54.60
79.76,79.76,53.78,85.20,49.06
81.15,81.15,53.60,85.88,47.76
79.55,79.55,52.02,85.11,52.09
81.05,81.05,52.03,84.78,51.93
79.99,79.99,52.89,84.74,48.77
79.62,79.62,52.48,84.98,51.17
79.63,79.63,52.82,85.31,49.96
80.00,80.00,53.54,85.76,54.41
78.36,78.36,53.98,85.28,50.93
79.81,79.81,56.91,85.11,50.44
80.82,80.82,58.99,83.91,50.66
79.62,79.62,56.34,83.89,50.76
80.10,80.10,63.43,84.55,50.69
77.45,77.45,67.08,86.03,56.23
80.37,80.37,60.91,86.94,59.47
81.93,81.93,52.93,86.40,57.18
83.75,83.75,51.93,83.88,58.75
83.07,83.07,50.79,85.31,58.94
84.17,84.17,51.71,85.78,60.96
84.26,84.26,52.02,85.36,61.23
81.96,81.96,50.86,86.36,56.82
86.68,86.68,50.82,86.31,60.66
82.41,82.41,47.85,85.70,58.62
79.19,79.19,45.65,85.75,58.06
74.58,74.58,43.35,84.81,57.59
70.33,70.33,39.96,86.09,53.64
72.79,72.79,43.10,86.49,53.82
71.38,71.38,50.10,86.28,54.96
71.65,71.65,56.88,83.21,57.17
74.12,74.12,65.55,84.89,57.80
75.67,75.67,61.61,84.25,57.80
77.17,77.17,56.22,87.57,58.52
75.29,75.29,52.90,87.53,57.26
74.03,74.03,49.98,87.31,54.25
74.51,74.51,50.47,87.08,54.20
76.82,76.82,53.00,86.14,51.62
73.97,73.97,56.38,86.24,51.79
73.56,73.56,61.54,85.83,52.15
70.23,70.23,53.94,86.03,55.42
68.33,68.33,48.68,86.13,56.47
65.34,65.34,43.39,86.10,55.74
68.40,68.40,53.13,86.13,54.82
66.63,66.63,63.49,85.64,51.56
65.14,65.14,69.94,86.11,47.39
64.23,64.23,86.40,79.27,44.42
61.92,61.92,91.89,78.76,41.19
59.05,59.05,88.52,77.31,42.78
64.78,64.78,85.28,76.02,46.77
67.95,67.95,80.45,75.99,48.73
71.64,71.64,79.80,74.68,44.96
74.10,74.10,79.20,88.87,41.31
76.87,76.87,68.88,89.37,43.25
80.78,80.78,62.42,90.18,47.04
79.14,79.14,59.80,89.96,47.14
78.09,78.09,57.01,90.86,47.11
75.26,75.26,55.98,91.47,46.93
77.01,77.01,55.08,89.90,49.11
82.01,82.01,52.51,89.74,48.05
83.16,83.16,53.57,90.62,46.06
80.32,80.32,55.79,90.82,49.68
79.82,79.82,59.43,90.27,48.73
81.81,81.81,65.63,90.46,50.86
85.56,85.56,60.12,90.62,47.52
85.58,85.58,57.28,89.88,48.14
82.40,82.40,55.18,88.89,51.59
81.21,81.21,54.54,88.05,46.89
82.04,82.04,54.42,90.12,46.72
84.69,84.69,55.71,87.04,47.54
82.47,82.47,54.05,86.84,47.84
80.67,80.67,53.14,87.36,44.26
81.95,81.95,54.27,89.00,47.81
79.92,79.92,51.42,85.93,44.81
75.41,75.41,48.63,84.83,48.31
77.13,77.13,49.74,86.56,46.84
77.97,77.97,54.44,87.16,47.17
76.12,76.12,59.55,85.99,50.08
73.43,73.43,66.59,85.06,48.00
79.07,79.07,64.63,87.07,49.06
78.18,78.18,57.66,87.42,51.80
75.36,75.36,54.81,84.32,48.89
75.13,75.13,51.18,86.75,46.47
75.83,75.83,47.44,89.20,48.27
76.87,76.87,46.67,86.77,47.43
75.37,75.37,45.30,84.94,48.51
76.07,76.07,45.11,86.89,48.85
77.21,77.21,45.69,88.25,52.84
75.01,75.01,43.95,87.16,54.41
74.29,74.29,42.41,87.69,52.73
71.33,71.33,43.41,88.35,51.70
68.69,68.69,43.84,88.82,52.98
67.21,67.21,44.56,87.33,52.56
67.80,67.80,48.28,88.38,56.71
71.30,71.30,58.22,89.52,56.99
70.62,70.62,77.38,88.31,58.95
72.78,72.78,75.56,88.43,58.95
72.19,72.19,72.79,88.51,63.45
69.51,69.51,72.75,89.16,60.90
67.39,67.39,71.86,88.20,60.82
73.07,73.07,70.60,88.29,64.30
69.52,69.52,71.41,89.97,60.71
69.74,69.74,70.15,88.84,53.55
70.95,70.95,69.17,88.85,58.54
70.61,70.61,68.15,88.78,57.51
70.56,70.56,67.47,89.24,57.50
68.54,68.54,67.29,88.02,56.47
69.45,69.45,66.13,87.36,56.26
68.18,68.18,66.74,88.56,52.08
64.87,64.87,68.10,88.19,42.62
69.67,69.67,84.38,86.20,40.72
73.85,73.85,83.03,86.01,44.00
75.45,75.45,77.64,88.65,41.91
72.83,72.83,70.80,88.06,44.34
74.59,74.59,63.96,87.05,46.85
76.75,76.75,59.91,88.09,45.47
78.44,78.44,55.13,87.76,47.90
75.26,75.26,50.93,87.06,46.76
77.79,77.79,48.77,86.89,47.97
79.24,79.24,45.55,88.31,47.48
80.55,80.55,42.01,87.72,47.16
81.95,81.95,42.11,86.77,49.39
81.30,81.30,40.60,87.54,48.42
79.51,79.51,44.21,87.66,49.53
78.30,78.30,48.34,87.23,49.98
79.43,79.43,53.51,86.05,50.77
80.98,80.98,61.95,87.49,49.35
81.36,81.36,67.17,86.57,49.62
81.55,81.55,59.21,85.98,50.77
82.59,82.59,51.83,87.13,50.13
81.37,81.37,45.18,87.04,50.20
79.96,79.96,44.36,86.54,50.51
78.77,78.77,45.01,86.03,49.72
79.47,79.47,47.03,86.38,50.75
79.75,79.75,46.73,86.08,47.97
80.79,80.79,47.01,86.05,51.21
82.17,82.17,44.47,86.59,53.80
78.86,78.86,43.50,86.03,48.83
75.01,75.01,46.81,85.69,49.79
79.41,79.41,59.89,84.61,50.46
74.93,74.93,64.68,85.95,45.88
74.07,74.07,74.99,81.56,47.58
68.77,68.77,91.87,83.00,46.29
60.28,60.28,92.36,79.70,45.62
59.25,59.25,87.12,76.71,53.89
60.02,60.02,84.17,73.78,57.44
62.85,62.85,82.43,76.86,59.58
62.59,62.59,81.94,83.05,61.91
66.01,66.01,78.95,89.42,66.13
68.49,68.49,66.03,90.42,62.18
68.98,68.98,63.14,89.84,61.16
66.67,66.67,58.13,90.32,63.82
65.22,65.22,50.64,91.68,61.28
71.15,71.15,49.55,90.32,60.33
75.51,75.51,49.50,90.24,63.74
72.80,72.80,50.00,90.63,58.23
72.26,72.26,51.03,91.65,60.79
69.06,69.06,49.80,90.18,61.41
68.49,68.49,62.97,89.59,59.98
69.40,69.40,64.56,90.82,57.88
68.80,68.80,56.76,89.76,59.12
68.11,68.11,50.42,88.90,56.33
69.61,69.61,43.71,87.85,62.15
68.03,68.03,38.61,89.52,64.69
63.11,63.11,35.17,87.11,58.96
66.19,66.19,38.01,86.52,59.99
66.12,66.12,46.56,87.36,57.55
72.01,72.01,57.20,88.30,56.12
74.92,74.92,55.66,86.35,55.85
74.67,74.67,50.00,85.94,55.30
74.10,74.10,48.17,86.57,53.50
74.01,74.01,50.55,87.75,55.83
73.42,73.42,58.15,84.17,54.67
72.02,72.02,62.47,85.70,53.88
78.83,78.83,65.02,87.39,49.66
81.40,81.40,62.09,86.78,45.71
82.70,82.70,57.29,84.65,47.29
81.92,81.92,56.36,86.46,50.65
82.25,82.25,60.58,87.78,49.60
79.37,79.37,53.83,86.88,48.91
80.16,80.16,53.53,85.82,47.53
78.16,78.16,55.89,87.24,51.20
79.47,79.47,63.04,89.07,51.44
79.54,79.54,61.47,85.54,50.45
78.26,78.26,56.13,85.92,51.38
76.37,76.37,51.37,87.18,50.49
72.95,72.95,48.94,88.27,51.24
72.49,72.49,56.68,87.64,55.04
71.51,71.51,68.19,88.02,58.30
70.11,70.11,78.00,86.30,57.15
61.22,61.22,92.00,82.69,53.53
59.16,59.16,91.03,77.65,52.74
63.49,63.49,87.97,75.75,58.68
66.25,66.25,81.77,73.07,57.61
66.52,66.52,82.82,78.12,52.52
69.22,69.22,83.24,85.81,48.21
75.70,75.70,74.21,88.14,48.17
78.03,78.03,66.54,90.39,46.49
77.20,77.20,62.64,91.52,43.98
77.81,77.81,57.04,90.10,45.04
80.68,80.68,50.97,90.12,45.82
80.59,80.59,48.58,91.44,47.48
80.84,80.84,51.31,90.71,49.93
82.68,82.68,61.90,89.80,52.59
80.13,80.13,70.31,89.02,48.88
74.62,74.62,83.48,85.79,44.29
64.07,64.07,91.87,77.47,42.19
60.27,60.27,91.18,71.35,48.83
62.31,62.31,87.05,69.38,55.36
63.29,63.29,81.12,72.34,57.16
65.23,65.23,82.72,77.30,60.93
70.15,70.15,83.25,86.01,60.68
72.09,72.09,72.99,86.98,58.87
73.58,73.58,62.30,89.82,59.85
73.93,73.93,59.93,90.88,58.70
76.73,76.73,49.88,90.41,55.71
78.89,78.89,41.67,90.16,56.28
81.38,81.38,44.12,90.48,60.20
79.30,79.30,45.28,91.91,58.74
77.65,77.65,48.89,90.50,59.58
81.54,81.54,54.25,90.85,57.99
84.21,84.21,56.83,89.59,54.19
78.08,78.08,72.37,90.17,56.07
79.05,79.05,74.63,89.29,52.01
80.65,80.65,72.97,88.33,56.80
79.05,79.05,72.00,90.96,57.48
79.15,79.15,70.60,88.83,56.05
78.60,78.60,69.89,87.08,53.12
76.39,76.39,68.57,87.17,51.13
77.12,77.12,68.73,89.19,53.45
75.45,75.45,66.99,86.59,50.26
73.35,73.35,65.90,85.32,50.27
74.33,74.33,65.65,87.82,50.10
74.35,74.35,65.38,85.56,49.01
80.18,80.18,64.41,85.41,49.17
75.81,75.81,66.50,85.43,46.11
73.87,73.87,67.25,87.78,44.51
75.31,75.31,75.43,87.25,45.30
76.09,76.09,83.03,83.12,42.54
79.48,79.48,79.01,83.72,40.30
82.10,82.10,73.78,87.11,46.82
85.52,85.52,69.86,86.11,51.35
85.68,85.68,65.99,85.70,55.28
86.08,86.08,62.04,86.38,54.60
85.16,85.16,60.03,86.50,55.24
81.48,81.48,57.80,85.71,53.49
79.10,79.10,56.17,86.71,50.78
75.59,75.59,53.12,87.67,52.55
77.78,77.78,52.10,88.51,53.59
74.07,74.07,50.62,86.52,54.28
76.54,76.54,49.93,87.41,56.06
74.22,74.22,48.54,89.10,52.70
71.68,71.68,52.87,87.60,51.61
75.31,75.31,56.11,87.55,50.96
76.00,76.00,67.37,88.11,47.80
76.33,76.33,61.65,89.61,46.16
76.41,76.41,54.08,87.62,49.41
75.64,75.64,52.17,88.27,48.14
77.72,77.72,50.36,88.79,46.22
76.31,76.31,49.78,89.32,49.50
77.43,77.43,47.81,88.83,48.60
74.38,74.38,47.46,87.80,51.48
77.37,77.37,45.83,89.08,48.55
78.87,78.87,43.57,87.77,49.21
81.86,81.86,40.09,87.98,48.64
79.75,79.75,38.90,88.25,49.34
71.74,71.74,40.17,89.04,51.02
71.48,71.48,43.70,88.75,51.13
72.12,72.12,48.09,88.02,48.32
75.43,75.43,62.77,88.91,52.73
75.24,75.24,66.04,88.47,51.85
77.69,77.69,56.56,88.09,47.57
77.02,77.02,51.86,87.67,48.31
77.42,77.42,46.67,88.70,46.85
80.62,80.62,43.67,87.83,46.90
81.63,81.63,42.24,87.10,46.64
83.36,83.36,42.92,87.88,52.05
81.82,81.82,43.45,86.95,52.69
79.46,79.46,44.69,87.85,52.15
78.19,78.19,44.31,86.59,50.64
76.73,76.73,43.99,87.93,47.89
77.09,77.09,43.99,88.02,49.77
73.61,73.61,42.20,86.73,48.71
73.53,73.53,43.85,87.87,46.92
75.82,75.82,49.83,85.22,45.68
73.04,73.04,56.86,85.51,46.62
74.06,74.06,66.52,85.31,45.31
73.52,73.52,58.39,83.38,46.23
71.64,71.64,52.02,85.83,46.97
74.30,74.30,44.05,87.02,47.82
76.24,76.24,40.16,86.62,49.80
73.09,73.09,42.00,86.52,48.30
73.09,73.09,46.38,87.51,50.76
73.38,73.38,52.62,87.21,52.46
72.68,72.68,56.87,86.42,51.54
70.51,70.51,47.86,86.95,52.97
69.08,69.08,41.42,86.80,52.26
71.66,71.66,45.67,86.64,50.83
72.58,72.58,52.16,86.28,46.29
72.24,72.24,65.30,85.78,41.85
67.11,67.11,68.69,83.15,37.14
64.64,64.64,89.89,78.01,42.30
60.43,60.43,93.23,79.31,41.14
60.71,60.71,89.59,71.02,41.05
67.51,67.51,87.15,65.43,46.58
67.48,67.48,83.43,71.58,43.81
69.94,69.94,81.80,72.58,43.21
70.13,70.13,81.02,82.46,40.11
72.86,72.86,75.57,87.81,40.09
75.23,75.23,65.10,91.45,41.10
78.16,78.16,56.16,88.29,42.81
80.20,80.20,56.03,90.38,46.21
80.31,80.31,52.82,89.23,44.57
80.83,80.83,47.45,90.26,42.43
76.40,76.40,45.85,89.87,43.27
72.41,72.41,47.63,88.72,45.54
69.08,69.08,51.12,90.32,46.53
70.92,70.92,59.45,88.99,45.65
71.45,71.45,69.22,89.73,46.29
69.41,69.41,66.05,86.93,46.09
71.84,71.84,64.25,90.17,49.33
68.47,68.47,57.43,85.97,47.39
69.57,69.57,53.17,89.34,48.04
72.74,72.74,50.13,86.77,49.34
71.62,71.62,47.05,88.62,47.35
74.35,74.35,45.66,86.38,47.83
75.78,75.78,45.70,86.56,49.19
76.07,76.07,43.83,87.56,47.52
74.65,74.65,44.03,86.71,51.05
75.86,75.86,42.92,88.76,50.84
75.80,75.80,44.31,85.56,50.61
77.18,77.18,49.17,88.68,49.56
74.20,74.20,53.51,85.76,49.76
72.14,72.14,65.95,89.16,53.36
74.44,74.44,62.88,85.86,54.07
76.70,76.70,54.45,87.56,56.47
76.26,76.26,47.79,85.83,58.41
76.36,76.36,44.49,85.53,55.19
76.49,76.49,43.83,86.96,55.53
77.34,77.34,44.09,84.46,62.92
77.79,77.79,42.16,87.47,58.32
73.42,73.42,45.04,82.82,58.57
76.55,76.55,43.15,87.70,55.89
76.67,76.67,40.18,82.77,55.86
72.53,72.53,37.57,84.36,56.39
69.28,69.28,35.83,82.68,54.35
71.26,71.26,39.23,87.19,54.97
72.75,72.75,44.52,86.58,49.95
77.62,77.62,55.23,84.52,50.15
81.07,81.07,65.65,87.19,48.11
83.08,83.08,76.35,86.02,48.41
81.39,81.39,73.65,87.18,49.07
81.82,81.82,73.37,86.61,52.56
81.77,81.77,72.30,87.66,54.66
81.94,81.94,71.25,86.23,54.32
82.41,82.41,70.38,86.54,52.31
78.31,78.31,70.57,86.18,49.55
74.19,74.19,69.95,86.11,49.65
71.54,71.54,70.04,85.70,51.61
72.50,72.50,68.51,86.21,52.94
71.75,71.75,66.96,88.03,54.29
71.53,71.53,66.49,85.54,55.75
68.55,68.55,66.65,87.22,54.91
67.18,67.18,66.58,85.69,53.26
64.98,64.98,67.21,86.54,48.42
74.03,74.03,84.61,84.79,48.05
74.87,74.87,81.16,86.89,46.26
76.19,76.19,75.85,86.31,46.60
75.67,75.67,69.04,86.05,47.18
73.54,73.54,65.29,87.50,48.26
77.96,77.96,62.55,86.31,48.62
77.19,77.19,61.02,86.74,51.36
77.84,77.84,59.49,86.18,51.28
80.65,80.65,57.49,87.33,51.75
81.97,81.97,54.87,85.95,51.04
82.31,82.31,53.45,86.02,51.21
83.82,83.82,53.50,86.61,50.91
83.93,83.93,53.36,85.39,51.76
84.43,84.43,53.04,86.47,50.00
83.09,83.09,51.40,84.96,50.18
81.32,81.32,55.33,86.67,49.74
80.75,80.75,64.29,85.61,51.63
78.54,78.54,67.13,86.16,51.01
73.99,73.99,60.41,84.53,51.70
76.14,76.14,52.17,86.29,50.26
75.68,75.68,44.53,85.97,49.76
75.95,75.95,38.73,84.77,48.77
75.12,75.12,39.83,86.10,49.02
77.59,77.59,46.30,85.29,47.91
76.95,76.95,47.96,85.02,52.21
78.05,78.05,48.87,85.26,50.67
77.49,77.49,47.20,85.64,49.18
77.33,77.33,45.05,84.57,50.18
76.12,76.12,48.27,85.00,50.88
76.57,76.57,59.21,86.03,50.40
75.72,75.72,67.45,83.81,48.00
73.62,73.62,75.63,83.53,47.82
67.40,67.40,91.41,80.88,44.25
60.64,60.64,93.11,72.29,43.92
60.43,60.43,89.83,67.21,55.84
62.99,62.99,87.71,64.01,60.61
63.57,63.57,81.24,70.90,58.84
64.08,64.08,80.76,76.98,59.58
67.90,67.90,80.47,85.18,61.33
72.49,72.49,70.73,90.83,57.75
74.29,74.29,54.87,88.47,57.08
74.65,74.65,55.37,90.08,54.49
74.61,74.61,52.34,88.83,52.56
77.69,77.69,43.90,89.48,54.98
75.26,75.26,44.51,87.22,54.74
73.37,73.37,41.89,90.31,50.89
75.07,75.07,46.92,87.72,51.22
77.93,77.93,54.24,89.52,50.66
81.05,81.05,65.21,89.89,52.34
82.08,82.08,62.36,87.91,52.06
79.95,79.95,59.40,88.48,51.14
79.75,79.75,56.22,84.92,52.01
80.91,80.91,54.25,89.32,54.61
81.57,81.57,49.75,86.51,55.57
79.33,79.33,45.52,88.55,54.06
75.61,75.61,42.70,86.36,53.39
71.83,71.83,39.70,88.80,52.90
70.65,70.65,38.77,85.71,54.84
69.00,69.00,35.87,87.65,57.05
69.37,69.37,37.29,88.21,57.39
68.24,68.24,38.49,86.40,56.92
71.05,71.05,45.14,86.83,58.82
72.81,72.81,48.72,84.90,60.88
73.95,73.95,58.38,87.43,63.27
80.51,80.51,66.38,83.75,69.08
81.04,81.04,58.95,88.27,68.39
78.39,78.39,53.48,83.48,72.00
79.02,79.02,57.00,87.05,70.93
77.40,77.40,60.37,83.15,71.64
80.89,80.89,56.22,85.70,71.77
81.00,81.00,56.57,85.28,68.31
83.72,83.72,58.21,82.79,68.06
83.23,83.23,64.88,85.35,68.95
81.64,81.64,60.90,80.73,67.57
79.65,79.65,55.66,87.62,65.29
80.63,80.63,55.61,83.36,66.88
79.61,79.61,58.04,87.17,67.37
80.37,80.37,67.23,84.24,65.78
79.47,79.47,71.88,88.36,66.24
75.75,75.75,84.11,85.28,63.35
64.47,64.47,91.89,79.60,57.93
60.49,60.49,92.07,61.33,59.55
57.35,57.35,86.19,70.04,61.99
61.14,61.14,83.72,64.34,59.65
62.53,62.53,82.22,73.78,65.96
61.07,61.07,79.43,76.69,67.51
65.24,65.24,79.77,88.54,67.53
67.05,67.05,68.83,88.74,67.61
69.20,69.20,55.31,90.23,71.07
71.72,71.72,53.10,88.14,72.43
73.73,73.73,47.44,90.35,70.49
72.85,72.85,46.21,89.79,68.94
73.47,73.47,52.07,89.67,69.25
72.19,72.19,64.41,90.25,70.82
71.75,71.75,75.36,88.19,69.49
71.47,71.47,81.11,88.00,65.16
61.73,61.73,91.95,81.13,56.58
57.61,57.61,91.99,71.17,56.95
57.02,57.02,84.00,69.71,60.08
58.69,58.69,84.38,62.34,61.92
63.31,63.31,81.44,74.65,62.84
63.47,63.47,79.32,76.82,67.58
64.32,64.32,79.10,88.28,69.72
64.37,64.37,68.38,88.82,68.15
64.55,64.55,52.97,90.45,68.87
62.88,62.88,57.19,88.10,68.94
64.19,64.19,50.48,90.85,72.10
68.32,68.32,40.24,88.58,72.71
68.00,68.00,37.44,89.90,74.32
69.24,69.24,45.15,89.38,72.26
78.97,78.97,52.91,88.80,72.00
79.57,79.57,57.99,89.25,72.19
77.33,77.33,72.18,86.62,67.93
76.05,76.05,73.27,89.48,68.25
78.44,78.44,73.01,86.48,69.50
73.45,73.45,71.31,88.25,67.51
69.28,69.28,69.20,86.30,65.81
69.04,69.04,67.64,89.45,64.22
72.18,72.18,68.51,86.99,66.41
69.74,69.74,66.48,88.39,66.47
73.03,73.03,65.44,87.68,69.08
73.73,73.73,63.34,86.88,68.43
71.56,71.56,65.42,87.90,63.16
69.76,69.76,65.07,85.38,68.54
69.62,69.62,63.97,88.81,68.37
66.31,66.31,65.43,84.69,67.58
63.27,63.27,68.64,88.31,65.90
65.17,65.17,79.43,83.68,61.86
66.62,66.62,83.49,86.81,58.71
69.55,69.55,79.75,84.34,63.45
73.16,73.16,74.54,86.25,64.57
75.96,75.96,70.43,85.90,62.89
79.39,79.39,68.20,85.14,63.34
76.77,76.77,68.61,85.16,63.33
79.02,79.02,66.65,83.58,59.09
80.64,80.64,67.39,85.46,61.45
78.41,78.41,64.77,79.38,60.75
77.49,77.49,65.99,85.29,63.08
78.67,78.67,63.75,81.99,63.10
81.79,81.79,62.93,87.82,63.17
83.12,83.12,60.32,83.54,60.47
82.50,82.50,58.98,87.14,58.98
81.62,81.62,61.18,85.25,59.66
82.94,82.94,62.22,87.10,60.10
81.89,81.89,67.57,85.73,64.71
81.84,81.84,61.99,86.67,69.00
78.40,78.40,57.24,88.69,69.25
72.35,72.35,52.13,85.17,68.95
73.99,73.99,50.12,87.75,65.59
70.16,70.16,48.37,85.18,63.25
71.32,71.32,48.79,86.73,66.39
72.93,72.93,50.29,86.35,60.82
75.00,75.00,51.93,86.47,59.59
76.45,76.45,52.59,86.90,62.10
76.68,76.68,51.74,86.12,60.85
76.79,76.79,53.19,87.47,61.92
77.81,77.81,52.88,85.87,57.88
76.38,76.38,53.87,87.52,59.76
77.37,77.37,55.15,85.95,58.19
75.26,75.26,65.47,87.50,59.40
75.48,75.48,65.93,86.65,57.72
76.08,76.08,57.81,87.05,62.78
79.48,79.48,54.64,86.22,69.02
77.98,77.98,53.08,85.93,66.73
77.20,77.20,49.97,87.02,63.76
75.80,75.80,44.66,85.35,65.30
72.37,72.37,43.35,86.00,67.89
72.78,72.78,41.97,85.22,64.80
74.95,74.95,42.26,85.87,66.96
77.80,77.80,45.59,86.31,60.37
78.85,78.85,47.75,86.85,59.44
78.42,78.42,47.92,86.36,58.29
76.21,76.21,47.40,85.32,59.09
72.61,72.61,48.73,86.57,58.18
75.01,75.01,53.65,85.30,55.15
77.56,77.56,62.73,83.02,59.05
80.37,80.37,66.89,84.70,58.35
81.46,81.46,63.18,84.27,57.90
81.23,81.23,59.42,84.39,58.70
81.39,81.39,55.59,85.38,58.56
79.88,79.88,52.27,81.33,57.91
80.92,80.92,48.72,82.86,56.24
80.33,80.33,50.05,83.91,59.31
76.25,76.25,54.74,80.05,60.03
72.74,72.74,57.71,82.75,60.00
70.35,70.35,51.47,82.38,60.43
72.14,72.14,42.75,81.67,60.48
71.12,71.12,45.20,83.36,59.33
68.08,68.08,55.66,80.09,58.62
67.80,67.80,67.27,83.15,59.52
67.29,67.29,73.44,80.73,53.52
62.47,62.47,89.97,78.94,50.78
62.22,62.22,91.34,77.60,47.95
62.68,62.68,89.30,73.92,48.75
65.96,65.96,84.47,73.50,47.97
68.34,68.34,82.74,74.91,45.92
72.87,72.87,83.68,79.92,47.64
75.31,75.31,79.52,89.57,50.96
78.62,78.62,67.05,87.98,51.79
80.66,80.66,62.39,90.54,53.26
80.38,80.38,58.05,91.82,52.89
80.41,80.41,51.84,90.17,51.10
79.54,79.54,51.32,90.18,50.32
78.02,78.02,49.28,90.08,49.03
77.36,77.36,50.76,90.94,50.42
75.34,75.34,51.50,90.01,51.04
76.91,76.91,55.42,89.77,51.55
77.43,77.43,62.27,91.21,54.81
74.12,74.12,64.74,90.27,57.71
74.16,74.16,56.82,88.62,61.12
73.00,73.00,51.48,88.67,59.21
74.01,74.01,49.03,91.06,58.42
74.17,74.17,48.66,88.72,55.59
73.77,73.77,53.76,86.53,54.34
70.82,70.82,50.38,87.90,51.25
71.85,71.85,47.31,88.67,53.20
76.59,76.59,44.93,85.86,54.00
78.84,78.84,45.08,84.98,54.80
75.24,75.24,44.22,87.21,49.71
74.67,74.67,43.68,87.94,48.43
73.51,73.51,43.30,83.53,50.16
76.69,76.69,48.81,84.52,52.75
76.21,76.21,52.34,87.54,51.58
74.55,74.55,67.30,86.83,53.06
76.35,76.35,60.35,85.75,50.32
77.02,77.02,52.84,86.60,49.95
78.36,78.36,48.23,88.35,51.71
79.81,79.81,45.28,84.85,52.82
79.21,79.21,41.62,85.78,51.86
80.31,80.31,40.48,86.72,50.16
76.80,76.80,41.26,89.37,49.16
76.76,76.76,44.34,86.06,53.64
76.10,76.10,44.23,86.96,50.43
74.16,74.16,39.25,87.78,53.21
70.18,70.18,38.40,88.53,52.95
69.38,69.38,39.81,87.07,51.69
70.42,70.42,45.43,88.31,51.60
70.67,70.67,51.67,89.84,49.82
77.11,77.11,59.51,87.52,51.68
80.35,80.35,69.36,87.77,53.12
81.30,81.30,75.64,88.18,54.74
82.11,82.11,74.51,89.97,49.47
77.40,77.40,71.59,88.63,50.36
72.90,72.90,71.24,88.66,53.52
69.44,69.44,71.40,89.16,54.14
67.80,67.80,69.39,88.72,55.90
71.66,71.66,69.14,87.97,57.05
70.20,70.20,68.65,87.96,53.21
73.80,73.80,66.61,89.82,54.53
76.11,76.11,66.15,88.53,49.70
74.44,74.44,65.30,88.55,52.85
72.88,72.88,64.66,88.49,52.88
72.44,72.44,65.17,88.76,49.10
67.89,67.89,66.08,87.59,43.88
64.31,64.31,70.76,87.54,45.87
69.35,69.35,85.50,87.33,49.70
70.02,70.02,81.54,86.80,48.69
73.83,73.83,74.22,87.23,47.81
75.01,75.01,67.08,87.65,48.33
75.70,75.70,61.01,87.77,50.73
77.61,77.61,57.39,87.72,49.63
78.10,78.10,54.96,86.88,48.86
77.02,77.02,54.36,87.82,50.32
79.10,79.10,53.41,87.14,51.00
80.28,80.28,52.31,86.81,51.01
80.55,80.55,50.18,87.26,49.48
78.03,78.03,50.08,87.32,51.69
79.95,79.95,50.07,87.05,50.24
81.43,81.43,49.30,85.77,53.09
79.45,79.45,51.91,87.86,52.37
79.40,79.40,55.46,87.54,53.82
77.76,77.76,65.75,86.94,53.06
78.15,78.15,64.66,87.11,52.11
74.28,74.28,58.16,86.68,53.05
75.62,75.62,51.20,85.74,53.75
72.50,72.50,47.42,85.82,55.24
72.63,72.63,44.44,86.89,51.88
72.80,72.80,45.14,86.60,53.05
74.00,74.00,52.14,86.14,52.17
76.61,76.61,55.59,85.91,54.52
76.97,76.97,54.16,86.53,52.10
75.80,75.80,51.57,85.79,51.46
75.71,75.71,48.83,83.92,48.43
75.27,75.27,52.27,86.00,50.45
73.68,73.68,59.75,85.00,50.17
73.91,73.91,69.81,83.35,45.42
71.63,71.63,79.37,82.01,46.75
65.72,65.72,92.21,82.38,45.82
60.80,60.80,91.78,73.83,48.92
61.27,61.27,87.66,74.40,53.68
65.02,65.02,81.57,74.50,61.28
65.29,65.29,83.69,78.41,57.91
66.75,66.75,84.43,86.41,62.91
69.06,69.06,75.36,87.36,66.64
70.99,70.99,64.04,89.88,62.74
72.17,72.17,60.44,91.38,60.51
73.33,73.33,51.75,90.45,64.34
74.52,74.52,46.14,90.00,56.82
74.27,74.27,45.26,90.62,60.55
72.63,72.63,46.51,91.49,59.40
71.80,71.80,48.10,90.23,51.95
75.00,75.00,52.99,90.92,54.89
78.35,78.35,56.49,91.00,50.25
83.48,83.48,65.17,90.94,48.85
81.34,81.34,63.30,90.14,48.57
82.61,82.61,59.19,89.77,51.33
78.86,78.86,58.87,91.19,48.53
81.23,81.23,56.01,88.93,48.04
82.38,82.38,54.31,88.34,47.77
78.93,78.93,53.53,87.93,46.99
79.39,79.39,53.13,89.52,44.08
80.44,80.44,53.16,86.78,48.52
79.56,79.56,52.20,85.13,47.97
80.55,80.55,51.00,87.32,47.59
82.85,82.85,47.88,85.03,48.71
79.50,79.50,49.50,84.28,49.40
75.65,75.65,49.94,84.32,46.52
75.93,75.93,54.15,87.85,48.47
78.23,78.23,61.87,86.86,48.77
80.08,80.08,64.77,86.10,49.10
78.91,78.91,60.57,86.41,51.56
80.80,80.80,56.38,88.63,51.99
75.66,75.66,60.72,86.46,52.77
76.94,76.94,62.10,85.28,51.82
78.15,78.15,57.87,86.16,49.56
73.30,73.30,57.43,85.53,49.89
73.11,73.11,58.93,85.05,48.08
76.17,76.17,65.69,87.66,47.82
77.42,77.42,60.48,87.14,48.82
78.44,78.44,55.51,88.74,50.28
75.91,75.91,50.40,87.12,47.91
75.20,75.20,53.66,88.26,48.17
77.20,77.20,65.00,89.05,46.41
75.48,75.48,67.66,87.18,43.94
73.02,73.02,84.73,83.37,44.19
69.91,69.91,92.68,82.20,41.34
71.27,71.27,91.55,74.92,42.87
70.29,70.29,84.51,74.03,41.98
74.04,74.04,83.26,76.02,41.83
76.95,76.95,81.81,76.49,40.09
74.64,74.64,81.92,87.53,41.24
79.66,79.66,73.51,88.58,42.46
75.99,75.99,63.04,89.27,41.45
77.87,77.87,60.53,90.03,43.66
81.09,81.09,50.89,90.58,47.66
78.72,78.72,47.80,90.63,51.20
79.27,79.27,47.14,89.59,52.62
79.06,79.06,54.47,89.88,49.58
79.21,79.21,65.51,91.86,44.00
78.83,78.83,72.29,89.39,41.26
72.45,72.45,85.58,83.04,40.20
68.33,68.33,91.24,77.18,35.87
71.40,71.40,89.12,73.61,36.51
72.81,72.81,85.75,74.17,38.96
71.43,71.43,82.81,76.00,42.14
74.62,74.62,81.98,77.41,41.53
74.04,74.04,82.07,86.55,41.99
75.87,75.87,70.59,89.02,48.46
78.24,78.24,62.80,89.53,50.96
80.35,80.35,60.60,89.86,56.53
81.46,81.46,50.57,90.41,56.30
81.07,81.07,47.32,91.34,57.47
80.31,80.31,47.27,89.90,54.45
79.18,79.18,47.41,89.73,52.98
79.60,79.60,49.83,90.72,52.64
79.63,79.63,54.95,90.30,52.68
77.86,77.86,60.54,89.70,50.51
78.09,78.09,74.65,89.83,51.11
77.06,77.06,73.79,90.60,50.73
78.50,78.50,72.54,89.63,52.69
78.81,78.81,71.22,88.64,51.90
76.77,76.77,69.80,88.48,54.37
79.47,79.47,68.34,89.96,53.57
77.83,77.83,66.70,87.66,55.10
77.21,77.21,66.43,87.20,52.81
78.62,78.62,65.52,88.21,51.87
77.39,77.39,64.53,89.49,56.48
74.61,74.61,64.11,86.48,55.44
73.53,73.53,64.42,85.00,54.36
72.24,72.24,64.44,88.38,51.96
75.80,75.80,66.90,85.49,50.30
73.79,73.79,70.20,85.88,50.98
75.95,75.95,82.81,83.08,53.80
77.49,77.49,83.19,74.55,56.68
81.81,81.81,79.04,67.95,55.64
84.71,84.71,75.61,57.44,50.30
84.84,84.84,70.59,51.19,49.63
84.29,84.29,68.71,50.32,50.70
85.41,85.41,69.26,29.47,56.64
83.27,83.27,69.22,30.01,52.04
81.77,81.77,68.28,28.09,51.92
79.92,79.92,67.47,30.50,50.30
78.00,78.00,63.72,27.33,49.29
75.19,75.19,59.86,28.61,43.47
76.46,76.46,58.74,35.92,44.46
77.83,77.83,56.88,19.47,47.87
76.48,76.48,56.15,20.11,45.88
74.84,74.84,53.58,22.97,45.18
75.52,75.52,50.95,17.54,45.14
79.29,79.29,50.08,19.72,50.88
77.75,77.75,47.61,16.88,46.50
78.65,78.65,47.79,14.70,47.57
77.70,77.70,48.56,26.23,44.61
77.41,77.41,50.59,28.39,47.99
77.50,77.50,50.16,24.28,47.52
78.38,78.38,48.89,27.86,52.28
78.29,78.29,49.54,32.80,52.00
79.65,79.65,48.48,32.28,56.06
79.43,79.43,47.00,26.96,55.26
81.42,81.42,47.88,27.98,53.22
81.79,81.79,48.13,26.47,53.71
81.48,81.48,47.70,31.42,56.71
78.62,78.62,47.69,33.80,61.07
78.75,78.75,49.86,30.14,59.02
79.81,79.81,46.32,23.11,49.60
80.95,80.95,49.09,20.77,48.93
79.95,79.95,45.74,23.15,49.02
79.34,79.34,42.71,23.57,48.55
77.70,77.70,47.63,20.58,45.82
79.30,79.30,47.59,20.54,44.83
79.68,79.68,47.31,17.55,47.48
79.72,79.72,50.72,23.19,49.15
81.37,81.37,48.52,25.78,47.04
78.86,78.86,48.04,25.58,48.44
79.53,79.53,47.90,25.48,50.00
79.11,79.11,48.89,34.53,47.93
81.62,81.62,48.04,34.90,50.51
77.12,77.12,47.33,24.65,49.88
76.85,76.85,47.27,23.25,49.00
73.83,73.83,47.49,27.97,48.20
76.88,76.88,48.32,28.19,49.06
77.95,77.95,46.92,20.35,50.30
78.47,78.47,50.21,21.43,50.34
78.13,78.13,49.58,21.12,51.55
78.65,78.65,48.27,20.74,47.68
79.66,79.66,47.01,20.68,48.87
75.01,75.01,43.74,14.02,49.25
73.12,73.12,44.47,12.30,49.32
75.28,75.28,46.08,10.13,49.19
75.24,75.24,51.03,10.04,48.45
76.20,76.20,47.30,11.28,48.41
74.96,74.96,49.15,16.97,45.16
74.71,74.71,47.11,24.68,42.71
74.73,74.73,56.26,37.89,43.83
74.64,74.64,64.30,47.11,43.21
73.48,73.48,73.87,63.90,40.18
68.26,68.26,92.26,76.10,39.47
60.10,60.10,90.75,76.75,37.99
64.35,64.35,85.94,75.37,47.50
65.18,65.18,81.70,71.04,49.37
67.81,67.81,73.97,66.85,49.09
71.62,71.62,78.93,81.50,49.78
74.44,74.44,83.03,87.31,49.10
77.64,77.64,76.57,87.23,51.29
79.31,79.31,73.90,88.52,50.54
79.56,79.56,69.85,88.96,52.43
80.75,80.75,66.34,88.35,51.58
83.61,83.61,59.93,86.57,50.16
84.34,84.34,57.82,84.91,49.01
82.46,82.46,52.72,84.29,51.46
80.30,80.30,55.45,86.78,48.49
79.58,79.58,58.15,87.00,49.66
79.50,79.50,64.77,87.27,48.96
77.61,77.61,63.06,87.30,50.30
78.63,78.63,59.12,85.82,50.86
82.29,82.29,54.92,86.73,52.21
83.33,83.33,52.44,87.95,54.21
78.60,78.60,51.31,88.54,51.52
80.29,80.29,53.09,88.67,50.06
84.44,84.44,56.48,88.34,51.31
81.19,81.19,58.03,89.46,51.14
79.70,79.70,55.89,89.61,50.86
79.35,79.35,55.37,89.97,54.32
80.73,80.73,52.93,90.39,52.66
79.81,79.81,50.07,90.05,51.95
78.89,78.89,52.48,89.50,51.73
79.51,79.51,56.02,90.43,47.79
76.16,76.16,60.90,90.68,48.00
75.91,75.91,65.44,90.96,50.35
77.43,77.43,61.58,91.34,53.01
76.32,76.32,54.84,90.27,51.52
77.48,77.48,50.92,89.34,52.49
77.12,77.12,47.89,90.44,53.80
76.12,76.12,45.45,90.67,54.52
74.52,74.52,42.77,90.31,57.95
71.91,71.91,43.28,90.54,54.58
70.68,70.68,45.15,89.69,55.65
69.69,69.69,45.87,88.90,57.48
67.66,67.66,45.30,88.51,58.93
66.06,66.06,43.77,88.96,58.90
67.59,67.59,44.27,88.86,57.99
67.28,67.28,46.93,86.72,56.38
69.24,69.24,50.00,86.07,58.17
68.88,68.88,52.00,87.64,57.44
70.96,70.96,70.21,87.90,57.51
71.25,71.25,74.73,88.32,57.42
68.73,68.73,74.34,87.06,55.74
70.09,70.09,73.20,84.25,55.33
69.23,69.23,72.92,85.78,54.44
70.76,70.76,71.98,86.86,54.30
72.31,72.31,71.39,86.40,52.23
71.16,71.16,71.70,86.00,53.41
70.77,70.77,70.46,85.46,52.02
70.38,70.38,70.15,84.63,54.60
68.66,68.66,69.73,84.87,53.49
69.15,69.15,68.32,85.34,57.27
71.55,71.55,67.97,85.85,58.54
69.41,69.41,68.29,86.30,57.19
68.42,68.42,69.50,85.79,53.34
67.40,67.40,76.34,84.82,47.20
70.95,70.95,85.61,84.31,50.14
74.87,74.87,81.10,85.56,48.46
76.31,76.31,74.72,84.99,51.41
77.34,77.34,67.94,86.80,53.08
78.72,78.72,62.80,87.11,54.65
79.50,79.50,59.51,86.23,55.04
80.25,80.25,55.62,86.00,54.56
79.33,79.33,54.76,85.41,59.91
80.33,80.33,55.10,85.43,60.56
81.65,81.65,53.16,86.00,56.08
79.25,79.25,52.59,87.21,59.56
79.16,79.16,51.50,85.65,58.06
79.22,79.22,50.89,85.73,56.16
80.81,80.81,53.04,85.51,54.79
79.86,79.86,55.01,86.43,56.00
79.39,79.39,57.89,87.05,59.19
80.02,80.02,67.28,86.65,58.54
81.69,81.69,62.93,86.17,56.85
80.73,80.73,58.20,85.04,59.67
81.91,81.91,57.77,85.66,60.57
81.74,81.74,55.83,85.35,60.60
80.21,80.21,54.70,85.18,57.71
78.54,78.54,52.19,86.34,57.47
80.81,80.81,51.32,85.93,56.15
79.15,79.15,51.28,84.63,57.34
77.12,77.12,52.27,84.75,56.45
79.63,79.63,52.73,85.02,56.08
80.86,80.86,52.38,85.18,56.79
76.64,76.64,56.03,84.46,59.42
76.10,76.10,63.44,85.88,57.42
76.27,76.27,69.52,82.47,59.91
73.22,73.22,82.15,80.71,60.08
64.88,64.88,91.55,77.48,52.94
60.64,60.64,90.20,75.38,54.63
61.57,61.57,82.00,73.17,59.49
60.16,60.16,78.06,67.83,63.33
60.23,60.23,75.07,71.41,63.81
59.66,59.66,83.90,83.78,67.09
61.79,61.79,83.01,86.89,68.84
64.55,64.55,76.58,86.44,68.10
69.17,69.17,72.35,87.82,66.56
69.28,69.28,68.38,88.66,66.97
68.97,68.97,62.45,88.80,65.71
64.29,64.29,61.17,87.78,67.61
69.64,69.64,56.45,85.83,66.43
68.82,68.82,56.06,84.83,65.70
64.65,64.65,53.38,86.01,68.33
60.31,60.31,56.80,87.38,66.11
61.65,61.65,65.93,87.52,67.18
59.40,59.40,60.55,87.31,66.83
61.63,61.63,54.73,87.59,67.93
60.59,60.59,48.43,87.48,66.28
60.38,60.38,46.19,88.12,65.55
59.82,59.82,43.84,89.56,67.52
64.76,64.76,44.36,90.07,65.10
61.94,61.94,45.70,89.06,66.33
64.52,64.52,43.76,89.29,65.83
62.35,62.35,42.02,89.97,65.02
58.42,58.42,40.61,90.24,64.16
60.90,60.90,39.81,90.31,66.10
61.02,61.02,41.38,90.79,66.91
63.25,63.25,45.01,89.77,62.75
66.91,66.91,48.25,90.47,60.64
69.10,69.10,62.23,90.88,59.86
82.15,82.15,65.30,89.90,60.07
82.94,82.94,58.13,90.27,60.15
82.08,82.08,54.45,90.68,58.49
81.68,81.68,59.99,89.30,57.99
79.39,79.39,59.34,90.25,59.78
78.84,78.84,56.96,90.38,60.98
81.06,81.06,55.74,90.91,62.07
77.05,77.05,60.03,90.16,63.24
76.65,76.65,62.89,89.79,60.84
78.15,78.15,56.25,88.43,61.46
77.89,77.89,50.14,89.52,62.01
76.78,76.78,44.46,89.73,63.20
73.77,73.77,51.97,89.12,63.93
65.23,65.23,65.04,88.29,64.52
65.18,65.18,76.42,86.43,63.43
66.68,66.68,88.90,82.34,65.78
59.26,59.26,91.55,81.78,59.48
54.63,54.63,87.57,75.91,66.26
58.03,58.03,83.73,73.13,63.25
59.73,59.73,77.65,67.67,63.43
63.36,63.36,77.75,76.81,64.35
66.49,66.49,80.39,83.75,64.44
68.62,68.62,79.01,87.81,63.08
71.41,71.41,72.43,88.99,63.26
71.94,71.94,62.48,89.01,66.16
77.68,77.68,64.65,88.84,62.10
78.17,78.17,69.21,86.68,64.94
77.76,77.76,66.10,87.01,61.36
76.47,76.47,56.98,88.27,62.48
74.48,74.48,68.13,88.11,62.95
75.44,75.44,76.24,86.89,61.43
67.79,67.79,85.57,78.52,62.67
58.25,58.25,92.70,78.76,62.72
57.25,57.25,88.41,73.37,62.80
57.69,57.69,84.98,72.36,68.36
60.86,60.86,76.56,68.61,66.26
66.63,66.63,76.40,77.69,67.65
70.90,70.90,76.66,86.04,66.30
72.66,72.66,73.75,89.02,68.86
74.75,74.75,66.31,89.77,65.34
77.74,77.74,60.69,89.33,64.39
78.67,78.67,60.11,88.06,66.01
75.69,75.69,50.44,87.20,62.72
79.05,79.05,52.31,88.16,65.40
78.78,78.78,52.88,87.85,64.31
77.98,77.98,53.01,87.88,66.37
80.27,80.27,53.60,87.02,66.98
80.47,80.47,60.52,86.82,65.42
80.41,80.41,75.70,88.37,62.48
78.39,78.39,74.09,88.99,66.57
79.39,79.39,71.82,89.13,63.47
76.45,76.45,70.69,88.94,66.69
75.61,75.61,70.25,88.12,66.57
77.54,77.54,69.59,88.39,63.55
76.15,76.15,69.35,88.56,65.51
77.35,77.35,68.30,89.31,64.23
74.89,74.89,65.54,89.35,64.82
71.27,71.27,63.07,89.22,63.48
70.92,70.92,63.98,88.33,64.04
69.18,69.18,63.21,89.98,61.36
67.79,67.79,63.40,90.24,61.88
68.68,68.68,67.72,90.98,65.11
65.76,65.76,70.57,91.22,64.64
70.01,70.01,82.22,87.57,62.62
70.92,70.92,82.10,89.08,68.54
76.73,76.73,77.13,89.97,69.22
81.38,81.38,72.93,90.41,65.60
80.26,80.26,70.45,89.95,63.09
80.60,80.60,71.20,89.23,65.68
79.53,79.53,68.92,88.84,64.34
80.23,80.23,69.12,89.31,64.53
80.53,80.53,66.95,89.89,63.55
79.32,79.32,67.75,89.96,64.73
80.36,80.36,66.41,89.58,64.80
81.81,81.81,64.92,89.29,61.62
78.65,78.65,65.76,87.98,64.04
73.62,73.62,62.52,88.45,64.76
71.38,71.38,59.94,88.72,64.56
70.17,70.17,59.78,88.48,67.76
73.74,73.74,61.66,86.72,62.93
77.61,77.61,66.48,85.18,60.39
78.86,78.86,60.20,84.33,64.05
80.90,80.90,57.25,86.26,61.09
82.55,82.55,58.34,86.11,60.88
81.86,81.86,57.86,85.60,61.08
80.79,80.79,58.52,85.79,60.73
80.84,80.84,57.86,85.05,60.59
79.39,79.39,58.12,83.98,64.16
83.21,83.21,57.11,85.60,60.29
82.63,82.63,55.66,86.29,58.45
82.34,82.34,56.14,86.27,60.83
82.67,82.67,55.63,86.07,60.46
80.13,80.13,57.12,84.66,59.39
80.03,80.03,59.16,84.66,59.73
81.09,81.09,62.09,86.16,60.52
79.51,79.51,68.48,85.95,60.13
79.17,79.17,62.80,85.93,58.28
81.14,81.14,59.01,85.65,60.05
78.01,78.01,55.60,84.50,58.73
79.58,79.58,56.15,83.77,62.23
77.77,77.77,56.57,84.62,58.48
79.16,79.16,55.60,86.58,60.89
79.17,79.17,54.77,86.08,62.74
80.19,80.19,55.71,86.52,57.27
81.13,81.13,56.88,85.64,57.51
80.94,80.94,56.23,85.73,57.88
77.72,77.72,53.94,85.29,59.43
76.46,76.46,50.37,86.57,57.00
79.91,79.91,49.86,86.58,60.56
81.93,81.93,56.14,86.64,63.03
76.69,76.69,64.28,84.87,63.70
71.73,71.73,68.81,83.15,64.10
71.98,71.98,65.49,84.03,69.01
77.60,77.60,62.69,84.96,65.03
82.28,82.28,55.30,85.75,68.11
79.51,79.51,51.46,86.62,67.84
76.91,76.91,49.71,86.40,67.70
77.51,77.51,49.76,85.83,65.81
76.59,76.59,53.37,86.05,64.22
75.74,75.74,59.81,85.77,66.89
71.65,71.65,58.07,85.43,64.18
67.78,67.78,51.35,86.04,66.74
65.46,65.46,43.47,85.64,66.00
63.72,63.72,44.19,85.67,64.59
66.68,66.68,55.33,85.56,65.31
67.20,67.20,66.81,85.01,62.12
67.61,67.61,75.08,85.57,66.71
66.73,66.73,91.81,72.42,63.77
62.37,62.37,92.57,74.62,60.83
65.05,65.05,87.22,72.31,62.73
66.88,66.88,82.96,73.09,58.13
69.10,69.10,81.75,75.31,62.81
70.07,70.07,83.18,83.56,60.44
73.52,73.52,77.39,88.11,59.25
75.03,75.03,64.60,90.88,62.52
73.81,73.81,63.52,89.51,63.99
78.19,78.19,58.26,90.17,64.96
79.30,79.30,55.54,90.99,63.88
79.59,79.59,55.20,91.33,62.73
79.68,79.68,54.93,90.53,62.77
82.93,82.93,55.07,90.67,62.98
85.02,85.02,55.71,91.19,63.68
84.55,84.55,57.91,90.70,63.80
82.93,82.93,64.76,89.83,65.37
80.54,80.54,64.19,88.93,64.09
77.58,77.58,57.11,90.89,62.85
79.01,79.01,53.67,88.98,63.25
81.06,81.06,54.06,88.74,62.54
80.62,80.62,53.13,87.32,63.42
79.88,79.88,54.75,89.12,61.39
77.93,77.93,54.21,87.27,58.06
81.95,81.95,54.54,86.42,63.33
81.59,81.59,53.93,88.55,63.44
82.74,82.74,51.53,85.42,62.84
78.77,78.77,51.29,85.03,61.64
78.51,78.51,50.89,84.83,61.16
79.76,79.76,53.60,87.91,62.60
81.13,81.13,56.96,85.28,65.53
79.46,79.46,60.38,83.68,65.52
79.22,79.22,66.69,85.77,64.90
80.63,80.63,60.17,88.06,64.41
78.24,78.24,53.83,86.36,63.44
77.41,77.41,49.63,86.23,61.73
73.99,73.99,46.77,87.24,61.14
74.48,74.48,43.17,87.78,62.80
75.76,75.76,43.19,85.71,65.27
79.77,79.77,42.19,86.17,59.66
80.97,80.97,43.07,87.16,62.47
80.14,80.14,41.75,88.55,63.14
75.69,75.69,40.00,86.40,64.27
73.10,73.10,41.46,87.49,64.16
73.10,73.10,41.72,89.11,66.97
76.04,76.04,43.53,88.33,62.52
76.15,76.15,48.11,88.63,63.47
75.17,75.17,52.91,88.83,66.82
74.00,74.00,71.28,89.22,66.06
74.95,74.95,76.47,88.47,65.77
75.83,75.83,74.48,89.09,65.41
78.21,78.21,73.97,89.40,64.20
77.12,77.12,72.09,89.05,66.34
74.70,74.70,71.44,88.74,66.37
70.46,70.46,71.82,88.15,62.85
66.61,66.61,71.88,89.96,64.17
63.38,63.38,69.49,88.62,61.41
67.89,67.89,68.42,88.59,66.11
72.48,72.48,68.48,88.31,67.02
73.18,73.18,68.52,88.93,62.71
69.52,69.52,65.87,88.44,66.15
67.12,67.12,66.85,88.01,66.01
63.71,63.71,67.64,89.03,65.23
67.49,67.49,77.71,87.28,61.62
73.26,73.26,84.22,86.58,62.09
75.44,75.44,79.86,87.12,62.82
77.18,77.18,73.20,88.72,60.95
79.44,79.44,67.33,88.65,61.67
81.78,81.78,64.55,87.23,59.89
77.17,77.17,62.12,88.35,60.17
77.34,77.34,61.28,86.61,60.79
79.42,79.42,60.11,87.50,58.87
78.37,78.37,60.01,87.02,60.80
81.38,81.38,60.04,87.48,60.44
81.08,81.08,59.03,87.53,59.31
78.33,78.33,60.07,86.79,62.00
76.68,76.68,58.99,87.22,61.49
77.54,77.54,58.03,86.95,57.28
78.66,78.66,58.71,86.62,58.83
77.18,77.18,61.06,86.58,58.61
79.70,79.70,66.99,88.27,57.87
80.57,80.57,62.82,87.19,54.81
78.73,78.73,58.04,86.22,57.05
78.64,78.64,55.80,87.45,58.35
77.53,77.53,51.38,86.33,58.37
79.89,79.89,50.44,85.89,55.91
81.80,81.80,50.33,85.87,57.38
80.26,80.26,50.44,87.85,57.37
79.91,79.91,52.63,86.72,58.49
81.14,81.14,52.81,84.89,57.48
82.65,82.65,51.24,86.76,57.00
81.28,81.28,48.93,85.70,58.53
81.12,81.12,52.21,85.67,59.06
81.93,81.93,62.03,85.47,61.67
81.27,81.27,70.15,85.58,59.85
76.20,76.20,82.73,80.84,64.18
65.88,65.88,92.54,80.36,57.54
59.71,59.71,90.46,73.92,56.96
59.55,59.55,84.48,72.60,58.60
60.45,60.45,83.03,73.84,63.58
63.43,63.43,82.19,78.15,65.60
65.80,65.80,83.45,86.65,68.99
66.44,66.44,72.30,89.38,71.94
68.07,68.07,58.94,89.56,66.15
69.86,69.86,61.49,89.79,69.16
74.55,74.55,48.38,90.99,66.33
70.90,70.90,43.13,91.75,66.57
69.55,69.55,43.66,90.14,67.45
68.07,68.07,40.36,89.97,67.06
63.89,63.89,42.77,91.33,64.10
65.58,65.58,47.04,90.45,66.09
67.34,67.34,55.23,89.96,66.73
65.56,65.56,67.18,89.66,63.10
66.37,66.37,57.63,90.63,63.79
64.96,64.96,50.74,89.36,65.08
66.11,66.11,48.65,88.12,66.07
66.86,66.86,44.17,88.53,67.89
69.52,69.52,43.00,89.29,67.53
69.35,69.35,41.80,87.31,64.78
65.30,65.30,38.74,86.80,67.29
68.07,68.07,35.86,87.93,64.10
67.52,67.52,28.09,88.10,62.30
69.20,69.20,24.34,84.99,62.97
68.59,68.59,23.56,84.60,65.31
67.22,67.22,31.53,88.28,66.14
67.56,67.56,42.69,85.56,68.14
66.83,66.83,48.80,85.05,63.26
74.76,74.76,64.08,86.46,70.70
78.27,78.27,63.22,87.79,68.57
79.15,79.15,56.74,86.48,65.64
80.14,80.14,52.32,85.03,69.65
78.65,78.65,58.97,86.45,66.64
78.53,78.53,56.61,88.91,67.33
78.75,78.75,51.27,86.77,67.42
79.53,79.53,51.90,86.79,68.00
78.17,78.17,58.22,87.53,69.02
76.64,76.64,63.06,88.05,64.47
77.12,77.12,56.31,86.25,65.59
77.44,77.44,51.35,87.38,69.81
73.14,73.14,46.72,89.20,67.14
71.76,71.76,55.58,87.76,68.40
72.99,72.99,65.07,87.75,72.67
75.35,75.35,72.84,86.43,74.69
70.10,70.10,87.43,84.64,63.45
63.46,63.46,92.16,78.93,60.03
62.24,62.24,89.30,73.12,67.95
62.32,62.32,86.18,72.72,61.45
65.06,65.06,81.62,73.18,69.87
67.43,67.43,84.44,81.23,66.24
71.77,71.77,81.03,86.96,63.87
74.05,74.05,65.46,87.78,68.16
76.75,76.75,62.58,91.27,63.44
77.81,77.81,58.86,89.81,63.82
77.35,77.35,49.63,89.90,65.66
78.12,78.12,46.55,90.44,64.68
77.77,77.77,49.64,91.17,66.21
78.47,78.47,58.70,89.78,67.45
79.06,79.06,69.76,88.83,70.14
78.90,78.90,72.04,87.00,69.19
68.28,68.28,90.51,80.08,59.71
59.95,59.95,91.74,73.92,58.31
58.47,58.47,88.90,67.00,61.72
58.49,58.49,85.61,71.23,63.44
60.08,60.08,82.57,72.95,65.00
65.23,65.23,84.05,80.80,66.81
69.63,69.63,81.25,86.69,69.32
71.44,71.44,63.92,86.92,68.80
73.42,73.42,67.88,89.80,68.17
74.90,74.90,59.80,91.05,67.26
77.30,77.30,48.17,90.00,69.80
80.32,80.32,49.60,90.32,72.76
76.18,76.18,55.26,90.66,69.06
73.97,73.97,51.98,91.12,67.93
75.69,75.69,49.47,90.06,68.96
76.48,76.48,53.89,89.54,69.59
77.72,77.72,62.05,91.50,66.99
77.39,77.39,75.48,89.97,64.85
76.61,76.61,72.31,90.08,64.06
76.73,76.73,72.02,89.55,63.01
75.22,75.22,69.73,90.81,64.76
75.91,75.91,69.53,87.87,65.44
76.37,76.37,68.97,86.96,67.64
75.37,75.37,68.56,89.04,65.23
75.61,75.61,67.94,88.12,65.00
75.68,75.68,67.11,85.87,65.16
74.92,74.92,66.10,82.79,68.33
72.15,72.15,66.15,87.55,69.32
71.33,71.33,64.62,87.73,69.31
69.84,69.84,65.84,84.77,68.36
74.59,74.59,68.28,84.64,64.22
74.19,74.19,71.44,87.31,60.91
77.95,77.95,84.00,82.87,62.91
83.22,83.22,80.58,84.83,64.79
82.51,82.51,76.57,85.92,60.53
81.80,81.80,71.52,86.59,62.66
82.92,82.92,65.67,86.05,61.40
82.04,82.04,65.33,86.14,63.55
80.78,80.78,63.16,87.32,65.44
79.73,79.73,61.43,88.24,64.96
78.35,78.35,60.04,85.10,65.67
75.16,75.16,57.97,87.12,64.10
71.88,71.88,56.00,88.11,64.24
69.11,69.11,54.94,86.78,67.90
65.99,65.99,52.69,86.85,69.02
67.41,67.41,51.58,87.99,68.93
67.46,67.46,54.19,89.44,69.79
70.25,70.25,56.36,87.88,69.27
74.28,74.28,64.21,88.46,72.58
74.79,74.79,65.99,88.63,68.30
77.38,77.38,60.46,89.15,67.18
77.22,77.22,57.54,88.78,67.83
76.48,76.48,54.95,88.33,63.54
74.99,74.99,54.21,89.04,62.62
76.98,76.98,54.21,87.29,64.01
78.23,78.23,53.79,88.43,63.73
78.83,78.83,52.44,88.50,64.90
78.15,78.15,49.16,89.82,62.53
78.40,78.40,46.52,88.93,65.69
78.05,78.05,43.34,87.90,66.84
71.77,71.77,41.62,88.65,65.08
73.83,73.83,43.45,87.82,66.87
71.96,71.96,47.88,88.37,60.72
74.30,74.30,53.50,88.12,70.28
77.47,77.47,68.66,89.35,66.86
76.59,76.59,61.61,88.51,62.59
81.17,81.17,57.76,87.91,60.82
82.13,82.13,52.26,88.31,61.29
82.79,82.79,50.67,87.95,61.92
82.35,82.35,50.32,88.56,60.25
83.09,83.09,52.25,87.46,62.82
82.14,82.14,53.11,89.27,61.57
81.99,81.99,52.81,88.09,62.88
83.17,83.17,50.41,87.07,61.69
84.06,84.06,49.23,87.18,60.96
82.38,82.38,47.59,87.94,60.94
77.60,77.60,44.79,86.30,63.11
74.00,74.00,43.33,86.36,60.04
73.32,73.32,52.23,87.09,62.21
71.91,71.91,58.70,85.95,60.82
73.81,73.81,68.88,85.78,63.85
75.18,75.18,65.48,83.81,59.03
74.50,74.50,59.82,84.35,61.48
76.43,76.43,51.80,86.99,60.95
77.47,77.47,46.79,87.28,61.66
76.48,76.48,42.11,87.06,60.35
76.75,76.75,40.63,86.15,62.68
70.24,70.24,40.91,85.25,61.72
67.14,67.14,52.23,84.47,64.22
68.02,68.02,41.93,83.96,61.37
68.68,68.68,38.99,82.93,62.72
72.15,72.15,40.70,82.16,61.03
74.43,74.43,49.75,80.34,64.83
72.67,72.67,60.39,81.52,60.47
68.67,68.67,69.03,78.53,65.14
72.53,72.53,79.99,78.03,66.48
64.22,64.22,91.28,76.78,57.10
61.01,61.01,91.89,68.74,54.57
62.10,62.10,88.26,67.96,57.75
63.48,63.48,82.93,64.94,60.59
66.95,66.95,81.84,70.36,63.03
72.09,72.09,80.24,74.65,63.06
73.02,73.02,79.08,87.12,60.13
75.20,75.20,69.96,89.40,58.97
78.00,78.00,56.50,89.74,60.23
79.52,79.52,57.29,90.24,62.47
79.66,79.66,54.74,89.75,63.56
80.67,80.67,45.32,90.76,61.31
78.20,78.20,47.64,88.33,60.26
75.30,75.30,45.71,90.46,62.39
71.19,71.19,47.95,87.65,68.94
69.31,69.31,51.71,89.46,64.33
69.24,69.24,63.79,87.34,68.61
71.69,71.69,60.96,89.70,65.34
71.50,71.50,58.39,87.08,63.64
71.14,71.14,55.32,86.15,68.97
69.99,69.99,49.61,88.55,67.14
67.75,67.75,47.98,87.79,69.59
67.62,67.62,45.59,88.51,68.58
69.58,69.58,43.56,86.00,70.87
71.58,71.58,42.81,89.64,63.47
73.72,73.72,42.63,86.01,64.65
73.95,73.95,41.16,88.21,70.19
74.31,74.31,40.56,85.53,64.79
73.74,73.74,41.17,88.30,67.41
76.13,76.13,45.38,85.99,66.18
74.31,74.31,50.49,86.87,63.76
75.65,75.65,59.18,86.79,64.24
73.96,73.96,65.26,84.25,61.60
73.37,73.37,57.48,87.31,62.76
74.60,74.60,49.93,83.23,60.66
73.91,73.91,44.00,85.93,59.93
75.66,75.66,41.39,81.81,60.45
74.77,74.77,39.89,87.58,64.01
73.67,73.67,40.10,81.76,63.99
73.94,73.94,42.59,85.97,63.31
75.50,75.50,43.25,83.21,60.69
74.68,74.68,41.56,83.50,68.04
77.60,77.60,39.42,84.51,65.54
73.02,73.02,36.17,84.03,65.76
70.81,70.81,36.72,85.24,62.87
71.34,71.34,40.40,82.22,65.93
70.85,70.85,48.69,88.52,63.11
80.23,80.23,58.75,84.64,60.81
83.31,83.31,73.54,86.51,59.25
81.16,81.16,74.06,86.15,60.12
82.73,82.73,73.40,87.09,60.76
81.59,81.59,73.03,86.40,59.23
81.89,81.89,72.13,87.13,58.65
81.43,81.43,70.49,87.26,59.97
81.34,81.34,70.05,86.30,59.50
77.64,77.64,69.80,87.12,59.77
74.62,74.62,68.97,84.05,57.60
69.53,69.53,68.08,87.28,62.26
69.51,69.51,66.72,85.76,61.36
65.88,65.88,67.61,87.19,62.62
66.00,66.00,65.61,87.16,61.19
67.12,67.12,66.41,87.17,60.36
63.99,63.99,67.34,87.09,57.60
69.70,69.70,77.36,85.46,57.72
73.32,73.32,82.71,86.81,56.08
74.01,74.01,77.65,85.94,56.10
76.06,76.06,71.65,87.10,60.01
77.42,77.42,65.51,86.60,60.48
79.03,79.03,62.36,87.22,63.03
77.37,77.37,61.01,86.73,66.93
74.89,74.89,59.65,86.92,63.21
78.13,78.13,60.67,86.52,64.05
78.22,78.22,58.62,85.47,61.03
79.04,79.04,57.17,86.35,63.32
80.22,80.22,55.28,85.38,62.47
81.72,81.72,52.36,86.56,64.11
81.99,81.99,52.05,85.13,62.58
82.33,82.33,51.34,86.08,62.10
81.90,81.90,54.55,85.35,61.63
81.75,81.75,59.46,85.95,61.34
80.55,80.55,67.51,86.60,61.17
79.97,79.97,61.35,85.01,60.39
76.83,76.83,55.88,86.38,62.30
73.97,73.97,47.16,84.74,58.88
75.78,75.78,40.24,85.19,60.93
74.95,74.95,36.58,85.23,61.85
74.86,74.86,37.16,85.44,63.38
77.77,77.77,42.05,84.67,60.10
78.08,78.08,45.11,85.69,60.90
77.85,77.85,45.17,85.90,59.70
78.91,78.91,47.58,84.60,60.07
78.86,78.86,47.49,85.75,60.04
79.05,79.05,55.59,84.94,59.49
79.14,79.14,64.85,85.25,58.09
77.06,77.06,68.92,83.68,56.71
73.28,73.28,86.52,83.68,60.25
64.85,64.85,92.91,78.76,56.50
59.85,59.85,88.38,67.32,61.13
60.31,60.31,86.38,65.43,67.31
61.98,61.98,84.79,67.78,61.71
62.23,62.23,79.62,71.50,62.53
66.16,66.16,81.51,79.93,64.76
66.62,66.62,74.77,86.67,68.33
69.76,69.76,64.05,91.25,62.29
74.00,74.00,52.87,88.84,60.16
78.96,78.96,52.55,90.16,59.45
76.04,76.04,43.66,90.00,56.53
75.50,75.50,41.48,89.72,58.81
74.70,74.70,41.34,90.62,56.45
74.05,74.05,43.50,88.58,57.70
74.89,74.89,52.22,90.66,61.02
77.34,77.34,62.95,87.76,59.97
79.10,79.10,68.22,88.95,59.02
79.64,79.64,65.03,86.33,59.30
81.49,81.49,61.83,90.14,60.92
82.10,82.10,60.45,86.98,59.47
80.08,80.08,58.71,88.01,59.15
80.96,80.96,55.59,88.24,61.45
78.41,78.41,51.75,86.43,63.79
74.77,74.77,48.54,87.20,60.48
72.36,72.36,44.04,85.47,60.39
73.61,73.61,41.61,88.95,63.47
70.10,70.10,39.86,86.66,62.46
70.72,70.72,38.38,88.55,63.19
68.49,68.49,40.50,85.32,61.20
70.65,70.65,46.83,87.97,65.30
70.29,70.29,51.07,84.72,66.54
75.13,75.13,65.66,87.62,68.24
81.07,81.07,64.33,85.90,72.21
78.40,78.40,58.49,84.72,74.42
76.21,76.21,54.60,87.33,73.07
80.01,80.01,58.77,83.04,73.30
80.37,80.37,57.56,86.61,74.75
81.27,81.27,55.02,82.23,72.82
84.15,84.15,56.91,85.57,67.66
82.58,82.58,62.62,82.02,67.00
81.53,81.53,62.90,85.99,69.06
82.16,82.16,58.72,82.42,64.97
81.25,81.25,55.80,85.29,64.58
81.85,81.85,57.43,84.92,66.42
80.29,80.29,61.76,85.06,66.55
80.54,80.54,70.22,85.27,68.86
80.47,80.47,75.80,85.99,69.17
70.97,70.97,91.70,79.91,60.91
60.19,60.19,91.17,70.80,58.43
60.28,60.28,89.52,66.31,62.85
56.64,56.64,85.16,59.63,60.38
57.80,57.80,83.46,68.84,60.77
56.25,56.25,79.69,73.63,60.95
59.88,59.88,81.15,80.81,62.06
65.32,65.32,73.34,90.19,63.30
71.23,71.23,61.66,90.73,65.11
74.22,74.22,58.34,88.55,65.79
73.98,73.98,55.19,90.32,69.83
77.39,77.39,47.23,88.55,67.69
77.77,77.77,50.25,90.53,70.06
75.95,75.95,58.08,87.39,67.69
77.07,77.07,64.85,89.16,66.44
75.50,75.50,73.59,88.27,66.04
68.63,68.63,91.09,84.74,61.62
62.24,62.24,90.45,75.43,59.74
58.04,58.04,89.33,68.13,60.07
57.20,57.20,85.98,64.66,62.54
58.64,58.64,82.29,65.92,62.92
61.64,61.64,77.42,72.52,66.04
64.45,64.45,82.53,80.83,69.70
66.10,66.10,71.06,90.15,73.02
66.92,66.92,57.91,89.19,72.74
62.16,62.16,54.24,89.27,69.87
61.52,61.52,45.40,89.62,72.02
63.18,63.18,41.01,88.60,73.51
65.12,65.12,40.07,90.23,73.08
70.62,70.62,40.76,89.15,69.97
77.83,77.83,49.92,89.60,71.50
80.53,80.53,55.47,87.03,70.60
80.01,80.01,65.76,90.07,69.10
78.58,78.58,74.32,86.66,67.77
77.99,77.99,73.55,87.91,67.28
73.59,73.59,71.34,87.48,70.16
69.88,69.88,71.13,88.30,66.08
67.57,67.57,71.58,87.60,67.90
67.24,67.24,69.82,86.72,67.71
66.27,66.27,71.56,89.00,67.60
67.56,67.56,69.77,85.76,67.73
71.25,71.25,68.41,88.47,70.20
74.43,74.43,66.89,85.64,68.35
72.91,72.91,65.40,89.54,66.68
72.95,72.95,64.78,85.60,69.45
70.57,70.57,64.81,88.79,69.30
67.39,67.39,67.77,85.82,68.50
66.79,66.79,71.47,87.21,68.32
69.49,69.49,85.00,84.68,67.04
66.67,66.67,81.54,85.17,65.83
71.60,71.60,76.60,86.65,65.28
74.26,74.26,72.59,83.98,64.39
74.57,74.57,69.89,87.31,65.73
75.58,75.58,71.47,81.53,70.29
74.30,74.30,70.74,86.30,70.24
75.19,75.19,72.83,82.86,71.49
76.50,76.50,70.56,86.91,76.93
79.75,79.75,69.70,83.25,73.63
79.63,79.63,70.37,85.26,68.23
80.50,80.50,68.03,84.91,67.27
79.60,79.60,66.94,83.36,65.88
82.05,82.05,66.17,86.56,64.33
81.84,81.84,65.78,85.09,65.40
82.39,82.39,63.68,87.58,66.91
83.11,83.11,68.36,85.32,66.78
82.77,82.77,67.11,87.86,65.96
82.19,82.19,62.13,85.07,67.07
83.06,83.06,60.11,87.39,72.72
75.62,75.62,59.79,86.10,68.70
71.31,71.31,59.01,87.32,68.03
70.91,70.91,57.39,86.47,68.98
71.22,71.22,57.46,85.87,66.70
73.49,73.49,57.93,88.30,65.10
75.67,75.67,58.01,86.20,64.75
76.40,76.40,56.39,87.85,63.43
76.93,76.93,56.81,86.67,64.17
75.82,75.82,55.50,86.94,65.51
76.19,76.19,56.07,86.34,64.52
78.34,78.34,56.89,86.99,64.84
78.39,78.39,61.09,86.49,65.90
75.04,75.04,66.08,86.75,66.74
75.07,75.07,61.57,87.53,65.05
75.77,75.77,55.65,86.66,67.45
77.19,77.19,54.95,87.68,66.82
77.05,77.05,52.09,86.55,65.23
76.80,76.80,47.98,87.34,64.79
77.39,77.39,47.63,86.17,63.11
75.86,75.86,48.71,85.97,60.68
79.28,79.28,53.05,86.92,66.16
81.37,81.37,57.58,86.06,66.15
82.42,82.42,60.86,86.85,61.91
79.92,79.92,60.77,85.18,62.22
78.01,78.01,56.83,86.51,58.92
76.20,76.20,52.46,86.06,61.81
75.49,75.49,51.20,86.42,59.03
75.41,75.41,58.29,85.36,59.87
80.68,80.68,68.63,84.84,60.63
81.46,81.46,68.54,83.23,62.40
81.06,81.06,67.51,85.14,61.73
82.55,82.55,66.62,83.96,62.76
81.61,81.61,63.66,83.54,61.66
81.66,81.66,63.18,80.30,62.18
79.69,79.69,61.89,85.18,58.81
78.45,78.45,60.52,82.19,62.20
75.36,75.36,60.89,82.29,64.11
71.91,71.91,55.51,83.77,63.79
67.62,67.62,49.93,80.74,63.99
70.68,70.68,46.64,81.78,62.52
67.92,67.92,49.79,83.44,63.59
70.74,70.74,61.37,80.43,66.17
65.04,65.04,68.06,83.20,66.40
65.62,65.62,81.65,80.85,62.48
59.85,59.85,92.80,81.18,58.09
57.42,57.42,91.78,71.46,53.58
61.71,61.71,84.19,70.22,59.12
63.63,63.63,82.29,72.32,63.21
66.20,66.20,84.19,73.57,65.60
70.51,70.51,83.85,87.91,62.82
74.29,74.29,72.93,86.68,63.26
76.48,76.48,60.81,89.25,62.48
78.15,78.15,63.53,90.29,66.00
79.83,79.83,54.33,91.53,66.74
81.34,81.34,52.54,89.72,65.39
80.82,80.82,52.51,89.67,65.68
80.92,80.92,51.14,91.22,65.95
78.89,78.89,50.93,90.32,67.00
78.20,78.20,51.96,90.00,66.22
77.33,77.33,55.88,89.42,65.01
77.01,77.01,64.65,91.23,66.84
74.94,74.94,59.14,88.84,65.83
75.14,75.14,51.72,88.20,68.96
72.69,72.69,46.69,89.08,69.79
72.38,72.38,43.87,89.21,66.97
72.05,72.05,46.82,88.06,65.59
73.31,73.31,53.87,87.30,66.99
69.43,69.43,52.29,88.78,62.64
75.43,75.43,49.64,88.12,62.72
76.80,76.80,52.69,86.65,63.68
77.49,77.49,49.72,87.06,62.97
76.91,76.91,45.73,87.86,61.80
76.60,76.60,44.23,86.24,59.70
76.25,76.25,46.02,83.33,60.96
75.73,75.73,52.21,85.89,61.41
76.81,76.81,61.59,88.35,62.86
75.90,75.90,64.20,85.71,60.56
76.32,76.32,56.88,85.10,59.87
78.04,78.04,50.66,86.45,60.97
76.24,76.24,45.99,88.22,61.45
78.07,78.07,43.80,86.03,61.32
77.02,77.02,42.62,86.55,61.60
78.72,78.72,43.10,86.78,64.28
77.65,77.65,44.93,86.34,65.46
77.06,77.06,44.27,86.29,69.56
76.46,76.46,40.66,87.40,66.32
73.83,73.83,39.39,90.17,61.71
76.43,76.43,42.04,88.01,60.14
73.44,73.44,47.30,87.39,61.24
75.16,75.16,54.53,88.37,60.31
75.82,75.82,63.29,89.40,61.04
77.33,77.33,67.81,87.93,60.63
77.83,77.83,74.06,87.52,63.15
76.93,76.93,72.00,88.23,64.16
78.26,78.26,69.69,88.84,60.27
78.17,78.17,66.54,87.11,62.01
74.50,74.50,66.06,87.69,60.55
71.70,71.70,65.42,89.75,65.47
72.90,72.90,66.24,87.57,62.52
72.18,72.18,66.56,87.73,61.15
72.63,72.63,66.08,88.35,61.59
75.28,75.28,63.66,89.19,62.24
73.26,73.26,62.86,88.49,61.03
75.45,75.45,63.10,87.67,64.78
73.62,73.62,62.45,89.26,62.48
69.62,69.62,64.52,87.92,62.91
66.36,66.36,67.23,88.39,60.98
70.24,70.24,80.37,86.80,58.51
69.56,69.56,83.31,88.28,58.07
70.65,70.65,77.39,86.75,56.97
70.91,70.91,70.12,86.70,57.73
71.43,71.43,64.62,89.16,60.45
75.87,75.87,61.90,87.96,62.67
77.24,77.24,60.67,87.68,63.25
76.80,76.80,59.09,87.58,63.07
77.47,77.47,58.27,87.72,63.54
79.50,79.50,58.79,87.06,65.35
78.39,78.39,58.19,87.31,63.90
78.43,78.43,56.85,88.56,64.00
79.85,79.85,56.39,87.54,65.83
79.59,79.59,54.30,87.33,65.04
80.75,80.75,54.80,86.33,65.06
83.59,83.59,54.56,87.06,64.75
84.18,84.18,60.18,86.86,63.29
83.07,83.07,67.91,85.49,63.03
84.25,84.25,61.22,86.79,62.51
81.68,81.68,54.11,86.40,61.60
78.09,78.09,47.48,85.75,61.30
72.09,72.09,44.61,86.28,61.44
71.13,71.13,41.63,86.59,63.15
71.54,71.54,38.43,86.62,60.47
72.64,72.64,38.00,86.12,60.24
77.70,77.70,39.05,87.20,63.22
77.65,77.65,38.82,86.59,62.13
76.50,76.50,38.51,85.04,61.54
77.07,77.07,43.51,84.82,60.83
77.03,77.03,54.90,86.08,57.93
76.83,76.83,65.78,85.60,57.35
76.94,76.94,72.39,83.07,55.06
74.33,74.33,88.48,82.74,58.17
66.14,66.14,92.46,76.93,50.70
59.91,59.91,89.16,70.99,56.66
59.48,59.48,85.39,71.95,61.39
61.67,61.67,81.48,72.71,62.02
64.06,64.06,84.82,82.90,59.22
68.09,68.09,80.40,87.16,66.98
67.31,67.31,68.82,87.84,67.76
70.23,70.23,63.56,90.54,63.87
72.09,72.09,61.63,90.62,65.26
70.17,70.17,48.78,89.88,61.27
67.12,67.12,41.92,90.67,61.71
67.84,67.84,46.37,91.15,62.82
67.41,67.41,46.58,91.57,62.84
68.23,68.23,43.43,90.36,61.77
70.49,70.49,45.18,89.74,61.30
75.03,75.03,58.15,91.28,61.09
81.53,81.53,62.61,89.86,62.11
82.52,82.52,55.87,89.28,62.85
80.89,80.89,48.97,88.50,61.63
78.82,78.82,46.29,89.74,60.30
78.76,78.76,45.03,87.59,60.24
80.01,80.01,45.81,86.36,62.52
79.45,79.45,45.87,89.42,63.94
81.96,81.96,46.46,87.39,64.76
77.85,77.85,45.76,86.27,61.81
77.36,77.36,45.36,85.13,58.88
79.33,79.33,45.46,87.88,61.61
78.49,78.49,45.94,85.52,60.48
78.14,78.14,50.50,83.67,60.17
79.63,79.63,54.92,82.23,63.25
81.36,81.36,57.15,86.36,62.81
79.79,79.79,65.41,84.84,61.77
79.35,79.35,61.68,83.96,63.78
79.51,79.51,57.79,86.12,66.19
79.84,79.84,57.56,87.13,68.04
78.96,78.96,61.96,84.48,68.34
82.11,82.11,58.81,83.35,72.28
83.37,83.37,56.27,86.78,73.32
82.78,82.78,59.59,86.47,68.12
83.54,83.54,65.45,84.81,69.88
82.23,82.23,63.68,86.03,70.94
84.00,84.00,59.73,86.98,69.53
80.85,80.85,53.79,86.03,71.83
79.39,79.39,51.41,86.27,71.29
80.66,80.66,61.44,87.38,72.41
77.06,77.06,67.58,89.14,72.07
74.68,74.68,75.39,83.65,70.30
72.41,72.41,91.14,81.64,64.85
63.36,63.36,91.54,73.55,66.04
57.59,57.59,86.98,69.17,63.71
59.45,59.45,84.87,73.32,65.46
61.36,61.36,82.64,75.22,66.30
64.30,64.30,83.39,81.68,67.88
68.31,68.31,79.56,87.36,69.38
66.95,66.95,61.62,89.62,71.63
70.65,70.65,67.02,89.13,74.71
71.25,71.25,58.19,89.69,77.05
72.90,72.90,51.28,90.96,77.26
70.27,70.27,54.91,89.71,75.83
72.59,72.59,53.81,89.81,76.10
74.37,74.37,55.27,89.74,77.35
76.16,76.16,69.17,90.83,77.67
70.81,70.81,79.00,86.73,74.49
63.97,63.97,90.78,78.95,62.35
56.78,56.78,92.47,73.34,60.07
56.50,56.50,87.62,71.10,65.83
54.89,54.89,84.47,72.79,65.98
56.85,56.85,82.55,75.86,66.71
61.30,61.30,83.62,82.15,68.63
61.90,61.90,78.24,86.84,72.41
63.54,63.54,68.26,90.15,70.73
64.54,64.54,67.39,88.65,67.87
69.94,69.94,60.66,89.55,71.76
67.98,67.98,48.33,90.83,71.48
66.12,66.12,45.51,90.69,68.04
71.24,71.24,41.93,90.07,71.21
68.49,68.49,44.30,90.47,69.41
71.44,71.44,47.73,91.14,73.06
70.44,70.44,52.07,89.90,73.50
72.56,72.56,64.98,89.26,76.33
74.49,74.49,71.01,89.56,75.54
72.16,72.16,68.34,90.70,74.64
70.68,70.68,67.59,88.55,74.68
71.53,71.53,67.43,87.74,76.64
71.28,71.28,65.49,88.38,78.07
71.23,71.23,65.51,89.33,77.96
71.39,71.39,65.39,87.49,79.42
72.28,72.28,64.63,86.15,80.48
71.54,71.54,62.69,88.26,78.82
69.60,69.60,63.21,85.78,75.73
69.98,69.98,63.69,85.39,73.99
70.48,70.48,62.51,85.30,74.18
70.40,70.40,65.21,84.55,76.10
68.67,68.67,67.67,83.25,74.31
68.29,68.29,74.74,87.19,70.67
67.49,67.49,85.79,84.12,69.31
69.06,69.06,82.98,76.87,70.73
69.69,69.69,79.80,70.06,67.86
68.12,68.12,75.56,62.52,69.97
67.11,67.11,74.26,59.16,67.98
70.49,70.49,76.19,48.92,68.96
71.22,71.22,74.11,38.02,69.82
72.79,72.79,75.67,46.69,70.56
69.93,69.93,72.59,39.91,69.38
70.52,70.52,71.74,33.33,67.37
69.20,69.20,70.38,33.56,68.52
72.12,72.12,71.07,28.52,73.04
72.09,72.09,69.77,32.10,74.65
72.07,72.07,66.83,32.14,73.01
73.34,73.34,65.49,29.36,73.30
71.66,71.66,63.19,27.76,75.07
70.19,70.19,61.56,27.12,76.55
69.91,69.91,61.64,28.98,76.50
71.64,71.64,60.69,30.71,76.66
73.31,73.31,59.22,25.44,78.54
71.69,71.69,60.06,27.54,78.11
73.95,73.95,61.05,29.37,77.40
70.92,70.92,59.90,24.41,76.18
69.36,69.36,60.63,22.88,72.17
68.38,68.38,60.85,24.40,72.59
66.26,66.26,61.36,20.10,73.03
66.76,66.76,60.35,24.41,74.93
67.04,67.04,60.64,28.06,75.83
64.97,64.97,59.62,27.48,75.87
65.28,65.28,58.11,30.79,73.86
67.54,67.54,59.24,25.98,73.70
67.68,67.68,56.27,29.64,75.07
67.15,67.15,55.61,26.33,72.81
65.57,65.57,55.57,27.06,65.94
63.17,63.17,55.88,25.72,68.66
65.24,65.24,56.40,28.11,70.37
67.12,67.12,57.94,25.92,73.91
68.29,68.29,56.48,31.65,70.99
69.08,69.08,56.01,28.16,73.09
66.98,66.98,56.22,25.64,72.07
67.30,67.30,55.27,26.97,70.13
67.43,67.43,54.35,31.06,71.87
67.65,67.65,53.97,29.91,70.86
71.23,71.23,54.74,28.57,74.93
70.31,70.31,54.04,33.17,75.06
70.03,70.03,54.20,32.92,74.84
69.39,69.39,53.25,29.65,74.03
66.87,66.87,54.49,28.72,71.26
66.44,66.44,54.36,32.87,69.28
69.24,69.24,52.09,31.93,73.79
67.36,67.36,52.92,32.52,74.16
67.43,67.43,52.97,27.04,74.85
65.57,65.57,54.49,30.50,71.58
64.00,64.00,53.25,28.55,72.96
62.69,62.69,52.90,30.29,74.05
65.81,65.81,52.34,31.62,75.64
62.50,62.50,53.82,28.59,74.00
64.32,64.32,53.87,29.81,72.52
63.22,63.22,53.42,30.61,69.00
65.24,65.24,52.57,26.34,69.16
63.31,63.31,50.43,27.44,67.18
65.24,65.24,49.27,27.08,69.81
64.43,64.43,46.16,29.48,69.20
60.76,60.76,40.96,32.67,66.96
62.24,62.24,41.21,30.18,74.74
64.04,64.04,40.41,26.23,76.94
67.54,67.54,40.44,24.57,78.75
68.05,68.05,40.44,28.70,75.49
67.99,67.99,44.05,35.42,76.17
72.09,72.09,42.39,33.84,75.63
68.57,68.57,41.62,27.89,76.46
69.73,69.73,42.26,31.50,76.74
69.04,69.04,41.92,28.81,74.64
71.09,71.09,41.80,33.92,73.48
71.00,71.00,41.52,31.61,74.34
67.80,67.80,44.18,30.71,75.13
64.38,64.38,41.71,31.36,73.38
68.10,68.10,43.17,33.62,71.62
65.99,65.99,40.83,32.29,73.05
62.81,62.81,41.63,34.00,74.23
62.69,62.69,40.63,36.36,73.49
59.67,59.67,42.18,31.31,73.69
64.59,64.59,42.46,33.34,73.51
65.03,65.03,40.53,24.50,74.23
63.40,63.40,40.02,29.47,75.59
63.20,63.20,39.31,26.71,75.90
65.79,65.79,40.15,27.16,74.34
62.90,62.90,42.05,26.87,72.56
63.30,63.30,40.43,24.70,70.77
63.66,63.66,40.84,29.58,68.46
67.34,67.34,40.78,28.12,69.09
72.95,72.95,39.70,26.64,71.62
66.90,66.90,38.75,25.04,69.19
66.52,66.52,36.17,22.70,69.81
72.34,72.34,36.58,28.50,70.13
69.72,69.72,38.88,37.06,70.81
72.72,72.72,38.26,36.19,71.40
71.78,71.78,38.29,35.23,73.90
75.07,75.07,41.35,32.02,71.76
70.87,70.87,41.72,36.63,71.13
65.43,65.43,44.15,37.76,71.09
68.65,68.65,38.42,36.18,72.87
70.16,70.16,38.39,38.02,72.75
68.91,68.91,36.05,35.56,72.22
67.23,67.23,34.25,34.02,73.98
62.50,62.50,35.33,32.57,73.23
61.53,61.53,33.71,32.40,74.85
65.44,65.44,31.74,31.21,75.87
69.86,69.86,31.54,30.64,76.90
67.13,67.13,30.79,29.24,77.82
66.59,66.59,31.01,30.26,76.99
63.73,63.73,33.11,33.02,74.13
64.57,64.57,34.01,33.13,73.13
66.14,66.14,32.82,31.19,70.04
66.83,66.83,30.39,31.00,70.41
62.54,62.54,30.90,27.94,69.48
65.53,65.53,34.40,29.72,70.59
66.08,66.08,34.98,28.05,69.06
70.47,70.47,32.48,27.80,70.63
68.54,68.54,29.27,26.90,73.64
65.72,65.72,32.07,24.28,71.59
68.22,68.22,34.48,26.49,72.39
69.79,69.79,31.73,21.51,74.99
68.72,68.72,33.84,25.49,72.34
67.76,67.76,34.58,23.45,71.19
67.93,67.93,32.01,24.64,72.33
72.07,72.07,35.18,31.51,69.19
75.41,75.41,38.92,31.15,72.12
75.57,75.57,39.73,31.86,75.94
75.00,75.00,36.12,32.68,74.68
74.17,74.17,32.85,34.06,74.55
74.65,74.65,34.49,36.11,76.71
78.77,78.77,37.08,37.75,76.05
76.06,76.06,33.00,39.87,73.48
74.73,74.73,31.39,42.19,73.22
75.63,75.63,30.60,38.17,75.20
76.23,76.23,26.28,30.48,75.61
73.73,73.73,23.98,37.54,75.53
76.27,76.27,24.87,34.97,72.81
77.56,77.56,23.21,35.98,71.48
81.06,81.06,36.94,26.53,73.50
80.35,80.35,40.76,35.85,70.22
77.94,77.94,33.23,33.31,71.10
74.21,74.21,28.34,24.75,72.76
70.26,70.26,27.37,28.57,73.57
71.91,71.91,26.52,29.45,73.69
71.67,71.67,29.80,35.41,75.01
74.99,74.99,36.25,35.86,73.56
76.51,76.51,31.28,29.84,73.57
79.61,79.61,33.11,31.84,73.86
83.15,83.15,29.63,29.42,70.83
79.81,79.81,29.03,29.37,73.72
79.35,79.35,29.54,27.39,71.17
83.48,83.48,32.75,29.79,72.16
84.06,84.06,33.51,25.74,70.98
80.17,80.17,33.48,26.54,68.24
78.78,78.78,28.51,23.37,71.56
74.93,74.93,27.99,26.93,71.97
72.81,72.81,23.47,27.41,72.61
73.50,73.50,27.82,33.04,75.08
75.86,75.86,28.78,29.32,76.71
79.19,79.19,32.26,34.09,77.14
80.75,80.75,35.04,35.57,78.18
80.69,80.69,31.06,33.48,76.01
78.93,78.93,35.20,41.34,74.72
78.34,78.34,35.12,43.43,74.58
80.50,80.50,31.53,37.99,73.55
80.78,80.78,27.66,30.63,74.16
83.38,83.38,29.99,33.20,73.17
84.93,84.93,32.55,33.45,72.06
84.65,84.65,30.26,29.56,71.83
81.87,81.87,31.39,35.40,71.84
77.71,77.71,32.83,31.37,71.40
75.86,75.86,28.73,28.06,73.57
72.69,72.69,22.82,30.34,73.66
72.37,72.37,26.57,34.06,73.62
77.21,77.21,27.83,37.59,75.25
75.96,75.96,28.37,27.62,73.72
76.12,76.12,24.79,21.53,75.52
80.91,80.91,21.97,25.72,75.74
81.03,81.03,21.11,27.75,74.46
79.62,79.62,20.97,25.69,75.24
78.24,78.24,21.11,28.26,73.91
81.73,81.73,20.21,25.07,73.32
80.71,80.71,19.50,26.71,72.49
78.83,78.83,20.70,29.29,71.86
77.54,77.54,22.86,28.30,72.80
77.77,77.77,20.91,27.44,71.40
80.38,80.38,19.11,27.35,71.96
80.41,80.41,22.64,29.58,72.11
77.35,77.35,24.39,30.56,69.96
76.83,76.83,29.60,35.36,69.84
78.71,78.71,33.36,32.81,70.74
80.11,80.11,33.03,32.18,70.33
79.96,79.96,32.57,36.46,70.68
82.77,82.77,34.39,33.73,70.25
81.30,81.30,29.12,33.82,69.80
80.27,80.27,33.13,38.72,69.74
79.11,79.11,27.72,33.15,69.75
74.83,74.83,25.44,29.57,68.40
71.31,71.31,26.44,30.53,69.58
74.66,74.66,30.65,31.22,67.71
76.65,76.65,29.50,30.49,68.26
77.31,77.31,26.72,28.97,68.24
76.31,76.31,26.26,27.50,68.68
76.55,76.55,27.47,29.97,67.49
78.06,78.06,28.02,30.03,65.47
81.59,81.59,30.57,33.71,67.81
81.31,81.31,30.78,33.29,67.26
82.37,82.37,30.10,28.51,64.93
83.29,83.29,29.80,27.40,65.60
84.66,84.66,31.22,28.62,66.76
82.57,82.57,31.13,28.20,67.38
78.90,78.90,30.74,23.94,64.85
71.67,71.67,31.90,27.26,65.78
66.69,66.69,34.12,29.91,65.52
65.93,65.93,30.87,26.68,65.98
70.76,70.76,29.43,21.16,66.55
68.34,68.34,29.75,27.11,65.49
70.04,70.04,29.95,25.59,65.22
78.06,78.06,27.88,25.75,67.53
79.21,79.21,26.85,18.53,67.15
78.31,78.31,25.72,27.19,67.25
74.65,74.65,25.54,34.92,69.06
73.35,73.35,28.16,34.33,71.80
73.92,73.92,29.62,32.22,74.71
74.85,74.85,31.50,36.91,71.98
75.29,75.29,34.86,36.42,73.62
75.34,75.34,31.47,34.59,71.89
75.94,75.94,30.15,38.37,71.76
75.39,75.39,27.19,33.90,71.82
77.69,77.69,29.82,31.46,71.15
75.02,75.02,31.61,33.33,71.65
73.03,73.03,27.46,33.20,69.90
71.51,71.51,30.14,31.43,69.26
71.47,71.47,32.40,29.68,68.56
72.14,72.14,26.96,29.97,68.01
73.29,73.29,22.94,23.22,66.66
73.40,73.40,23.46,33.93,66.45
75.75,75.75,31.63,36.00,67.92
73.11,73.11,30.72,34.05,67.66
73.27,73.27,29.13,31.99,67.82
77.01,77.01,30.98,32.71,68.57
76.94,76.94,33.71,35.82,66.85
75.88,75.88,36.08,25.14,68.39
72.02,72.02,37.25,30.52,67.66
71.86,71.86,36.73,29.82,66.99
74.38,74.38,34.43,30.18,66.34
78.21,78.21,35.74,29.09,67.92
74.55,74.55,34.18,23.58,67.21
74.68,74.68,34.13,27.37,66.20
73.66,73.66,32.43,25.78,65.16
76.10,76.10,31.24,26.44,65.94
75.12,75.12,29.30,22.31,64.28
69.96,69.96,26.84,28.51,65.70
71.96,71.96,28.29,36.62,70.36
75.93,75.93,25.99,33.44,66.52
71.37,71.37,27.46,32.58,64.25
69.87,69.87,28.88,34.27,64.51
73.62,73.62,29.08,35.16,65.84
72.11,72.11,30.65,31.54,66.74
75.16,75.16,29.63,30.83,67.73
77.44,77.44,30.09,35.29,68.79
76.80,76.80,28.20,31.86,68.42
78.81,78.81,28.29,35.29,67.40
78.56,78.56,27.10,34.48,67.99
77.09,77.09,27.76,26.47,67.10
77.35,77.35,26.18,31.21,68.22
81.80,81.80,24.60,36.36,67.69
75.72,75.72,29.92,39.61,67.02
74.83,74.83,30.55,35.33,67.96
74.57,74.57,28.88,35.54,67.64
73.38,73.38,27.96,26.05,67.35
76.11,76.11,24.20,27.48,69.14
74.51,74.51,26.08,31.62,69.51
73.71,73.71,32.66,31.96,68.11
74.34,74.34,30.48,29.14,66.30
73.34,73.34,32.49,29.60,67.29
75.03,75.03,29.29,26.30,66.49
76.74,76.74,34.34,29.54,66.29
80.20,80.20,31.03,25.13,66.72
81.50,81.50,34.68,26.49,64.94
78.94,78.94,29.99,22.61,65.07
73.59,73.59,33.37,22.15,65.71
82.91,82.91,32.99,23.39,63.98
85.80,85.80,29.75,25.65,63.47
84.20,84.20,39.20,34.00,62.76
80.94,80.94,37.89,36.44,66.64
74.33,74.33,36.52,37.56,69.38
71.90,71.90,34.16,38.32,70.20
75.32,75.32,38.87,32.51,67.50
78.08,78.08,33.28,31.52,70.53
78.43,78.43,33.49,37.01,67.53
80.75,80.75,34.32,37.60,68.94
80.92,80.92,29.51,33.88,67.76
80.35,80.35,37.89,33.36,65.11
79.18,79.18,28.45,32.30,63.49
77.06,77.06,35.97,33.93,61.96
76.14,76.14,28.37,29.61,59.62
74.78,74.78,28.02,27.55,63.03
71.89,71.89,26.12,32.10,61.85
72.28,72.28,18.63,29.57,62.14
68.29,68.29,22.01,28.85,64.04
70.64,70.64,25.17,26.46,66.97
74.81,74.81,27.46,33.08,66.86
75.42,75.42,27.99,29.78,65.55
74.42,74.42,25.28,20.67,66.62
77.34,77.34,29.87,28.85,64.84
78.21,78.21,27.86,27.25,65.06
74.50,74.50,27.70,24.78,64.20
75.07,75.07,29.61,28.29,63.81
77.17,77.17,26.41,25.00,63.27
75.76,75.76,25.87,29.04,64.49
77.50,77.50,25.54,31.08,63.41
75.83,75.83,25.64,30.18,62.36
78.63,78.63,24.91,31.47,62.73
79.94,79.94,23.96,25.86,63.66
78.36,78.36,19.60,20.93,67.01
77.57,77.57,23.92,22.10,71.00
77.99,77.99,20.01,18.83,76.65
78.02,78.02,19.01,22.02,76.50
78.80,78.80,20.81,28.93,74.76
77.34,77.34,19.70,28.95,74.93
76.45,76.45,21.35,31.62,71.79
76.14,76.14,22.46,35.93,72.39
77.85,77.85,20.74,32.43,73.05
78.10,78.10,20.10,26.13,73.83
78.71,78.71,21.85,26.01,72.28
76.79,76.79,21.60,31.22,72.16
76.14,76.14,18.66,31.59,72.08
76.35,76.35,20.18,30.40,71.49
78.86,78.86,19.04,25.08,71.34
80.72,80.72,19.69,28.09,69.52
80.44,80.44,21.20,30.79,70.06
78.39,78.39,23.29,31.81,69.19
75.43,75.43,24.33,35.25,67.62
75.69,75.69,24.03,32.33,71.45
77.04,77.04,24.23,31.45,71.06
75.37,75.37,25.99,30.23,71.31
73.95,73.95,25.66,26.59,71.75
73.77,73.77,28.08,22.74,72.24
75.72,75.72,28.46,29.25,72.97
77.98,77.98,28.60,30.02,73.89
79.88,79.88,22.77,27.50,74.39
80.22,80.22,23.30,28.64,74.13
79.14,79.14,20.98,27.16,73.59
76.11,76.11,21.69,25.59,73.95
76.68,76.68,23.40,25.83,74.46
73.23,73.23,25.38,24.35,74.47
71.46,71.46,29.53,27.56,74.10
72.44,72.44,30.41,18.66,75.74
70.60,70.60,32.59,29.66,74.21
71.06,71.06,25.89,26.07,72.85
75.20,75.20,19.82,24.69,73.10
76.01,76.01,21.89,27.62,72.76
76.22,76.22,25.68,31.35,71.08
75.65,75.65,24.77,29.00,72.40
74.38,74.38,24.61,26.45,72.12
73.98,73.98,21.46,26.45,73.01
72.85,72.85,22.54,24.79,73.21
73.27,73.27,24.16,27.05,72.50
76.43,76.43,24.96,28.13,73.00
76.90,76.90,24.75,27.79,72.24
75.89,75.89,25.33,28.38,73.37
76.88,76.88,26.42,27.87,71.84
76.92,76.92,28.07,32.58,73.23
75.85,75.85,29.21,31.73,70.92
74.43,74.43,26.70,25.13,71.77
75.55,75.55,24.03,30.27,71.14
78.90,78.90,23.32,27.22,70.10
78.45,78.45,24.80,31.71,70.38
78.73,78.73,25.32,31.49,70.71
77.00,77.00,25.88,29.45,71.15
77.34,77.34,26.45,29.22,71.51
77.47,77.47,25.83,26.10,71.58
76.12,76.12,26.77,27.89,71.68
75.18,75.18,25.51,28.37,71.37
75.45,75.45,26.25,23.25,72.06
75.69,75.69,26.07,28.37,72.01
78.03,78.03,26.12,23.41,70.28
77.94,77.94,28.27,27.06,70.33
78.27,78.27,26.50,15.67,70.95
79.18,79.18,25.63,17.36,74.08
77.93,77.93,25.02,22.39,78.83
76.44,76.44,25.83,23.01,76.40
75.96,75.96,26.90,21.93,76.25
75.86,75.86,25.70,25.09,76.12
74.97,74.97,23.08,28.37,75.46
75.48,75.48,24.62,30.98,74.55
74.82,74.82,22.66,25.81,73.90
75.48,75.48,22.48,23.56,72.72
76.29,76.29,22.23,24.62,71.25
75.08,75.08,22.47,26.82,72.89
75.62,75.62,24.62,31.82,72.41
77.38,77.38,22.27,28.75,71.98
77.81,77.81,21.02,32.68,71.97
76.34,76.34,22.05,32.49,71.19
75.27,75.27,20.55,29.64,71.01
76.99,76.99,18.95,22.82,70.46
73.85,73.85,21.06,33.81,69.26
76.26,76.26,19.57,24.48,69.49
76.83,76.83,19.43,24.23,70.61
75.57,75.57,21.60,23.29,71.11
74.09,74.09,27.37,32.59,70.33
75.96,75.96,25.25,29.79,71.15
75.89,75.89,24.51,28.25,71.69
73.50,73.50,25.66,28.08,71.14
75.99,75.99,21.53,32.50,71.95
75.03,75.03,19.95,32.09,72.66
72.17,72.17,23.00,28.71,73.19
74.26,74.26,22.28,26.01,73.00
74.84,74.84,24.31,23.05,74.46
72.10,72.10,26.71,31.25,72.22
74.22,74.22,26.30,27.78,68.63
74.86,74.86,22.37,30.07,72.09
72.05,72.05,19.21,31.40,70.21
76.82,76.82,21.97,30.65,73.00
74.77,74.77,23.14,34.95,72.40
71.85,71.85,23.29,32.86,72.60
74.68,74.68,23.86,41.55,72.84
77.24,77.24,25.73,39.94,73.27
76.30,76.30,22.42,34.31,72.73
73.80,73.80,26.47,35.60,70.43
71.65,71.65,20.96,28.50,67.78
72.46,72.46,27.73,37.22,66.95
73.01,73.01,29.54,41.05,66.41
74.17,74.17,26.65,35.84,66.23
72.31,72.31,26.08,36.66,64.32
70.02,70.02,26.32,39.10,62.97
70.61,70.61,23.02,35.43,61.63
72.99,72.99,22.37,36.08,63.72
71.48,71.48,24.16,38.06,66.48
72.92,72.92,23.59,36.87,67.15
73.81,73.81,23.28,33.24,66.61
73.53,73.53,23.54,33.24,68.88
72.82,72.82,21.17,26.69,69.78
70.45,70.45,20.72,32.19,69.82
70.19,70.19,21.14,34.12,69.25
71.28,71.28,20.30,34.75,68.60
73.19,73.19,21.56,35.63,68.88
74.85,74.85,26.98,37.42,69.57
75.88,75.88,29.75,36.73,69.89
75.39,75.39,26.91,34.98,70.97
76.01,76.01,24.28,33.54,71.67
75.61,75.61,24.52,31.83,72.40
74.81,74.81,27.02,33.57,70.15
75.36,75.36,27.54,33.41,69.99
73.89,73.89,18.65,29.93,66.91
74.97,74.97,20.69,30.79,67.60
74.50,74.50,22.00,33.23,64.38
75.04,75.04,18.76,24.37,64.12
75.18,75.18,19.22,36.89,66.80
75.00,75.00,19.96,34.56,67.41
77.14,77.14,21.12,36.87,66.16
77.15,77.15,21.72,36.27,66.60
73.23,73.23,22.29,34.42,68.36
74.96,74.96,23.13,31.39,67.37
76.09,76.09,23.98,36.32,69.03
75.57,75.57,21.61,35.67,69.14
73.90,73.90,22.17,38.45,69.67
72.28,72.28,21.55,34.61,68.63
75.29,75.29,24.44,36.79,70.46
75.51,75.51,24.98,35.64,72.31
75.11,75.11,24.56,36.21,70.51
73.33,73.33,23.39,36.53,69.95
76.24,76.24,24.49,33.14,71.40
76.45,76.45,24.49,35.39,71.07
74.64,74.64,25.90,34.22,68.20
75.91,75.91,25.21,34.66,69.70
74.10,74.10,25.93,36.03,69.40
70.38,70.38,23.31,28.93,69.29
72.66,72.66,25.00,30.70,70.35
72.60,72.60,24.53,30.04,70.07
71.47,71.47,28.01,33.54,68.97
67.56,67.56,29.39,33.83,69.55
74.22,74.22,26.79,32.71,67.72
75.07,75.07,20.91,20.23,66.42
73.12,73.12,25.20,31.83,65.71
71.89,71.89,22.97,29.82,67.00
73.90,73.90,18.18,27.42,68.84
69.78,69.78,21.11,32.00,70.11
67.40,67.40,22.69,27.09,72.44
71.84,71.84,24.59,35.00,72.18
71.06,71.06,23.87,36.86,73.35
72.21,72.21,22.90,36.41,72.86
76.75,76.75,23.71,38.73,72.77
72.23,72.23,26.79,39.40,72.01
73.42,73.42,26.17,39.55,70.41
75.62,75.62,23.82,35.52,71.39
73.60,73.60,27.87,40.94,72.28
71.83,71.83,27.18,37.59,69.34
68.65,68.65,23.47,36.43,69.80
68.67,68.67,25.58,35.74,69.44
72.44,72.44,24.41,29.53,68.37
72.65,72.65,22.45,36.75,67.90
71.31,71.31,23.23,34.94,67.63
71.69,71.69,24.89,31.62,65.69
69.81,69.81,21.88,29.83,65.93
68.23,68.23,17.44,23.50,65.92
70.25,70.25,19.72,24.29,66.84
67.29,67.29,18.90,24.51,68.09
65.03,65.03,15.43,19.11,65.94
67.95,67.95,14.16,16.99,68.34
69.42,69.42,18.77,19.73,68.76
66.01,66.01,25.03,19.63,67.39
66.72,66.72,29.79,21.64,67.70
69.07,69.07,30.28,23.22,67.91
65.11,65.11,19.73,16.44,65.03
66.06,66.06,20.82,20.97,67.57
66.55,66.55,23.02,29.41,69.64
69.65,69.65,27.10,30.57,72.39
67.75,67.75,25.76,31.79,74.01
65.62,65.62,20.62,27.87,72.75
64.57,64.57,26.42,32.86,71.63
63.67,63.67,30.15,34.88,73.46
62.68,62.68,33.80,40.87,72.77
59.05,59.05,30.29,37.46,70.40
58.55,58.55,23.84,29.46,70.29
63.53,63.53,24.69,27.80,70.63
61.58,61.58,27.08,30.36,69.66
60.95,60.95,27.08,32.73,70.08
62.25,62.25,29.42,31.36,68.52
63.90,63.90,30.19,23.58,68.25
67.28,67.28,32.18,27.44,70.10
66.05,66.05,35.54,26.94,69.50
65.22,65.22,33.31,23.99,68.79
66.41,66.41,31.80,13.87,70.73
62.05,62.05,35.62,18.79,70.36
61.31,61.31,35.48,19.58,69.45
63.30,63.30,39.12,20.26,71.47
66.51,66.51,35.03,19.84,71.44
67.25,67.25,34.61,18.25,71.54
62.89,62.89,33.44,16.94,71.38
62.86,62.86,34.07,13.84,71.02
63.80,63.80,34.33,13.20,70.81
67.12,67.12,32.38,17.38,70.93
61.49,61.49,38.52,15.59,70.53
63.37,63.37,37.62,11.62,69.29
65.16,65.16,36.70,16.91,70.27
66.60,66.60,37.53,28.28,70.29
65.50,65.50,31.47,29.82,69.06
71.62,71.62,23.12,22.94,70.20
79.93,79.93,29.68,29.13,72.39
78.50,78.50,35.20,25.30,71.63
78.32,78.32,33.48,31.69,70.85
76.95,76.95,29.80,31.65,71.13
78.34,78.34,28.73,24.02,70.61
75.93,75.93,29.30,31.39,72.24
79.80,79.80,25.43,14.60,71.43
77.47,77.47,26.66,23.65,71.39
77.90,77.90,26.76,23.66,70.60
75.09,75.09,27.94,24.72,70.31
78.70,78.70,28.82,26.73,69.72
75.59,75.59,30.24,26.59,69.05
78.64,78.64,31.99,24.15,70.08
78.82,78.82,36.33,26.45,70.32
79.07,79.07,37.83,21.15,70.95
78.23,78.23,37.20,21.56,70.42
78.34,78.34,37.90,22.76,69.41
82.38,82.38,37.14,21.64,69.38
82.86,82.86,35.69,22.44,68.31
82.49,82.49,35.40,19.74,67.64
79.84,79.84,36.07,21.29,68.52
80.52,80.52,41.00,24.61,68.78
80.41,80.41,39.71,24.83,69.72
79.62,79.62,38.90,18.85,69.59
79.07,79.07,34.55,21.63,68.35
79.11,79.11,37.44,24.96,67.57
75.72,75.72,40.93,24.17,66.70
80.53,80.53,36.26,23.31,65.08
76.93,76.93,41.18,29.75,66.78
76.91,76.91,31.19,21.09,68.80
76.94,76.94,25.08,24.51,70.02
77.30,77.30,30.79,25.50,74.37
77.62,77.62,31.49,20.92,78.02
78.49,78.49,29.89,26.26,76.91
78.44,78.44,21.07,22.27,78.76
79.09,79.09,20.31,29.66,76.95
78.24,78.24,17.97,31.31,75.65
78.75,78.75,19.74,27.91,77.01
77.40,77.40,22.83,29.87,73.44
75.33,75.33,21.91,32.41,73.51
76.04,76.04,23.33,33.55,72.54
74.04,74.04,24.12,31.57,70.84
70.13,70.13,24.37,32.96,70.92
66.90,66.90,25.55,31.08,70.46
67.69,67.69,27.07,37.30,69.33
70.49,70.49,25.90,37.74,68.11
70.97,70.97,28.10,35.41,71.31
70.60,70.60,25.80,33.41,70.93
70.21,70.21,27.20,32.32,70.69
73.69,73.69,30.51,35.88,71.70
74.85,74.85,29.34,30.03,71.98
74.80,74.80,30.58,34.67,72.23
73.09,73.09,28.39,23.74,72.12
70.58,70.58,29.48,31.78,73.39
74.78,74.78,29.51,26.71,71.40
71.49,71.49,29.19,28.68,71.72
73.24,73.24,30.40,37.84,73.22
76.17,76.17,28.17,28.19,71.62
76.06,76.06,29.11,30.93,71.20
73.70,73.70,33.18,35.68,70.55
73.22,73.22,33.26,35.83,71.30
74.41,74.41,30.47,30.58,71.55
74.33,74.33,31.58,29.72,71.70
74.80,74.80,29.59,32.09,74.15
74.67,74.67,22.83,26.59,77.85
74.31,74.31,20.95,30.17,78.29
74.55,74.55,21.49,25.70,76.17
71.09,71.09,25.39,28.01,77.53
71.28,71.28,28.39,34.30,77.37
71.07,71.07,26.01,32.94,77.77
73.18,73.18,24.61,34.47,77.39
74.48,74.48,22.97,30.06,76.23
76.56,76.56,22.54,30.27,77.89
75.54,75.54,21.99,34.91,76.08
76.20,76.20,23.65,33.95,75.07
76.34,76.34,25.77,39.30,75.86
74.82,74.82,24.07,37.98,75.81
75.28,75.28,24.99,38.23,75.58
75.16,75.16,25.85,38.81,75.17
75.78,75.78,24.73,32.47,75.15
75.64,75.64,23.52,37.87,73.64
77.05,77.05,24.39,34.80,76.21
78.36,78.36,25.85,34.01,76.17
78.96,78.96,26.49,32.85,76.80
80.03,80.03,23.39,36.96,78.15
79.64,79.64,24.68,42.44,77.87
80.37,80.37,23.86,38.46,78.70
80.44,80.44,23.50,36.80,78.89
80.02,80.02,25.64,33.39,77.38
80.45,80.45,24.04,31.13,77.90
79.99,79.99,22.99,39.31,76.74
78.10,78.10,24.09,40.01,76.19
78.71,78.71,24.53,33.77,75.13
79.78,79.78,23.76,39.81,76.12
79.82,79.82,23.53,36.66,74.81
80.00,80.00,23.98,31.23,78.04
81.55,81.55,23.25,38.40,77.56
81.63,81.63,24.37,39.59,78.95
81.90,81.90,22.41,41.48,78.98
81.96,81.96,21.60,41.65,80.03
82.22,82.22,21.49,40.81,80.11
83.24,83.24,20.20,41.68,79.61
82.25,82.25,22.09,37.93,77.81
81.11,81.11,23.48,34.02,77.37
80.30,80.30,24.73,36.43,78.05
82.05,82.05,25.13,32.33,79.03
81.22,81.22,25.07,37.15,78.31
82.06,82.06,21.67,33.87,79.00
81.97,81.97,23.95,34.03,79.05
80.61,80.61,24.37,37.16,77.51
80.16,80.16,24.04,35.12,77.83
80.74,80.74,22.96,38.17,78.63
82.12,82.12,25.33,38.77,78.73
81.95,81.95,27.66,38.80,77.96
80.40,80.40,26.46,35.28,76.99
80.47,80.47,25.43,41.33,76.24
79.74,79.74,25.86,43.19,76.80
80.02,80.02,23.86,39.37,75.54
80.51,80.51,26.19,42.27,76.78
81.64,81.64,26.60,46.98,78.09
81.49,81.49,23.44,39.41,78.89
81.08,81.08,24.94,40.63,76.96
78.48,78.48,22.90,43.73,75.34
76.78,76.78,25.58,37.85,75.38
77.49,77.49,26.05,39.34,76.83
78.30,78.30,20.86,36.42,79.18
77.36,77.36,17.74,32.73,81.08
77.51,77.51,20.15,34.65,80.67
78.63,78.63,24.02,38.99,81.51
77.23,77.23,25.42,37.93,83.16
77.25,77.25,30.58,39.50,84.08
78.08,78.08,32.25,36.56,84.50
76.07,76.07,31.25,37.84,84.15
74.16,74.16,27.56,37.94,82.47
76.98,76.98,23.72,36.72,80.03
75.37,75.37,21.94,38.10,78.83
73.61,73.61,21.99,35.44,78.46
70.56,70.56,19.90,39.07,77.98
73.84,73.84,24.21,37.35,78.13
73.51,73.51,23.10,38.06,77.65
71.38,71.38,28.14,37.68,76.24
70.73,70.73,24.12,34.24,75.97
72.53,72.53,25.66,32.81,75.62
73.13,73.13,28.65,32.27,74.38
74.76,74.76,26.46,34.88,75.66
74.61,74.61,28.85,32.09,75.99
73.54,73.54,25.43,35.55,73.63
74.86,74.86,28.11,32.44,74.12
74.68,74.68,27.88,25.21,76.63
77.50,77.50,28.00,25.13,77.30
77.32,77.32,28.57,30.63,78.55
75.98,75.98,28.38,34.77,78.17
73.98,73.98,26.76,33.57,76.50
74.83,74.83,26.34,28.06,76.36
76.44,76.44,26.80,29.01,78.12
78.72,78.72,27.02,32.18,78.73
79.49,79.49,27.38,33.18,79.59
77.00,77.00,25.40,32.44,79.64
72.57,72.57,25.73,27.62,79.53
75.18,75.18,24.74,20.51,79.42
74.39,74.39,25.13,24.44,77.13
72.91,72.91,25.48,26.00,76.59
73.78,73.78,24.60,30.20,76.44
76.18,76.18,26.70,35.36,76.68
75.41,75.41,27.02,28.64,76.76
76.57,76.57,30.52,34.39,75.64
76.64,76.64,30.48,38.40,76.08
79.20,79.20,27.46,30.20,76.64
78.70,78.70,28.03,36.12,75.99
77.09,77.09,26.86,32.15,74.41
75.92,75.92,28.25,33.63,73.35
74.87,74.87,29.33,40.08,73.24
76.05,76.05,30.58,37.21,75.35
75.49,75.49,30.75,36.48,74.99
76.67,76.67,30.30,40.30,75.08
76.04,76.04,30.93,38.28,75.79
76.48,76.48,28.35,37.86,75.07
78.00,78.00,29.19,43.01,75.83
76.21,76.21,30.86,37.39,75.65
76.18,76.18,28.44,37.04,75.09
74.00,74.00,28.70,39.11,72.17
74.13,74.13,28.10,42.60,72.34
75.54,75.54,29.48,40.36,71.45
78.07,78.07,29.02,39.11,73.13
78.77,78.77,27.03,40.69,73.86
76.55,76.55,25.80,37.10,73.14
76.61,76.61,26.08,37.82,73.18
77.19,77.19,23.38,37.75,76.46
78.13,78.13,21.54,39.85,74.95
77.77,77.77,20.83,35.79,75.09
79.81,79.81,19.39,33.22,75.95
78.43,78.43,16.04,26.22,77.09
76.59,76.59,19.75,33.77,75.83
76.30,76.30,23.67,30.10,75.69
76.42,76.42,23.50,32.41,73.37
77.94,77.94,23.87,40.84,73.82
76.73,76.73,24.58,37.85,75.22
74.59,74.59,24.38,32.80,73.52
75.52,75.52,24.38,34.43,72.64
74.41,74.41,25.05,31.14,70.86
74.66,74.66,24.70,32.50,71.07
72.60,72.60,24.54,31.21,70.75
69.79,69.79,24.15,28.60,70.99
71.75,71.75,23.76,30.48,71.04
74.45,74.45,23.46,31.61,71.12
74.20,74.20,22.43,30.51,75.25
77.62,77.62,21.21,31.47,74.44
73.99,73.99,22.83,32.47,74.42
76.05,76.05,21.70,31.24,74.07
79.54,79.54,23.14,30.22,72.58
75.04,75.04,23.85,26.39,70.47
73.24,73.24,23.90,26.13,69.69
74.44,74.44,23.78,26.19,72.28
72.75,72.75,24.96,34.72,71.04
74.43,74.43,23.76,26.46,71.59
74.84,74.84,20.59,26.67,72.44
71.60,71.60,19.43,24.75,70.11
70.54,70.54,17.48,30.74,68.66
73.10,73.10,20.95,32.96,67.52
70.27,70.27,17.26,27.95,66.85
67.31,67.31,20.25,30.80,66.87
67.60,67.60,20.47,25.20,66.62
68.19,68.19,19.97,20.43,70.65
64.62,64.62,20.45,20.34,72.88
67.40,67.40,21.53,24.26,74.80
65.60,65.60,23.55,24.31,74.58
66.48,66.48,26.32,32.86,74.25
66.60,66.60,27.25,32.64,71.53
62.62,62.62,28.29,35.81,71.38
64.84,64.84,28.85,30.42,70.70
61.50,61.50,31.27,30.87,71.74
68.49,68.49,30.76,33.03,71.49
73.61,73.61,28.79,29.63,73.01
68.08,68.08,28.44,30.15,72.28
62.33,62.33,27.07,23.96,71.83
65.44,65.44,25.58,22.11,71.12
71.80,71.80,27.07,20.19,73.94
62.64,62.64,27.48,22.09,70.77
61.76,61.76,26.76,25.66,71.16
59.64,59.64,26.08,15.14,70.69
71.06,71.06,26.58,21.50,70.48
74.59,74.59,27.63,23.72,71.90
63.61,63.61,26.59,20.96,70.53
63.50,63.50,28.13,25.52,71.47
66.62,66.62,27.79,22.55,70.22
59.80,59.80,27.35,21.92,72.11
68.20,68.20,28.15,18.56,71.73
74.65,74.65,29.89,25.21,73.03
71.00,71.00,38.85,25.00,69.45
62.64,62.64,33.49,21.63,69.74
61.63,61.63,35.68,20.88,69.76
74.42,74.42,28.28,27.92,70.02
61.10,61.10,25.30,26.78,67.72
64.58,64.58,17.96,17.12,70.74
63.52,63.52,14.86,17.77,71.83
71.74,71.74,21.79,24.08,75.45
71.27,71.27,18.70,24.51,74.72
66.30,66.30,19.66,21.98,73.34
70.74,70.74,19.45,27.34,72.38
73.52,73.52,19.60,31.05,73.88
79.13,79.13,20.17,31.07,73.43
75.39,75.39,21.63,28.51,73.39
77.66,77.66,22.42,29.29,75.63
75.81,75.81,22.44,28.71,73.55
78.24,78.24,24.01,28.79,71.99
74.56,74.56,22.54,28.46,70.81
77.20,77.20,23.78,27.29,72.46
79.91,79.91,25.07,21.07,70.00
78.26,78.26,25.73,30.19,69.52
78.10,78.10,25.62,28.84,69.60
77.08,77.08,24.66,17.22,71.85
79.21,79.21,23.27,18.03,69.84
77.74,77.74,23.89,30.75,72.12
77.24,77.24,24.32,22.37,71.33
76.16,76.16,24.42,20.56,70.02
74.65,74.65,31.83,22.52,71.31
73.77,73.77,29.73,18.81,70.63
74.85,74.85,30.81,14.89,68.48
74.63,74.63,36.14,17.32,69.02
74.15,74.15,35.49,17.38,70.07
72.34,72.34,32.59,17.76,70.76
75.04,75.04,34.08,27.53,69.49
78.75,78.75,29.00,19.58,70.71
79.88,79.88,34.56,25.51,66.00
74.45,74.45,32.85,20.02,65.92
75.53,75.53,32.54,16.39,70.57
76.35,76.35,35.32,17.81,75.76
75.11,75.11,28.46,20.28,79.38
74.99,74.99,21.38,18.77,80.51
76.23,76.23,19.78,19.14,78.20
76.98,76.98,18.58,23.85,79.41
75.66,75.66,17.40,25.11,79.89
76.40,76.40,20.59,31.08,76.39
78.62,78.62,19.91,30.90,77.00
80.04,80.04,19.96,25.77,76.61
77.25,77.25,20.83,31.35,78.46
76.69,76.69,21.40,29.76,74.46
81.83,81.83,19.55,28.66,73.54
83.28,83.28,19.50,26.64,76.08
82.89,82.89,20.23,29.48,76.96
83.77,83.77,22.35,29.66,76.31
85.03,85.03,24.70,34.55,74.20
83.74,83.74,26.79,38.11,72.73
84.57,84.57,27.87,32.71,72.40
84.48,84.48,28.14,43.51,73.70
83.06,83.06,26.73,33.65,75.02
83.99,83.99,31.47,28.87,73.25
84.32,84.32,33.53,29.83,74.09
84.34,84.34,36.33,34.90,73.84
83.93,83.93,36.72,33.25,73.53
84.41,84.41,29.07,26.45,74.59
82.74,82.74,40.49,37.59,72.35
82.04,82.04,37.51,32.29,76.13
83.65,83.65,34.24,32.32,75.78
83.05,83.05,34.74,31.96,74.09
83.06,83.06,25.85,22.67,75.52
83.11,83.11,24.30,26.59,75.85
82.85,82.85,26.19,24.91,74.38
81.98,81.98,27.56,36.48,75.01
83.35,83.35,21.68,28.84,73.29
84.09,84.09,19.93,28.81,74.29
83.73,83.73,21.03,31.15,73.83
82.95,82.95,23.97,33.22,76.20
83.49,83.49,25.40,26.71,75.85
83.99,83.99,29.04,35.68,74.83
84.21,84.21,29.07,42.80,76.93
84.64,84.64,27.09,28.34,74.07
84.61,84.61,26.60,33.07,75.63
84.75,84.75,27.56,27.77,78.37
84.76,84.76,28.06,39.67,76.24
86.08,86.08,27.66,39.35,75.53
86.24,86.24,27.30,37.78,75.34
85.27,85.27,27.10,42.46,74.38
84.86,84.86,24.12,28.89,72.55
84.45,84.45,25.70,34.20,75.31
85.78,85.78,29.80,35.14,73.34
86.66,86.66,30.65,26.32,72.11
86.73,86.73,32.44,37.26,74.63
86.98,86.98,35.06,32.72,73.79
87.27,87.27,36.45,33.91,72.34
86.84,86.84,36.92,32.60,73.73
87.17,87.17,36.77,30.97,73.60
86.33,86.33,39.88,38.09,72.24
85.58,85.58,36.70,31.08,73.45
83.47,83.47,35.74,19.06,74.54
82.46,82.46,44.75,38.22,73.30
82.61,82.61,43.68,30.97,71.70
83.45,83.45,35.58,26.15,75.09
83.87,83.87,35.72,25.88,73.72
82.26,82.26,42.13,31.18,72.56
80.60,80.60,39.40,27.63,74.46
77.97,77.97,37.87,27.89,75.25
78.93,78.93,38.35,35.73,75.91
75.95,75.95,32.63,29.41,75.96
80.56,80.56,36.36,37.40,77.30
83.79,83.79,32.43,35.52,74.38
84.10,84.10,32.82,31.16,74.53
84.48,84.48,35.58,36.91,74.47
84.77,84.77,38.03,25.75,74.29
85.69,85.69,40.56,28.73,73.70
85.76,85.76,42.09,26.63,73.62
85.50,85.50,41.96,34.98,73.24
87.09,87.09,43.89,36.60,72.74
85.63,85.63,41.27,27.89,71.51
84.08,84.08,38.24,26.10,70.71
80.63,80.63,37.37,25.12,74.00
79.78,79.78,35.68,28.29,70.30
81.64,81.64,35.69,24.31,71.86
83.11,83.11,41.13,21.77,72.43
82.60,82.60,38.25,23.28,69.70
82.40,82.40,33.89,21.16,74.85
82.11,82.11,39.90,25.21,74.72
82.48,82.48,42.48,23.50,73.67
82.35,82.35,35.90,18.93,73.08
81.38,81.38,36.87,21.98,72.96
81.56,81.56,36.22,25.79,71.67
81.57,81.57,33.57,22.31,73.19
81.00,81.00,39.50,27.80,72.16
79.83,79.83,34.74,30.95,70.81
81.03,81.03,37.41,22.64,68.92
83.68,83.68,32.25,32.81,69.03
83.68,83.68,37.92,39.53,69.74
83.30,83.30,38.68,38.12,73.58
81.62,81.62,32.33,30.48,75.23
82.36,82.36,28.17,30.76,75.90
81.40,81.40,29.71,30.64,75.76
80.89,80.89,27.29,30.01,75.63
80.99,80.99,23.77,34.62,72.63
79.69,79.69,27.91,34.77,75.33
79.82,79.82,23.60,26.71,75.58
77.96,77.96,25.51,27.76,69.44
79.94,79.94,28.24,28.18,70.02
80.34,80.34,25.49,29.30,70.57
79.97,79.97,25.18,32.73,70.16
80.10,80.10,18.78,24.32,70.12
79.58,79.58,15.95,24.83,71.59
77.73,77.73,18.18,23.49,77.14
75.74,75.74,20.27,29.09,73.04
78.64,78.64,21.13,27.68,71.80
75.97,75.97,24.30,28.31,72.92
75.66,75.66,21.88,24.06,69.86
76.96,76.96,22.52,25.45,69.34
79.53,79.53,26.50,27.44,73.71
78.83,78.83,25.48,31.50,74.61
77.62,77.62,24.62,25.07,73.67
77.31,77.31,25.99,24.78,72.69
77.02,77.02,25.79,24.97,70.37
76.21,76.21,28.33,25.55,71.40
76.96,76.96,27.47,27.51,71.92
77.95,77.95,26.06,25.44,75.22
76.59,76.59,27.61,28.98,71.93
76.52,76.52,26.71,29.85,72.68
79.66,79.66,25.44,30.56,71.46
78.20,78.20,20.36,29.13,71.99
78.32,78.32,22.04,34.51,73.36
77.67,77.67,20.86,31.23,74.45
76.02,76.02,21.31,26.97,72.09
74.85,74.85,20.44,28.68,72.40
75.55,75.55,22.96,25.25,72.20
77.80,77.80,22.22,28.84,72.82
78.99,78.99,22.14,28.26,72.91
76.48,76.48,23.36,29.41,75.13
80.56,80.56,24.23,25.85,72.04
82.17,82.17,24.08,24.13,71.95
81.59,81.59,24.83,21.00,69.03
81.49,81.49,24.47,23.23,73.31
80.07,80.07,24.84,23.83,75.27
77.58,77.58,25.01,18.43,78.10
76.45,76.45,26.65,22.59,69.62
74.40,74.40,26.72,26.27,69.91
73.61,73.61,25.93,32.70,79.35
76.23,76.23,26.50,33.54,77.23
78.42,78.42,29.80,39.16,74.11
78.68,78.68,27.39,25.28,67.96
80.73,80.73,27.78,31.94,70.87
80.48,80.48,26.09,27.70,69.41
79.06,79.06,27.98,25.88,70.82
80.92,80.92,26.27,27.48,68.32
80.73,80.73,27.16,22.88,66.95
78.33,78.33,31.34,20.33,70.49
78.58,78.58,36.23,23.03,68.10
81.09,81.09,38.00,27.55,69.72
80.45,80.45,33.92,23.53,69.21
81.04,81.04,34.98,26.37,68.86
78.49,78.49,25.52,21.65,69.92
78.47,78.47,26.98,24.43,73.46
76.73,76.73,26.38,25.07,73.42
78.62,78.62,25.37,21.81,76.66
77.96,77.96,24.71,18.11,73.77
77.72,77.72,22.84,26.63,75.90
75.03,75.03,21.51,23.85,73.09
76.18,76.18,22.94,32.65,74.93
75.26,75.26,21.53,30.43,78.98
76.04,76.04,22.26,25.56,72.25
73.86,73.86,21.23,25.66,75.50
75.06,75.06,21.32,27.16,72.08
73.29,73.29,23.09,27.84,74.26
72.46,72.46,26.07,28.23,73.88
73.97,73.97,28.59,23.73,75.69
79.27,79.27,29.74,32.05,75.95
81.01,81.01,26.28,27.17,71.75
74.65,74.65,26.72,24.28,74.62
76.16,76.16,34.85,29.37,68.34
74.71,74.71,31.47,28.98,70.55
71.46,71.46,32.21,25.74,69.69
74.66,74.66,40.75,28.31,70.66
73.39,73.39,38.33,24.69,72.13
72.57,72.57,32.92,21.03,71.79
71.78,71.78,42.26,24.81,71.42
71.42,71.42,42.16,24.18,70.84
71.18,71.18,38.22,22.21,71.27
70.87,70.87,39.47,22.05,75.72
73.84,73.84,32.46,16.87,73.40
77.87,77.87,30.38,16.16,72.47
77.86,77.86,28.34,15.73,72.09
75.42,75.42,30.05,21.77,70.45
76.25,76.25,28.55,21.87,71.91
73.86,73.86,24.37,22.97,74.44
74.92,74.92,26.24,21.50,75.79
75.59,75.59,23.38,26.46,70.43
76.49,76.49,25.89,30.41,72.98
77.77,77.77,26.64,26.67,68.95
80.17,80.17,28.03,36.18,70.03
80.00,80.00,27.31,38.28,72.83
77.96,77.96,25.30,33.56,70.61
78.25,78.25,29.61,31.37,71.55
80.61,80.61,25.01,24.94,73.16
79.53,79.53,28.72,30.15,71.39
77.53,77.53,32.00,31.91,74.00
74.70,74.70,27.74,30.16,75.37
73.33,73.33,25.82,25.27,71.53
73.55,73.55,26.98,24.29,72.75
72.61,72.61,26.09,25.44,72.02
75.30,75.30,26.04,27.57,71.81
74.79,74.79,26.66,29.63,70.84
74.52,74.52,28.21,26.83,70.74
75.81,75.81,27.90,26.70,73.44
78.09,78.09,28.57,30.09,71.93
78.42,78.42,25.17,29.89,70.36
78.02,78.02,25.32,26.05,73.47
78.05,78.05,24.12,27.73,71.71
78.81,78.81,25.84,30.86,72.04
78.51,78.51,25.87,30.96,69.00
79.48,79.48,27.32,30.88,67.74
79.54,79.54,26.66,31.48,71.92
77.63,77.63,25.75,29.47,78.22
74.24,74.24,24.58,28.35,73.87
76.01,76.01,23.43,25.03,70.86
75.70,75.70,19.93,22.04,70.69
77.24,77.24,17.07,28.24,71.97
74.30,74.30,15.38,30.10,75.12
77.30,77.30,19.15,32.48,75.28
75.96,75.96,20.09,37.87,75.02
74.85,74.85,18.66,30.73,73.40
77.73,77.73,19.78,42.21,74.54
77.34,77.34,20.83,29.82,72.13
80.21,80.21,19.95,24.34,76.03
80.09,80.09,18.37,30.03,75.72
84.10,84.10,18.33,32.52,76.10
78.90,78.90,20.61,35.62,71.56
75.07,75.07,21.07,34.15,72.83
73.97,73.97,20.25,24.32,73.48
74.28,74.28,18.97,28.54,71.39
75.55,75.55,18.39,27.63,71.47
77.13,77.13,17.82,28.40,71.22
75.23,75.23,17.93,30.62,69.03
75.74,75.74,18.10,34.31,68.84
72.59,72.59,18.52,29.74,71.14
72.79,72.79,18.30,29.33,72.48
81.83,81.83,18.30,34.66,73.92
81.80,81.80,18.54,32.50,69.13
79.55,79.55,18.72,30.72,70.87
81.90,81.90,16.88,35.69,73.05
82.36,82.36,17.54,31.29,71.85
83.59,83.59,19.41,30.81,70.32
85.52,85.52,22.52,33.47,70.80
85.10,85.10,19.57,34.38,70.51
85.17,85.17,19.10,30.57,68.88
82.99,82.99,17.36,30.24,67.63
78.94,78.94,16.56,24.47,65.88
78.61,78.61,12.24,22.30,67.53
78.54,78.54,10.40,27.29,71.89
75.42,75.42,8.72,35.30,74.47
74.86,74.86,10.21,33.81,75.22
74.64,74.64,15.26,34.69,74.91
73.84,73.84,16.78,39.04,74.02
70.78,70.78,14.66,35.47,73.95
73.81,73.81,12.92,40.33,75.30
74.37,74.37,13.24,41.10,76.32
71.69,71.69,15.36,38.76,74.31
71.34,71.34,15.95,33.59,73.68
68.89,68.89,17.24,33.65,72.22
72.27,72.27,19.34,33.56,70.24
71.49,71.49,20.29,35.81,70.13
71.74,71.74,19.66,38.40,69.39
71.65,71.65,18.59,39.85,69.08
71.96,71.96,17.25,35.87,70.23
70.43,70.43,17.26,39.13,71.21
71.38,71.38,15.87,38.44,71.63
72.82,72.82,15.98,42.74,73.68
71.61,71.61,16.49,40.49,73.98
72.27,72.27,18.22,42.04,72.66
72.85,72.85,20.71,38.07,73.72
72.65,72.65,21.28,43.83,72.74
71.44,71.44,21.67,42.38,71.16
69.78,69.78,21.31,43.22,69.29
69.42,69.42,22.02,39.68,71.17
69.66,69.66,22.04,37.29,71.65
73.74,73.74,22.43,40.56,73.56
73.05,73.05,21.93,38.76,74.57
71.65,71.65,23.85,40.02,74.73
72.90,72.90,23.41,36.89,75.16
71.14,71.14,19.50,34.53,72.78
73.45,73.45,18.94,38.45,76.62
69.95,69.95,14.17,39.93,72.64
71.21,71.21,13.91,37.82,75.32
70.10,70.10,9.25,40.86,74.57
70.57,70.57,9.55,40.54,74.98
70.56,70.56,15.76,42.12,74.84
68.62,68.62,27.79,40.21,73.50
68.61,68.61,29.24,42.67,71.84
67.17,67.17,23.22,40.01,71.37
66.21,66.21,14.91,40.41,70.73
67.27,67.27,15.59,41.34,69.64
68.18,68.18,19.40,40.72,71.52
71.00,71.00,20.54,34.76,69.74
66.78,66.78,22.20,39.12,69.78
68.20,68.20,20.41,40.38,69.24
69.09,69.09,17.81,37.89,69.96
68.72,68.72,19.09,45.32,74.03
68.11,68.11,19.35,48.92,70.10
69.23,69.23,19.13,48.36,72.37
69.85,69.85,18.82,46.08,71.41
70.73,70.73,15.16,44.89,72.27
68.94,68.94,16.56,41.70,69.85
70.38,70.38,16.48,42.58,71.04
67.94,67.94,19.37,41.78,69.28
68.86,68.86,22.07,41.98,70.51
69.70,69.70,29.36,41.44,69.29
69.60,69.60,38.63,41.48,69.58
69.04,69.04,31.71,40.53,68.42
67.31,67.31,38.22,44.18,68.50
67.35,67.35,42.60,46.87,68.04
67.57,67.57,36.29,43.70,69.01
67.00,67.00,24.47,44.55,67.19
63.42,63.42,25.53,46.19,68.53
67.62,67.62,27.24,50.39,73.57
70.03,70.03,27.28,49.05,70.20
68.41,68.41,28.04,49.12,71.62
74.71,74.71,29.21,48.87,72.22
79.29,79.29,25.53,49.07,70.41
78.67,78.67,27.26,49.16,70.60
77.45,77.45,27.52,49.19,67.95
77.52,77.52,29.58,49.33,69.93
79.78,79.78,28.78,47.71,68.05
79.50,79.50,29.07,47.35,70.04
79.89,79.89,30.97,48.70,66.95
78.00,78.00,29.45,48.89,70.42
78.24,78.24,32.07,47.99,70.62
77.41,77.41,30.54,46.17,70.38
77.70,77.70,25.98,47.54,70.22
77.08,77.08,24.12,50.39,69.99
79.20,79.20,20.06,50.98,70.77
76.44,76.44,18.95,51.23,69.33
73.67,73.67,20.75,52.51,67.29
72.09,72.09,19.22,50.65,65.62
71.66,71.66,19.32,48.63,66.93
72.08,72.08,21.61,47.08,67.51
72.47,72.47,24.02,49.08,66.96
75.44,75.44,27.57,52.10,62.64
80.59,80.59,36.37,50.67,64.03
79.95,79.95,34.19,50.71,64.09
74.77,74.77,30.81,49.89,62.81
75.88,75.88,37.00,47.29,63.43
80.35,80.35,34.61,47.93,62.64
81.56,81.56,25.91,42.83,64.21
79.69,79.69,27.21,44.31,65.25
81.26,81.26,29.84,49.52,75.01
81.79,81.79,29.91,45.99,74.01
80.93,80.93,29.10,48.53,73.27
80.35,80.35,34.05,48.20,72.29
79.05,79.05,35.43,45.38,72.81
76.75,76.75,30.59,43.34,69.85
75.85,75.85,27.75,43.97,70.39
77.49,77.49,31.06,46.77,69.98
78.14,78.14,32.11,49.05,68.23
81.19,81.19,36.70,47.49,67.71
80.39,80.39,32.84,44.86,67.00
80.35,80.35,30.50,46.67,67.38
79.93,79.93,32.75,48.84,68.16
77.49,77.49,31.40,46.65,68.52
76.09,76.09,29.23,43.30,68.55
78.25,78.25,26.30,44.17,67.77
78.10,78.10,24.24,50.27,71.21
73.81,73.81,29.09,50.12,69.27
71.31,71.31,31.48,47.44,71.16
72.96,72.96,31.13,48.80,69.92
74.27,74.27,29.81,49.08,71.82
73.72,73.72,30.22,49.84,68.69
77.67,77.67,30.79,48.94,70.43
80.28,80.28,29.88,50.08,68.39
80.50,80.50,33.68,50.85,69.80
80.70,80.70,33.26,50.03,67.68
81.83,81.83,33.63,48.54,70.67
78.64,78.64,33.73,47.67,68.33
73.07,73.07,33.13,43.72,66.78
78.68,78.68,33.35,45.77,66.92
78.77,78.77,35.25,46.77,66.64
73.08,73.08,34.51,53.79,70.82
69.83,69.83,33.02,56.86,73.19
71.45,71.45,32.42,53.02,68.24
76.25,76.25,32.58,52.35,72.07
79.23,79.23,31.42,51.95,66.13
79.48,79.48,34.06,51.99,69.39
78.09,78.09,32.54,53.02,65.30
79.76,79.76,30.69,52.03,69.43
80.20,80.20,32.28,52.89,67.48
74.74,74.74,31.87,53.32,68.58
78.13,78.13,32.35,51.78,66.14
77.93,77.93,38.36,52.37,69.14
74.81,74.81,38.23,50.69,66.32
78.37,78.37,31.29,49.15,69.92
81.16,81.16,33.98,47.94,67.87
76.48,76.48,40.86,48.61,70.18
74.70,74.70,35.87,51.20,70.89
73.46,73.46,28.78,54.60,72.82
72.92,72.92,29.66,52.85,66.96
73.22,73.22,29.68,52.46,70.99
76.10,76.10,29.99,49.40,69.60
79.89,79.89,29.66,47.41,73.90
79.70,79.70,29.18,48.76,72.42
80.87,80.87,28.77,49.06,70.05
81.45,81.45,30.72,49.72,68.78
81.12,81.12,32.98,49.79,68.03
80.54,80.54,32.40,50.79,65.76
81.03,81.03,29.95,49.65,67.74
81.56,81.56,33.89,46.72,65.98
81.69,81.69,35.99,46.94,68.60
83.27,83.27,36.33,52.85,65.82
80.57,80.57,31.11,51.47,67.70
79.27,79.27,20.48,56.44,67.19
83.09,83.09,16.94,60.59,75.85
81.75,81.75,19.71,60.95,72.32
80.32,80.32,22.31,56.51,75.48
77.06,77.06,22.08,57.72,71.70
82.21,82.21,21.90,55.42,72.90
84.96,84.96,19.42,53.22,70.58
85.50,85.50,19.07,51.24,71.54
84.42,84.42,23.05,52.24,69.57
77.56,77.56,24.06,54.79,68.68
75.23,75.23,25.40,52.52,67.49
79.34,79.34,24.77,53.21,67.19
75.90,75.90,22.87,50.23,68.15
75.06,75.06,29.21,49.17,64.14
72.96,72.96,32.67,48.99,64.91
77.29,77.29,29.75,46.56,68.48
79.36,79.36,22.46,54.37,67.61
77.52,77.52,27.67,60.41,72.20
75.73,75.73,32.31,58.78,69.56
79.12,79.12,32.99,55.94,70.80
81.04,81.04,29.92,56.93,69.17
80.48,80.48,30.12,57.21,71.98
78.41,78.41,32.17,55.12,70.39
76.20,76.20,29.92,53.96,71.62
74.99,74.99,28.35,52.62,69.49
75.45,75.45,27.83,52.37,67.81
78.37,78.37,23.59,52.40,70.21
79.60,79.60,23.16,49.37,69.99
82.31,82.31,24.67,47.27,69.75
79.61,79.61,27.40,47.71,68.88
79.08,79.08,30.27,49.28,68.05
77.27,77.27,28.71,51.90,67.78
75.86,75.86,29.69,51.20,66.97
78.50,78.50,26.34,58.76,72.69
78.75,78.75,23.35,54.26,70.15
80.89,80.89,24.44,55.93,72.87
80.52,80.52,24.57,58.20,70.58
82.40,82.40,28.90,55.33,70.26
81.70,81.70,26.02,55.39,69.02
82.10,82.10,27.56,53.88,71.19
85.89,85.89,31.34,51.71,69.99
80.89,80.89,33.65,49.90,70.77
80.37,80.37,34.83,51.81,67.96
81.60,81.60,35.59,52.59,68.76
80.39,80.39,36.30,51.96,66.38
79.64,79.64,36.07,48.23,67.28
79.19,79.19,34.87,47.59,68.41
80.33,80.33,30.91,50.96,65.58
78.09,78.09,25.21,59.46,68.65
78.04,78.04,17.87,64.33,69.11
77.62,77.62,19.98,59.97,69.86
80.51,80.51,26.90,59.46,69.69
75.78,75.78,28.37,58.99,70.24
76.11,76.11,26.68,56.44,69.46
71.54,71.54,25.75,56.86,68.09
74.36,74.36,28.10,56.54,68.81
75.91,75.91,33.15,55.69,65.31
77.56,77.56,32.22,57.21,69.51
75.00,75.00,32.64,56.85,66.94
80.52,80.52,32.92,53.05,68.10
81.22,81.22,33.13,49.71,66.68
79.95,79.95,31.81,50.18,66.76
78.89,78.89,32.70,48.03,63.28
77.78,77.78,31.35,56.16,65.48
79.78,79.78,27.95,62.00,69.58
79.56,79.56,26.95,62.69,73.25
80.51,80.51,26.97,60.86,73.00
81.14,81.14,24.35,59.66,72.57
80.85,80.85,23.13,58.88,71.10
80.40,80.40,24.17,59.39,70.18
80.64,80.64,26.39,59.78,69.75
79.60,79.60,28.33,56.06,68.00
79.14,79.14,29.48,53.27,68.02
78.46,78.46,26.69,55.12,64.84
77.14,77.14,31.03,54.58,67.77
77.24,77.24,33.95,52.26,68.77
77.78,77.78,28.89,49.68,69.15
75.67,75.67,26.99,46.42,68.85
71.72,71.72,28.95,50.51,69.48
71.73,71.73,24.56,55.85,70.19
72.14,72.14,24.21,61.68,71.26
74.94,74.94,22.41,65.32,72.37
70.75,70.75,23.07,60.85,73.32
76.33,76.33,22.65,60.61,72.54
75.57,75.57,25.15,57.60,70.58
73.60,73.60,24.75,58.77,69.50
72.61,72.61,24.50,56.37,72.92
73.43,73.43,26.21,55.80,68.73
72.49,72.49,27.94,52.90,72.12
75.65,75.65,29.60,56.44,69.41
77.40,77.40,30.76,55.03,71.29
77.34,77.34,28.69,56.61,68.67
78.38,78.38,36.36,55.27,68.37
76.86,76.86,36.99,51.28,67.94
74.96,74.96,33.85,53.76,66.53
76.11,76.11,28.90,54.04,67.60
76.12,76.12,24.62,59.43,73.11
80.00,80.00,24.75,56.51,74.97
84.22,84.22,24.81,61.71,75.69
82.84,82.84,26.66,61.08,75.14
80.61,80.61,25.72,57.98,73.19
81.07,81.07,26.47,55.88,74.12
80.01,80.01,25.15,53.92,74.05
82.41,82.41,26.91,57.77,73.16
79.51,79.51,26.42,56.86,71.84
78.72,78.72,25.94,56.26,69.81
78.32,78.32,28.94,52.08,71.29
81.36,81.36,31.79,52.04,70.81
78.25,78.25,32.44,46.72,70.92
79.17,79.17,30.20,41.08,71.54
81.11,81.11,28.68,50.25,71.56
79.81,79.81,28.19,50.82,69.92
78.89,78.89,25.08,61.53,72.27
80.49,80.49,24.45,63.89,74.20
78.68,78.68,24.99,62.38,73.24
77.64,77.64,25.26,59.44,73.52
78.48,78.48,26.60,58.94,72.30
76.77,76.77,28.02,58.24,71.69
77.76,77.76,27.89,52.94,72.13
76.54,76.54,27.83,56.26,73.60
80.84,80.84,27.60,54.83,75.19
81.97,81.97,25.64,53.58,75.21
82.10,82.10,26.57,54.05,76.29
82.01,82.01,25.60,49.04,75.44
80.62,80.62,27.58,47.70,74.56
79.23,79.23,27.70,44.72,74.59
81.76,81.76,27.34,44.52,73.06
81.58,81.58,26.82,53.50,75.55
81.12,81.12,24.96,62.62,78.28
82.41,82.41,24.55,62.95,77.78
82.55,82.55,23.49,62.87,75.88
80.30,80.30,23.33,60.81,76.54
77.79,77.79,22.56,58.83,75.45
79.68,79.68,20.13,55.99,74.79
79.49,79.49,25.03,56.14,73.98
80.91,80.91,23.99,54.14,72.99
78.09,78.09,22.84,50.68,72.26
76.28,76.28,22.64,52.75,73.45
77.22,77.22,21.59,50.04,73.17
78.17,78.17,22.08,49.23,73.60
79.71,79.71,22.35,47.97,70.85
80.63,80.63,22.96,46.35,68.61
80.46,80.46,21.91,47.82,69.87
81.17,81.17,22.34,52.85,70.12
81.89,81.89,22.59,65.73,72.53
79.26,79.26,21.55,63.74,72.59
77.27,77.27,25.76,60.61,72.67
75.09,75.09,24.33,58.10,72.16
76.35,76.35,21.61,59.19,73.84
76.94,76.94,21.21,55.68,72.07
77.50,77.50,21.87,53.27,74.44
76.40,76.40,22.36,52.61,73.88
76.94,76.94,22.72,55.35,74.17
78.00,78.00,22.40,55.35,75.12
78.49,78.49,21.73,53.59,73.35
80.16,80.16,22.46,52.20,75.27
80.71,80.71,24.72,47.57,74.83
81.97,81.97,24.29,48.58,75.22
81.16,81.16,22.37,50.89,74.76
77.09,77.09,21.21,59.32,74.84
79.35,79.35,22.23,65.98,76.82
81.87,81.87,23.20,64.60,75.99
83.79,83.79,20.60,60.91,76.77
85.52,85.52,24.55,60.19,75.96
83.92,83.92,22.56,58.41,76.34
84.23,84.23,23.64,58.34,74.26
84.68,84.68,21.90,54.26,75.76
83.55,83.55,25.47,54.69,74.54
82.70,82.70,26.37,53.58,74.01
81.90,81.90,27.76,55.08,72.18
83.33,83.33,26.61,55.05,73.20
82.35,82.35,28.85,54.54,69.73
80.59,80.59,30.40,51.79,72.59
82.69,82.69,29.36,48.18,72.70
83.14,83.14,27.68,49.11,71.09
81.04,81.04,28.71,60.63,71.74
80.55,80.55,25.02,70.91,73.78
78.84,78.84,23.34,65.41,71.73
78.65,78.65,20.18,62.73,70.86
76.86,76.86,20.09,60.40,69.44
77.58,77.58,18.81,62.28,72.17
75.52,75.52,20.25,60.45,68.93
76.72,76.72,23.03,60.24,70.37
77.56,77.56,26.73,56.54,70.25
76.26,76.26,30.07,58.54,68.62
74.47,74.47,29.62,58.46,71.12
76.13,76.13,24.71,53.07,70.79
76.22,76.22,22.98,50.82,71.53
77.82,77.82,22.69,51.81,72.11
77.31,77.31,24.84,52.12,68.95
73.88,73.88,25.20,54.11,71.64
74.14,74.14,22.22,63.54,72.52
78.01,78.01,21.55,66.78,70.62
79.00,79.00,22.60,67.64,74.33
74.96,74.96,23.83,63.00,71.07
74.75,74.75,23.31,64.00,75.34
74.67,74.67,22.44,63.28,75.51
77.36,77.36,21.71,62.12,75.93
80.36,80.36,23.54,60.01,75.71
76.04,76.04,22.88,58.93,74.62
75.89,75.89,22.20,53.96,73.39
76.55,76.55,20.13,54.08,72.73
72.58,72.58,22.40,53.31,71.75
74.28,74.28,21.67,53.20,70.87
72.19,72.19,25.33,51.35,70.73
75.09,75.09,27.49,50.79,70.08
73.00,73.00,23.23,54.80,68.48
72.65,72.65,21.71,63.28,68.89
73.41,73.41,20.49,71.81,74.92
74.45,74.45,23.52,66.95,73.75
75.82,75.82,22.59,62.46,74.43
74.94,74.94,23.55,62.36,73.43
74.40,74.40,26.06,63.02,71.76
72.72,72.72,25.32,60.88,73.54
76.16,76.16,23.45,62.64,72.45
74.95,74.95,25.57,61.57,73.23
74.58,74.58,30.56,60.76,71.46
73.86,73.86,30.73,57.04,74.06
78.93,78.93,28.12,57.12,72.33
78.82,78.82,21.45,53.06,72.62
74.82,74.82,28.46,52.77,70.83
72.24,72.24,29.47,55.90,71.10
73.01,73.01,27.59,58.34,71.12
73.53,73.53,21.94,68.41,72.73
74.65,74.65,15.99,71.01,71.03
69.03,69.03,17.50,69.49,73.75
72.95,72.95,19.81,67.98,72.58
72.65,72.65,19.01,66.40,73.49
73.49,73.49,21.25,64.66,71.39
76.72,76.72,20.33,62.45,72.16
74.11,74.11,22.42,61.41,70.54
73.83,73.83,24.94,61.41,68.54
77.24,77.24,25.54,61.55,68.67
75.94,75.94,27.23,58.77,68.83
76.71,76.71,30.23,58.64,69.54
79.98,79.98,30.43,57.57,70.20
77.73,77.73,28.14,52.18,70.31
76.83,76.83,28.01,54.23,67.80
81.83,81.83,27.87,54.67,70.72
79.93,79.93,21.22,57.84,72.66
79.82,79.82,15.22,64.37,74.86
79.68,79.68,18.51,65.23,76.03
80.13,80.13,20.37,61.75,71.55
81.96,81.96,19.16,61.84,72.99
81.86,81.86,19.39,59.82,71.22
81.55,81.55,21.60,58.52,72.50
80.75,80.75,25.10,58.84,71.17
81.67,81.67,26.59,58.02,72.42
80.89,80.89,27.00,58.81,69.49
79.91,79.91,23.40,57.42,69.93
78.54,78.54,22.97,55.43,71.34
76.05,76.05,24.69,54.47,67.29
75.53,75.53,25.63,53.41,69.82
75.34,75.34,25.88,53.10,67.94
76.21,76.21,22.32,58.11,71.36
77.64,77.64,21.22,66.66,71.73
75.75,75.75,13.94,68.22,74.56
73.23,73.23,15.47,69.56,76.24
77.44,77.44,16.54,67.27,74.83
78.23,78.23,19.49,65.36,74.91
74.87,74.87,19.86,64.84,73.87
78.21,78.21,23.18,64.55,75.46
77.16,77.16,23.39,61.30,75.82
77.81,77.81,22.68,62.15,74.92
77.23,77.23,22.82,60.43,74.99
73.25,73.25,26.98,59.52,72.01
77.07,77.07,30.93,58.77,73.37
77.40,77.40,32.67,57.90,71.68
74.51,74.51,33.24,55.44,73.18
72.49,72.49,31.14,57.41,71.76
76.81,76.81,27.31,59.02,72.57
78.10,78.10,19.48,67.01,73.94
75.47,75.47,14.41,75.27,74.89
74.85,74.85,15.45,73.12,71.89
73.30,73.30,18.69,71.15,73.74
75.22,75.22,18.51,67.10,72.75
76.16,76.16,18.25,66.36,74.46
75.29,75.29,21.21,66.79,72.57
73.58,73.58,22.19,66.07,74.00
75.37,75.37,19.29,65.23,71.60
75.64,75.64,16.06,64.12,72.28
74.65,74.65,24.58,61.59,72.35
73.78,73.78,27.70,58.33,72.43
74.70,74.70,30.68,56.51,72.53
73.80,73.80,35.39,57.73,71.10
71.63,71.63,19.85,61.12,68.55
69.31,69.31,17.55,64.30,67.65
69.80,69.80,11.72,75.30,71.17
69.27,69.27,9.12,72.87,74.86
69.89,69.89,11.49,71.43,74.08
70.98,70.98,13.52,68.91,75.47
68.64,68.64,13.85,67.45,75.51
69.64,69.64,14.99,65.73,74.37
67.89,67.89,15.29,64.04,74.86
65.55,65.55,16.81,63.14,72.76
69.95,69.95,17.01,61.86,74.27
69.81,69.81,26.27,61.68,73.93
69.59,69.59,29.88,61.92,73.99
70.74,70.74,30.18,61.58,73.27
68.41,68.41,26.09,60.71,73.91
70.36,70.36,23.59,56.73,73.62
69.44,69.44,23.75,56.36,72.81
69.69,69.69,22.96,59.98,73.96
68.51,68.51,22.93,67.72,70.67
69.98,69.98,25.83,74.75,76.13
67.76,67.76,24.53,68.31,71.49
68.85,68.85,23.75,66.28,73.63
70.02,70.02,22.37,66.32,73.08
67.54,67.54,21.42,63.47,73.35
68.25,68.25,24.35,65.70,72.07
69.69,69.69,27.45,62.32,73.20
72.61,72.61,28.75,65.60,73.41
71.60,71.60,28.48,62.79,72.73
71.19,71.19,28.08,61.76,72.55
71.99,71.99,21.91,60.23,70.87
71.35,71.35,22.54,57.60,72.47
72.75,72.75,29.68,59.23,71.83
69.98,69.98,29.81,60.99,72.38
67.31,67.31,32.13,62.57,73.66
76.97,76.97,33.10,70.98,76.91
76.36,76.36,30.10,71.27,74.24
76.63,76.63,29.13,72.43,77.44
74.94,74.94,26.50,71.48,73.39
73.84,73.84,24.91,70.91,76.24
77.40,77.40,26.69,69.31,71.83
79.02,79.02,24.76,67.34,72.36
76.23,76.23,27.56,64.55,72.21
77.52,77.52,28.79,64.65,70.71
79.63,79.63,29.79,64.50,70.97
79.95,79.95,31.48,61.41,71.85
79.86,79.86,31.63,60.02,70.95
79.47,79.47,33.74,60.70,69.82
81.73,81.73,33.40,61.99,71.30
81.97,81.97,31.41,62.88,67.61
81.67,81.67,31.77,65.67,71.26
80.56,80.56,32.12,71.29,72.03
80.28,80.28,32.20,78.14,70.25
80.28,80.28,31.72,76.42,73.87
82.86,82.86,29.61,75.25,69.91
82.71,82.71,28.41,73.83,70.36
82.35,82.35,27.23,72.40,70.22
79.57,79.57,30.64,70.82,70.42
77.14,77.14,29.13,70.37,71.07
78.67,78.67,30.26,69.79,70.75
78.50,78.50,28.69,69.59,70.78
71.21,71.21,27.70,67.89,68.36
72.86,72.86,25.31,66.48,69.76
77.52,77.52,24.20,65.73,69.53
78.20,78.20,23.53,66.04,69.74
77.62,77.62,24.28,66.75,69.15
78.71,78.71,23.80,66.83,70.32
77.20,77.20,23.21,74.93,73.40
75.47,75.47,24.31,73.82,76.26
79.20,79.20,26.37,71.52,75.65
80.93,80.93,24.95,70.71,76.16
77.72,77.72,26.77,70.71,77.85
78.95,78.95,25.26,65.51,76.97
78.40,78.40,24.84,68.89,75.19
78.32,78.32,26.41,64.49,75.72
77.00,77.00,25.16,67.22,76.23
76.58,76.58,24.81,56.12,75.26
77.09,77.09,23.66,64.86,77.20
78.33,78.33,23.43,55.01,75.35
78.55,78.55,25.63,59.96,74.23
80.06,80.06,28.05,50.67,74.11
78.95,78.95,27.94,58.80,72.43
78.95,78.95,29.29,58.59,71.82
80.11,80.11,29.58,66.69,73.33
79.75,79.75,28.46,73.56,72.98
80.23,80.23,26.56,74.69,73.10
80.79,80.79,26.48,65.23,71.93
77.17,77.17,27.82,72.67,71.68
76.48,76.48,28.01,69.63,71.15
78.69,78.69,30.76,69.92,69.93
81.11,81.11,31.17,68.75,68.86
81.30,81.30,30.81,70.42,71.08
79.20,79.20,31.24,65.57,71.81
78.74,78.74,31.06,63.73,67.71
79.89,79.89,31.51,65.26,70.29
81.27,81.27,30.27,65.08,69.66
82.16,82.16,31.53,59.23,71.77
81.12,81.12,30.25,61.51,68.91
81.18,81.18,29.31,66.41,71.65
80.95,80.95,28.83,76.13,74.36
80.58,80.58,29.54,70.98,75.78
79.06,79.06,31.00,72.92,74.93
77.65,77.65,31.24,74.26,74.77
77.65,77.65,29.20,74.08,75.06
77.00,77.00,32.74,69.05,74.28
76.55,76.55,33.41,69.95,75.01
75.58,75.58,30.32,71.16,72.82
74.59,74.59,30.01,67.50,73.38
73.99,73.99,32.98,66.65,72.77
75.50,75.50,31.70,65.98,74.51
77.85,77.85,29.93,68.17,72.57
78.75,78.75,30.05,63.14,73.43
78.48,78.48,27.20,62.16,75.58
78.89,78.89,23.90,63.74,72.83
79.78,79.78,23.79,67.12,71.13
79.37,79.37,24.32,72.51,75.92
79.88,79.88,24.56,73.97,74.11
78.96,78.96,24.66,73.92,73.35
80.69,80.69,24.26,75.99,74.33
80.59,80.59,23.51,73.58,73.42
79.56,79.56,26.26,71.92,72.40
76.58,76.58,26.51,70.45,70.91
83.78,83.78,25.67,71.34,71.23
81.37,81.37,26.64,70.52,71.14
84.01,84.01,26.24,67.22,70.43
87.22,87.22,26.94,65.29,69.68
87.04,87.04,27.69,65.39,70.76
85.44,85.44,28.34,62.81,70.99
87.05,87.05,25.24,62.54,69.55
85.72,85.72,25.95,64.76,69.13
84.98,84.98,24.12,64.85,68.78
81.14,81.14,24.17,73.28,71.52
74.10,74.10,24.17,71.39,73.83
77.87,77.87,26.38,73.63,73.71
80.33,80.33,24.07,70.81,72.22
79.77,79.77,24.51,70.43,73.64
78.60,78.60,26.60,67.58,74.00
78.07,78.07,23.32,67.13,73.24
76.95,76.95,26.00,64.86,74.75
79.42,79.42,29.09,65.04,71.39
79.13,79.13,26.93,63.95,74.05
80.97,80.97,27.81,64.64,74.67
79.94,79.94,26.97,61.39,72.42
83.26,83.26,28.02,58.35,72.13
83.50,83.50,27.23,57.99,74.55
79.55,79.55,28.51,62.87,74.72
79.75,79.75,26.05,66.32,73.00
78.76,78.76,26.15,71.62,77.28
78.96,78.96,26.88,73.64,75.53
80.92,80.92,30.24,74.11,74.52
80.50,80.50,30.42,73.45,76.19
81.76,81.76,29.27,71.35,76.64
80.33,80.33,30.51,71.76,75.96
81.01,81.01,31.41,67.66,74.15
81.39,81.39,30.92,67.72,73.35
81.21,81.21,33.30,63.50,76.59
80.56,80.56,32.63,62.32,72.06
75.82,75.82,27.21,63.83,71.80
73.58,73.58,27.02,64.68,73.36
73.02,73.02,23.31,61.37,71.10
72.30,72.30,26.08,60.12,70.14
73.21,73.21,31.73,58.12,67.97
70.18,70.18,37.20,66.70,74.24
72.44,72.44,32.43,70.41,74.29
67.88,67.88,24.05,75.65,75.07
73.45,73.45,20.88,69.50,76.66
74.38,74.38,18.99,73.11,76.36
73.57,73.57,20.04,71.46,75.38
75.09,75.09,25.87,69.12,73.89
71.54,71.54,26.60,68.94,72.17
76.17,76.17,23.80,70.84,73.17
73.35,73.35,24.20,68.07,72.37
77.81,77.81,20.98,61.43,72.84
76.06,76.06,20.57,61.99,72.62
74.82,74.82,19.25,62.66,72.26
75.35,75.35,21.72,64.30,69.21
73.50,73.50,23.63,59.03,71.33
72.78,72.78,24.68,62.67,70.76
72.65,72.65,21.57,67.51,69.37
74.32,74.32,23.62,80.18,70.74
81.28,81.28,25.80,74.57,69.73
78.42,78.42,26.36,74.23,68.80
78.10,78.10,27.41,75.43,69.81
76.85,76.85,26.86,74.90,68.20
76.54,76.54,27.80,71.09,68.95
76.40,76.40,28.66,72.44,67.29
79.30,79.30,28.67,73.30,72.51
74.37,74.37,33.62,70.74,72.97
75.59,75.59,32.32,70.90,71.85
76.51,76.51,30.32,67.18,70.44
77.72,77.72,29.89,69.05,68.98
75.01,75.01,29.64,63.74,69.66
79.02,79.02,31.57,65.40,66.16
77.31,77.31,30.70,65.97,67.85
74.87,74.87,32.80,70.39,69.96
76.48,76.48,33.23,76.13,72.84
75.88,75.88,28.49,74.50,73.96
74.11,74.11,28.57,77.09,72.21
74.77,74.77,29.82,77.55,71.65
74.48,74.48,30.42,74.47,75.23
76.87,76.87,31.51,74.73,70.31
75.53,75.53,30.63,74.69,71.39
75.05,75.05,29.03,73.38,71.63
78.93,78.93,30.00,69.95,74.48
80.90,80.90,29.64,65.44,71.82
80.61,80.61,28.27,68.09,70.18
78.43,78.43,30.90,61.97,71.55
78.58,78.58,32.97,58.69,70.16
79.53,79.53,30.43,67.10,67.66
80.45,80.45,29.96,65.72,69.91
78.44,78.44,30.43,74.72,73.57
78.37,78.37,30.39,76.73,75.46
79.93,79.93,31.44,73.01,75.31
79.91,79.91,31.48,74.12,71.27
78.06,78.06,31.51,74.04,69.67
80.69,80.69,32.98,71.98,73.19
79.20,79.20,32.53,69.25,70.70
75.94,75.94,30.45,69.84,66.12
75.59,75.59,29.80,63.73,70.42
76.43,76.43,29.93,69.28,68.73
77.03,77.03,29.91,65.48,69.04
78.18,78.18,29.58,65.33,70.48
77.15,77.15,28.24,61.80,67.57
76.64,76.64,28.83,64.48,66.34
74.32,74.32,28.31,62.33,67.38
71.97,71.97,28.29,66.00,67.27
75.37,75.37,27.86,72.28,71.38
80.50,80.50,26.85,80.42,76.41
78.15,78.15,25.34,77.82,74.23
72.48,72.48,24.87,76.95,73.32
73.39,73.39,27.35,76.95,73.45
78.77,78.77,28.95,75.13,74.35
80.52,80.52,30.22,75.18,75.99
79.21,79.21,30.03,71.34,76.08
80.34,80.34,29.20,73.17,76.36
78.19,78.19,29.85,69.65,75.59
76.96,76.96,28.78,71.02,72.31
79.69,79.69,27.44,66.81,72.36
78.88,78.88,27.66,68.63,75.04
80.42,80.42,26.87,64.18,73.76
78.51,78.51,26.51,65.37,76.46
79.95,79.95,27.07,62.92,74.76
78.72,78.72,25.94,67.59,77.79
76.47,76.47,24.82,73.42,74.75
76.03,76.03,25.89,75.39,74.93
76.39,76.39,25.75,74.44,75.45
77.82,77.82,25.47,72.54,75.01
77.07,77.07,24.48,73.14,77.05
79.61,79.61,23.96,70.22,74.96
80.12,80.12,23.11,69.49,75.45
79.79,79.79,23.25,69.98,76.81
78.79,78.79,25.08,67.17,74.86
78.52,78.52,24.05,61.83,73.93
81.27,81.27,21.88,61.52,74.09
80.69,80.69,26.90,62.56,74.47
80.94,80.94,27.91,62.05,75.17
79.72,79.72,25.60,59.91,75.94
79.75,79.75,24.72,65.06,75.24
81.73,81.73,31.43,75.63,76.29
74.99,74.99,41.50,76.55,78.95
74.80,74.80,37.87,72.22,77.70
78.61,78.61,33.71,72.16,77.08
76.21,76.21,28.49,74.97,77.54
72.27,72.27,29.76,73.66,77.62
72.46,72.46,27.31,72.92,77.98
76.51,76.51,27.37,73.23,76.73
77.26,77.26,26.24,74.56,76.49
73.27,73.27,26.94,70.76,71.98
72.43,72.43,27.62,70.43,73.73
74.02,74.02,28.77,70.09,71.80
71.82,71.82,28.08,70.95,73.26
75.61,75.61,26.13,68.54,74.77
74.54,74.54,26.07,68.78,74.15
72.03,72.03,27.78,69.44,71.22
71.22,71.22,31.50,75.50,74.06
71.53,71.53,31.05,77.75,72.67
73.55,73.55,30.68,78.32,71.52
75.15,75.15,30.53,79.58,72.01
74.59,74.59,30.44,78.37,71.80
70.91,70.91,30.96,76.59,72.02
69.63,69.63,32.66,73.74,71.07
74.30,74.30,30.27,76.14,72.30
74.59,74.59,30.40,73.44,71.69
72.49,72.49,30.52,73.37,73.00
73.22,73.22,29.85,71.30,72.60
69.36,69.36,29.50,69.53,69.46
70.78,70.78,30.38,70.21,70.29
73.22,73.22,31.57,69.35,72.53
73.92,73.92,31.72,67.93,71.28
73.37,73.37,36.08,68.27,72.03
76.19,76.19,37.30,73.07,76.14
79.88,79.88,35.56,78.48,78.98
79.42,79.42,32.05,74.19,78.27
76.34,76.34,33.60,74.69,78.06
79.33,79.33,31.40,74.84,77.28
79.45,79.45,33.02,74.63,77.00
77.72,77.72,32.34,70.99,77.80
79.80,79.80,32.63,70.05,76.08
73.14,73.14,35.55,69.93,73.66
74.32,74.32,34.33,70.82,72.54
75.24,75.24,35.07,66.31,71.40
78.13,78.13,37.42,65.18,71.33
77.27,77.27,36.43,66.30,70.82
72.58,72.58,35.49,66.02,69.53
78.56,78.56,34.08,65.53,68.80
80.91,80.91,34.79,69.32,69.10
79.95,79.95,34.48,71.15,75.08
78.68,78.68,34.59,77.46,75.39
79.63,79.63,37.22,75.06,75.66
80.35,80.35,38.15,76.37,73.50
81.54,81.54,38.81,77.52,73.32
82.94,82.94,36.10,76.42,71.39
84.11,84.11,37.07,73.83,70.87
82.28,82.28,37.19,73.56,70.51
82.32,82.32,35.20,74.51,70.16
76.19,76.19,34.87,71.79,67.54
77.55,77.55,32.86,71.69,69.37
79.40,79.40,36.47,68.29,70.09
81.36,81.36,34.53,70.94,67.91
79.80,79.80,35.72,65.11,65.56
76.86,76.86,37.33,70.26,67.80
75.50,75.50,36.83,70.82,67.70
80.82,80.82,34.41,82.50,73.34
80.65,80.65,34.13,75.73,75.23
78.22,78.22,37.58,76.88,76.22
78.06,78.06,37.92,76.47,76.66
76.80,76.80,38.26,76.40,76.49
76.25,76.25,39.96,75.28,77.40
77.13,77.13,40.74,75.19,76.50
77.69,77.69,40.29,75.45,75.40
77.67,77.67,42.80,73.45,75.95
79.03,79.03,42.95,71.46,74.81
80.19,80.19,43.92,69.39,75.34
79.74,79.74,42.71,70.77,75.23
80.39,80.39,44.37,68.06,76.18
80.58,80.58,43.60,68.91,74.56
81.54,81.54,43.16,66.55,74.27
81.48,81.48,43.11,71.57,72.98
81.75,81.75,43.23,73.72,77.16
82.81,82.81,42.22,75.43,78.93
82.48,82.48,40.11,73.16,77.49
82.26,82.26,42.67,75.77,77.87
81.37,81.37,44.19,77.64,77.76
79.83,79.83,43.58,71.96,76.60
79.37,79.37,42.28,69.37,75.54
78.32,78.32,41.91,70.67,75.83
77.60,77.60,44.21,66.95,74.22
78.11,78.11,44.55,63.24,74.01
75.88,75.88,45.05,63.60,74.77
74.94,74.94,44.84,64.76,74.35
74.40,74.40,43.66,64.26,74.32
72.02,72.02,44.29,61.58,75.36
71.92,71.92,43.89,65.16,73.67
74.11,74.11,43.31,71.06,76.53
74.81,74.81,42.24,77.02,80.63
76.72,76.72,42.93,76.23,79.16
75.59,75.59,41.23,75.91,80.84
77.82,77.82,41.22,75.33,76.54
75.72,75.72,43.40,73.84,78.97
78.30,78.30,41.08,74.01,75.62
79.39,79.39,42.07,72.22,74.37
79.19,79.19,40.96,70.80,73.51
79.68,79.68,39.53,72.26,75.80
81.60,81.60,40.24,69.64,72.73
82.24,82.24,40.53,68.18,71.63
82.94,82.94,40.27,66.26,73.26
82.09,82.09,39.37,67.24,72.49
80.77,80.77,36.28,64.58,71.34
79.57,79.57,35.16,66.59,72.67
80.45,80.45,37.19,67.71,70.15
82.11,82.11,38.96,74.02,70.10
82.67,82.67,37.89,76.89,69.29
82.15,82.15,37.16,75.59,72.59
81.01,81.01,37.53,76.63,71.36
81.13,81.13,37.36,75.65,73.10
80.80,80.80,37.27,74.35,71.17
80.92,80.92,36.86,73.83,70.73
82.43,82.43,37.62,71.51,72.23
81.06,81.06,37.26,71.49,72.21
78.07,78.07,36.91,71.24,72.48
77.76,77.76,36.97,64.29,72.91
81.34,81.34,37.94,64.29,73.32
83.21,83.21,36.32,63.98,73.27
82.32,82.32,38.26,64.42,75.81
82.74,82.74,39.98,60.18,74.16
82.49,82.49,38.89,71.90,75.72
83.41,83.41,38.16,79.46,80.57
80.66,80.66,41.48,74.07,80.97
77.98,77.98,39.56,73.02,79.81
77.63,77.63,38.91,75.12,79.76
77.84,77.84,37.23,76.69,79.33
79.45,79.45,39.60,72.73,78.48
80.13,80.13,37.79,73.69,78.12
79.11,79.11,39.46,75.38,77.19
82.05,82.05,38.86,75.14,76.88
81.46,81.46,39.11,72.65,75.97
81.46,81.46,41.06,71.59,75.71
82.12,82.12,40.73,70.62,76.44
81.48,81.48,39.61,73.25,75.99
80.89,80.89,42.93,72.05,75.30
77.65,77.65,49.37,70.83,72.54
79.52,79.52,58.72,77.16,76.59
77.96,77.96,62.90,84.10,78.51
75.05,75.05,53.83,80.42,79.85
79.01,79.01,53.82,79.76,77.34
80.81,80.81,51.46,81.27,73.70
80.38,80.38,44.48,81.83,75.80
78.32,78.32,47.09,79.42,72.99
76.58,76.58,42.87,79.38,71.92
75.92,75.92,41.40,79.52,72.51
77.49,77.49,42.78,78.16,72.00
77.10,77.10,43.79,76.56,72.93
76.98,76.98,41.36,73.16,73.39
77.20,77.20,47.30,73.55,74.03
77.34,77.34,45.85,71.96,75.16
77.07,77.07,42.61,73.88,73.18
77.20,77.20,46.78,70.49,71.18
79.57,79.57,43.93,72.62,74.61
75.69,75.69,50.49,78.68,75.24
80.10,80.10,47.02,81.38,74.34
81.42,81.42,42.04,80.05,73.56
79.84,79.84,37.11,78.27,72.24
79.44,79.44,34.25,75.26,73.10
75.75,75.75,37.20,74.36,75.72
79.70,79.70,37.59,76.01,73.75
75.80,75.80,38.52,70.97,72.08
80.72,80.72,37.21,70.13,72.57
76.35,76.35,38.26,68.53,74.65
78.24,78.24,39.81,69.67,72.00
80.85,80.85,41.20,67.19,72.89
84.41,84.41,42.21,66.41,72.70
84.54,84.54,41.18,67.36,73.33
82.46,82.46,40.00,65.22,73.53
84.59,84.59,39.50,67.71,76.09
77.22,77.22,37.18,82.46,78.62
81.46,81.46,38.31,78.42,79.55
79.16,79.16,35.82,74.17,77.05
77.30,77.30,37.98,75.46,77.70
79.48,79.48,39.82,76.59,76.08
85.74,85.74,38.05,74.38,76.21
85.28,85.28,37.03,71.18,77.20
82.28,82.28,38.92,71.52,75.63
82.94,82.94,40.30,75.46,75.07
79.25,79.25,41.93,70.75,76.18
80.37,80.37,41.87,69.58,75.61
81.97,81.97,43.37,71.72,74.38
79.91,79.91,47.32,72.46,73.86
82.87,82.87,53.55,63.74,70.88
82.66,82.66,54.57,50.78,64.02
83.06,83.06,65.00,50.27,61.15
81.48,81.48,66.86,47.12,61.36
82.17,82.17,66.72,43.04,61.20
84.20,84.20,63.18,44.61,64.67
84.22,84.22,57.02,44.00,63.71
84.72,84.72,59.43,42.40,63.67
86.18,86.18,59.41,44.72,63.29
87.80,87.80,59.90,44.75,64.90
86.40,86.40,66.91,37.95,61.64
86.46,86.46,66.98,38.28,60.45
87.65,87.65,66.84,34.92,58.72
89.23,89.23,65.46,32.68,60.08
87.38,87.38,66.64,36.24,59.69
87.39,87.39,65.15,40.55,60.34
87.15,87.15,62.96,40.52,59.45
86.88,86.88,58.83,37.83,59.47
86.18,86.18,68.10,27.80,65.41
85.70,85.70,69.93,23.93,65.25
87.69,87.69,68.66,18.02,68.52
85.81,85.81,71.67,19.52,67.64
86.86,86.86,67.81,17.67,67.47
86.37,86.37,63.48,24.29,69.32
85.44,85.44,62.72,28.98,68.11
86.26,86.26,62.27,29.46,67.37
84.67,84.67,68.12,22.48,65.49
84.98,84.98,69.46,9.68,66.93
84.88,84.88,69.33,16.66,67.27
84.46,84.46,69.11,16.69,68.05
86.37,86.37,63.49,24.82,69.84
86.50,86.50,55.94,27.08,70.85
84.65,84.65,55.49,26.96,69.35
86.72,86.72,58.07,20.00,71.07
86.22,86.22,69.86,21.61,70.49
87.56,87.56,72.78,25.91,69.28
85.77,85.77,71.62,24.76,67.25
87.60,87.60,65.95,26.42,72.73
86.19,86.19,66.79,28.21,73.04
86.60,86.60,67.97,33.83,71.82
87.35,87.35,68.28,24.52,73.29
86.86,86.86,68.49,26.77,72.39
85.45,85.45,74.29,29.06,69.73
85.43,85.43,73.52,25.26,69.70
85.28,85.28,71.73,29.83,68.24
84.70,84.70,74.37,26.23,68.61
85.01,85.01,74.45,25.62,69.73
84.79,84.79,72.53,20.02,69.19
83.32,83.32,68.92,24.24,68.73
84.22,84.22,67.94,25.86,68.19
81.61,81.61,74.47,21.89,67.31
80.44,80.44,74.30,20.56,65.45
81.68,81.68,76.30,28.85,65.95
81.49,81.49,76.49,32.04,64.75
81.76,81.76,73.95,30.06,65.14
81.21,81.21,71.43,24.37,66.11
78.83,78.83,62.24,23.43,63.52
79.70,79.70,69.86,26.53,62.24
80.54,80.54,77.72,33.36,63.13
81.07,81.07,77.98,28.57,62.96
80.87,80.87,76.23,25.02,62.54
80.62,80.62,75.40,23.81,64.67
82.29,82.29,70.35,24.81,65.46
83.60,83.60,71.61,26.00,68.39
84.91,84.91,70.57,26.40,68.52
85.42,85.42,69.09,28.81,68.19
86.93,86.93,76.71,21.11,66.54
87.13,87.13,76.52,22.91,72.10
87.07,87.07,76.97,31.06,74.69
86.06,86.06,75.02,37.64,73.02
85.85,85.85,75.96,33.87,74.99
85.02,85.02,75.26,23.49,75.60
83.27,83.27,74.81,36.07,77.27
83.96,83.96,77.22,45.02,77.72
82.17,82.17,76.89,44.35,76.23
82.35,82.35,75.58,45.03,73.98
80.95,80.95,78.45,47.89,68.80
79.78,79.78,77.74,50.27,68.57
79.87,79.87,77.20,47.17,67.42
80.99,80.99,77.90,43.96,66.86
80.64,80.64,80.07,49.22,66.89
80.72,80.72,81.47,48.67,66.08
81.92,81.92,79.24,44.98,67.58
82.31,82.31,79.32,49.55,68.56
82.02,82.02,81.83,51.13,67.03
80.22,80.22,82.66,45.27,67.00
80.83,80.83,81.90,45.45,65.18
80.58,80.58,81.26,52.26,66.98
79.88,79.88,82.87,48.50,66.78
79.83,79.83,82.29,49.04,67.58
80.71,80.71,83.35,53.67,71.52
79.23,79.23,83.66,51.56,72.19
80.41,80.41,82.23,53.35,69.08
81.13,81.13,81.44,54.34,71.30
81.50,81.50,83.89,56.07,71.26
80.71,80.71,84.17,57.48,70.34
82.10,82.10,81.14,61.05,70.74
84.10,84.10,80.33,61.50,68.45
84.62,84.62,82.89,74.94,67.06
79.15,79.15,83.60,73.73,66.20
82.60,82.60,79.01,73.63,66.29
84.43,84.43,79.77,73.56,69.23
80.82,80.82,82.09,79.88,67.83
80.06,80.06,82.09,78.75,64.96
84.41,84.41,78.92,79.71,66.06
86.55,86.55,76.82,77.58,64.56
87.82,87.82,81.61,81.99,63.87
87.87,87.87,81.87,81.33,60.05
88.18,88.18,77.85,80.91,60.84
87.94,87.94,78.69,81.34,62.71
87.60,87.60,82.97,82.75,60.98
84.67,84.67,82.19,83.91,63.69
82.20,82.20,79.90,83.14,60.49
78.79,78.79,79.62,84.72,66.12
78.59,78.59,81.00,84.18,68.59
80.20,80.20,81.66,85.46,69.77
80.41,80.41,79.21,84.08,67.47
81.17,81.17,82.96,85.66,69.82
84.39,84.39,82.87,83.71,69.54
79.27,79.27,84.10,84.10,72.51
78.89,78.89,84.00,81.28,69.88
78.90,78.90,84.05,81.70,69.66
80.25,80.25,82.02,83.27,71.78
82.22,82.22,80.50,85.25,72.34
82.64,82.64,79.91,85.03,72.43
84.15,84.15,78.80,83.21,72.63
86.88,86.88,75.88,84.84,70.95
85.42,85.42,73.74,86.71,68.93
82.31,82.31,74.27,82.76,64.76
77.77,77.77,82.19,78.97,57.43
70.35,70.35,84.42,89.06,49.10
66.21,66.21,77.22,88.60,52.29
67.32,67.32,69.32,81.43,53.38
69.58,69.58,65.46,77.58,57.23
72.24,72.24,64.47,79.20,63.60
74.74,74.74,68.08,87.17,68.42
76.39,76.39,68.92,89.47,70.35
75.77,75.77,63.02,89.65,73.71
77.22,77.22,60.91,89.33,74.56
76.84,76.84,60.09,88.90,71.89
80.14,80.14,60.29,88.08,73.73
80.82,80.82,57.52,86.51,73.33
79.31,79.31,59.69,87.52,72.98
80.48,80.48,57.47,86.95,74.38
82.45,82.45,60.53,86.73,73.83
82.92,82.92,60.17,85.60,74.41
82.99,82.99,61.80,83.06,74.13
84.90,84.90,56.64,84.53,74.64
83.57,83.57,56.70,86.27,73.69
81.93,81.93,57.12,87.16,73.28
81.09,81.09,57.00,87.37,71.21
80.02,80.02,57.38,87.06,71.88
81.42,81.42,57.19,87.33,72.71
82.74,82.74,55.46,87.54,74.23
82.06,82.06,54.50,87.95,73.43
79.50,79.50,56.40,89.17,73.27
80.36,80.36,57.25,89.42,71.97
79.68,79.68,56.92,88.34,73.01
79.69,79.69,58.65,89.56,71.01
78.35,78.35,58.61,89.47,70.49
79.05,79.05,60.80,89.79,71.68
78.91,78.91,63.37,89.88,74.66
79.37,79.37,62.54,89.70,71.95
80.12,80.12,59.16,88.60,73.07
80.46,80.46,59.38,90.18,75.01
80.34,80.34,55.55,89.78,74.21
81.43,81.43,54.58,89.54,76.07
82.75,82.75,53.04,89.49,76.56
82.61,82.61,51.22,89.04,75.64
82.27,82.27,49.02,87.72,75.69
81.91,81.91,51.59,89.15,74.15
82.39,82.39,53.80,89.63,73.97
81.44,81.44,54.38,89.09,73.97
80.67,80.67,53.27,88.27,72.24
81.66,81.66,49.99,87.46,73.17
82.63,82.63,51.77,86.18,73.65
80.69,80.69,53.93,86.97,71.62
79.62,79.62,59.50,87.05,73.43
77.75,77.75,75.67,86.33,74.01
78.52,78.52,73.62,84.48,73.53
77.84,77.84,73.40,81.46,73.25
78.32,78.32,72.15,84.23,74.66
77.25,77.25,70.89,84.85,73.25
76.11,76.11,70.08,84.53,72.94
76.89,76.89,69.71,83.84,74.74
78.67,78.67,69.28,84.58,73.56
79.01,79.01,67.65,82.31,75.86
79.44,79.44,65.33,82.50,73.45
80.42,80.42,64.85,84.85,74.54
81.53,81.53,64.65,85.65,73.94
82.09,82.09,66.32,85.70,75.36
81.17,81.17,66.51,85.31,75.75
81.50,81.50,67.62,84.88,71.13
81.41,81.41,82.93,82.38,72.03
81.28,81.28,81.64,85.59,70.80
82.79,82.79,76.16,85.83,72.81
82.10,82.10,70.77,87.28,71.48
82.78,82.78,66.70,85.90,70.88
82.62,82.62,64.37,84.44,69.49
82.51,82.51,62.30,84.57,69.84
81.58,81.58,61.83,85.25,71.53
80.83,80.83,59.08,86.14,72.83
81.22,81.22,59.14,86.26,72.27
81.06,81.06,59.96,85.61,72.15
81.80,81.80,61.21,85.31,73.01
83.61,83.61,61.77,85.32,71.93
82.34,82.34,60.90,85.81,71.76
82.19,82.19,61.38,85.53,69.01
82.57,82.57,61.26,86.16,70.51
81.36,81.36,64.78,86.13,73.67
82.17,82.17,65.77,84.62,73.94
82.09,82.09,61.93,84.85,72.91
81.14,81.14,59.16,84.55,71.71
81.32,81.32,56.98,85.08,70.78
80.88,80.88,58.43,85.87,69.70
82.13,82.13,57.48,85.02,72.32
82.00,82.00,57.44,83.85,73.43
79.97,79.97,58.41,84.68,72.64
79.90,79.90,56.18,85.59,70.22
80.70,80.70,56.85,85.26,71.13
80.26,80.26,58.57,85.82,71.16
79.75,79.75,57.58,85.23,70.53
79.39,79.39,59.64,84.28,71.05
79.91,79.91,67.60,83.13,70.94
80.74,80.74,74.44,81.69,71.84
71.16,71.16,89.74,83.10,67.43
60.50,60.50,88.94,82.53,58.55
61.05,61.05,85.05,82.81,59.68
60.46,60.46,80.15,76.48,63.26
62.99,62.99,72.07,68.65,65.53
64.28,64.28,75.18,82.88,67.16
66.24,66.24,76.42,88.82,71.20
67.86,67.86,66.84,88.27,74.62
69.27,69.27,65.54,89.57,74.55
70.19,70.19,57.17,89.40,77.95
70.39,70.39,52.71,88.82,80.03
69.13,69.13,48.09,87.33,81.82
67.19,67.19,48.83,85.39,83.17
65.14,65.14,51.79,86.18,83.32
63.76,63.76,53.73,86.18,84.12
63.99,63.99,55.90,86.70,84.86
66.29,66.29,63.08,86.98,83.39
66.28,66.28,62.72,86.68,82.64
64.50,64.50,55.49,86.41,82.30
64.08,64.08,50.03,87.50,82.13
63.61,63.61,48.51,88.10,83.80
63.83,63.83,47.73,88.76,82.33
64.54,64.54,46.59,88.58,80.79
66.79,66.79,46.85,88.13,82.09
65.43,65.43,47.74,89.33,81.39
63.36,63.36,46.24,89.55,81.08
63.06,63.06,43.07,89.86,79.80
65.13,65.13,42.58,90.40,76.55
67.06,67.06,44.67,90.15,76.98
68.74,68.74,45.06,89.57,76.70
71.47,71.47,50.88,90.25,75.50
73.04,73.04,59.01,90.84,77.56
82.05,82.05,67.21,90.26,75.25
86.79,86.79,66.01,89.66,76.31
81.76,81.76,65.68,89.53,76.45
83.05,83.05,65.10,89.37,77.39
82.70,82.70,64.45,89.40,78.42
83.35,83.35,62.65,89.24,76.31
84.55,84.55,62.61,89.01,75.42
85.16,85.16,64.00,88.11,74.97
81.94,81.94,65.65,87.79,79.08
83.17,83.17,64.90,88.58,82.23
80.98,80.98,62.54,89.49,81.94
82.03,82.03,61.85,88.57,81.17
80.49,80.49,62.68,87.52,79.48
80.92,80.92,65.23,87.44,78.61
81.15,81.15,70.55,85.70,75.67
77.74,77.74,81.76,85.90,76.01
63.49,63.49,90.80,79.08,67.53
56.89,56.89,90.05,77.67,62.72
57.64,57.64,85.47,81.32,64.57
60.67,60.67,75.46,70.08,63.67
60.98,60.98,70.90,73.73,65.50
64.19,64.19,73.91,84.95,67.37
67.34,67.34,69.78,89.67,69.03
69.73,69.73,65.34,89.98,70.14
73.72,73.72,57.09,89.12,71.98
72.72,72.72,48.28,87.43,72.94
76.61,76.61,44.86,86.85,74.78
77.59,77.59,45.86,87.73,76.43
79.63,79.63,51.63,86.87,73.79
80.86,80.86,59.28,86.82,71.34
79.72,79.72,68.96,86.44,70.90
73.82,73.82,81.56,81.16,70.76
65.14,65.14,89.66,83.69,64.22
60.81,60.81,88.06,83.54,63.88
58.85,58.85,82.75,84.11,62.41
61.36,61.36,73.38,72.74,64.81
66.15,66.15,65.24,74.24,64.32
71.67,71.67,68.26,86.55,66.92
75.72,75.72,62.85,90.72,69.62
76.95,76.95,55.40,90.11,71.00
78.29,78.29,50.90,88.76,70.49
77.75,77.75,48.16,87.27,69.10
78.07,78.07,48.09,88.14,70.62
81.51,81.51,49.45,87.58,74.53
82.89,82.89,49.61,86.79,76.49
79.02,79.02,49.01,86.32,74.47
79.47,79.47,47.78,85.26,69.17
81.78,81.78,53.28,83.84,69.59
79.26,79.26,67.82,85.36,68.11
79.76,79.76,72.78,86.39,68.90
79.38,79.38,70.94,86.15,68.91
80.38,80.38,68.74,84.98,70.53
80.19,80.19,67.43,86.93,69.98
77.19,77.19,66.64,88.26,71.19
76.73,76.73,65.17,89.62,70.65
74.72,74.72,65.57,90.00,68.81
72.67,72.67,62.72,89.56,69.03
70.86,70.86,60.70,87.93,68.97
69.00,69.00,58.57,89.40,68.18
70.01,70.01,58.27,90.28,69.60
71.16,71.16,61.35,90.45,70.97
71.80,71.80,67.61,90.74,71.39
67.75,67.75,70.09,89.84,67.93
68.16,68.16,77.37,88.61,64.80
71.96,71.96,82.99,89.08,65.64
75.04,75.04,80.28,90.33,65.95
79.88,79.88,75.48,90.34,68.63
82.63,82.63,72.97,90.30,70.82
79.92,79.92,70.20,89.69,71.29
82.37,82.37,70.14,88.40,70.00
79.58,79.58,67.11,89.45,69.78
79.59,79.59,65.30,90.28,72.50
80.05,80.05,62.26,89.60,70.07
80.03,80.03,63.20,88.84,73.07
82.92,82.92,62.22,88.20,72.94
82.78,82.78,60.22,87.66,67.71
75.81,75.81,56.13,89.28,68.24
79.25,79.25,57.23,89.28,68.35
78.98,78.98,56.13,87.33,67.07
81.60,81.60,59.39,84.82,65.08
82.88,82.88,67.44,85.34,66.16
83.70,83.70,64.73,84.14,63.19
79.75,79.75,61.95,85.34,64.92
81.20,81.20,60.32,86.84,68.26
82.31,82.31,59.58,84.97,68.56
83.19,83.19,58.96,84.47,66.77
80.76,80.76,60.24,84.57,65.74
81.22,81.22,58.74,83.22,68.38
83.94,83.94,57.53,83.59,64.69
83.21,83.21,57.23,84.57,65.68
85.21,85.21,56.37,86.05,66.53
81.87,81.87,53.51,83.58,66.91
81.70,81.70,55.17,83.98,69.31
80.29,80.29,57.77,83.77,69.50
79.25,79.25,59.13,84.85,68.41
78.99,78.99,64.65,86.24,65.57
79.78,79.78,65.53,85.99,65.10
81.20,81.20,63.48,84.54,67.70
83.55,83.55,60.38,84.75,66.96
83.66,83.66,58.03,85.25,68.60
81.26,81.26,56.70,84.09,66.23
85.79,85.79,54.75,86.48,69.28
84.18,84.18,54.97,85.58,70.20
81.96,81.96,55.02,85.31,69.05
81.67,81.67,55.73,84.79,66.28
81.91,81.91,54.66,83.76,64.62
80.35,80.35,53.18,85.92,66.90
77.91,77.91,49.28,85.90,65.06
77.62,77.62,46.05,85.86,66.24
75.66,75.66,44.53,85.64,63.25
75.64,75.64,46.87,85.38,64.96
74.97,74.97,54.06,83.47,67.33
75.46,75.46,64.10,87.36,68.24
76.78,76.78,60.65,84.33,68.89
78.72,78.72,57.77,86.16,67.68
77.64,77.64,55.62,85.70,66.51
76.85,76.85,55.83,81.46,68.03
76.11,76.11,55.64,80.70,69.15
75.57,75.57,58.55,79.87,67.48
75.45,75.45,61.11,81.48,72.04
75.45,75.45,62.07,83.41,72.32
72.56,72.56,58.73,80.31,70.41
73.36,73.36,54.86,79.79,70.37
70.91,70.91,54.88,79.15,69.51
70.93,70.93,56.39,79.25,70.57
69.18,69.18,65.21,80.44,70.71
70.55,70.55,71.29,85.26,66.72
61.16,61.16,88.33,79.37,69.17
56.14,56.14,93.22,80.57,62.34
59.32,59.32,88.76,80.12,57.49
65.96,65.96,86.61,77.06,61.98
67.73,67.73,80.53,74.89,64.62
71.31,71.31,82.18,75.67,64.16
74.20,74.20,79.21,88.44,62.33
79.87,79.87,67.32,88.02,64.05
82.73,82.73,63.70,91.46,67.12
81.07,81.07,60.58,89.76,67.59
82.70,82.70,56.60,90.13,69.43
82.99,82.99,57.46,90.35,69.24
80.20,80.20,55.95,90.70,66.34
79.85,79.85,55.71,89.80,67.61
82.09,82.09,56.43,89.91,68.92
82.08,82.08,57.39,90.97,69.89
78.99,78.99,63.03,90.13,71.11
81.40,81.40,64.48,89.59,70.70
85.07,85.07,59.67,89.74,69.92
85.46,85.46,59.08,90.29,70.49
86.69,86.69,56.60,88.81,70.39
86.65,86.65,55.92,86.79,66.79
82.94,82.94,57.35,87.80,68.85
83.04,83.04,56.60,89.43,67.32
80.30,80.30,55.48,87.03,64.84
79.98,79.98,55.86,86.22,69.85
81.48,81.48,58.19,87.16,68.89
77.54,77.54,58.20,87.52,69.19
82.73,82.73,56.41,83.53,70.24
79.26,79.26,57.85,84.49,68.76
78.48,78.48,59.84,87.40,70.51
76.37,76.37,61.84,86.37,68.02
78.21,78.21,67.76,85.63,66.97
78.75,78.75,64.15,86.71,69.54
79.88,79.88,58.88,88.00,68.97
76.29,76.29,52.39,86.10,71.34
74.53,74.53,49.89,85.75,70.21
75.43,75.43,50.01,85.23,71.49
73.85,73.85,49.20,88.31,70.70
74.17,74.17,48.03,85.99,68.12
72.68,72.68,48.00,86.50,69.08
69.54,69.54,47.61,87.50,70.17
70.91,70.91,45.23,89.13,70.53
73.44,73.44,45.84,87.02,69.76
68.39,68.39,46.05,87.50,68.22
69.61,69.61,46.72,89.72,68.61
69.44,69.44,49.36,86.90,68.81
69.47,69.47,52.51,87.33,73.02
69.71,69.71,63.39,87.46,76.24
70.24,70.24,77.26,89.19,77.09
70.98,70.98,75.17,88.46,77.11
70.28,70.28,73.16,88.12,76.28
70.55,70.55,72.63,88.57,73.95
69.58,69.58,71.88,89.06,73.15
71.04,71.04,70.89,88.46,69.77
72.68,72.68,70.32,87.82,70.01
73.30,73.30,68.24,89.96,70.90
73.41,73.41,67.13,88.37,74.02
73.92,73.92,66.99,88.16,73.73
71.60,71.60,65.66,88.52,70.92
73.22,73.22,64.43,89.49,69.91
72.68,72.68,65.23,88.10,68.21
73.59,73.59,67.52,87.51,66.31
73.44,73.44,71.69,88.95,68.92
71.63,71.63,84.75,86.43,66.46
76.08,76.08,81.93,86.08,68.32
80.30,80.30,76.43,86.96,69.52
80.47,80.47,72.32,88.64,68.45
80.09,80.09,67.84,87.35,65.93
79.27,79.27,66.03,87.18,64.50
78.25,78.25,63.06,88.85,63.71
78.09,78.09,61.57,87.62,63.44
77.99,77.99,61.02,87.08,66.32
80.35,80.35,60.45,87.17,65.61
81.57,81.57,57.81,88.82,66.62
81.96,81.96,56.70,86.80,67.27
82.02,82.02,54.97,85.98,64.37
82.16,82.16,51.80,87.61,65.23
82.03,82.03,54.58,87.00,65.35
82.36,82.36,58.82,85.81,65.59
79.90,79.90,64.40,85.20,66.20
80.32,80.32,66.33,86.95,66.67
79.53,79.53,63.05,85.75,63.70
79.69,79.69,59.02,85.76,62.64
79.20,79.20,57.89,87.96,64.11
79.79,79.79,56.25,86.45,68.05
78.41,78.41,52.01,85.55,65.06
76.46,76.46,50.32,85.66,64.61
77.84,77.84,49.61,87.26,66.19
79.49,79.49,51.03,86.98,64.16
79.50,79.50,49.71,85.83,66.52
81.25,81.25,47.75,86.87,65.98
78.24,78.24,49.34,85.17,63.85
76.40,76.40,59.08,85.04,62.28
74.62,74.62,66.77,84.68,64.84
72.48,72.48,73.94,83.30,65.57
66.10,66.10,92.25,82.63,62.86
59.36,59.36,92.80,78.00,58.38
61.27,61.27,87.64,76.56,59.48
61.25,61.25,83.04,74.09,62.37
61.11,61.11,81.93,76.77,63.34
60.14,60.14,83.67,83.60,65.59
60.49,60.49,77.76,87.53,68.08
64.81,64.81,63.08,90.65,71.23
63.85,63.85,61.49,89.17,69.87
64.38,64.38,50.41,89.68,72.80
66.93,66.93,44.85,90.44,73.72
65.71,65.71,46.44,91.94,73.72
64.73,64.73,43.15,89.98,72.67
65.05,65.05,43.44,90.16,70.65
65.20,65.20,47.13,89.98,71.90
68.33,68.33,52.31,90.60,71.45
68.43,68.43,64.79,89.08,71.20
73.36,73.36,60.45,88.73,71.13
77.24,77.24,51.37,91.21,71.20
71.76,71.76,44.72,88.93,71.62
69.29,69.29,42.14,88.96,71.20
69.52,69.52,40.43,88.02,73.87
70.71,70.71,38.54,89.75,75.66
73.04,73.04,38.43,87.89,72.76
70.77,70.77,36.01,86.83,72.17
72.14,72.14,36.03,88.26,75.62
73.02,73.02,34.87,87.63,74.02
71.90,71.90,45.40,84.70,71.76
72.65,72.65,46.45,83.28,69.96
74.47,74.47,46.39,85.17,70.04
74.77,74.77,54.68,88.12,66.47
77.32,77.32,61.13,84.34,64.83
80.58,80.58,68.97,85.96,65.26
80.40,80.40,70.29,87.50,67.13
80.31,80.31,69.16,86.26,68.76
81.69,81.69,68.07,85.85,68.06
81.28,81.28,67.49,87.23,65.19
81.48,81.48,65.77,88.33,63.44
83.96,83.96,66.56,86.37,64.37
83.53,83.53,66.02,86.74,64.61
81.80,81.80,67.45,87.24,64.59
80.21,80.21,64.07,89.55,66.56
78.83,78.83,61.45,86.29,65.25
76.90,76.90,57.80,87.01,62.81
76.92,76.92,56.28,88.33,60.53
75.26,75.26,62.08,88.01,61.60
74.18,74.18,69.85,87.42,61.85
72.02,72.02,80.11,84.81,63.53
59.39,59.39,92.14,80.63,61.37
57.12,57.12,91.31,78.27,59.05
57.88,57.88,85.84,72.87,61.81
60.68,60.68,82.04,75.03,61.29
66.97,66.97,82.63,75.51,62.98
69.76,69.76,81.83,88.52,64.38
73.40,73.40,72.13,87.43,63.45
78.22,78.22,62.60,89.51,64.72
79.52,79.52,61.33,90.26,65.50
79.28,79.28,53.13,91.38,65.09
81.23,81.23,50.19,89.80,65.69
79.03,79.03,51.69,90.09,71.38
80.30,80.30,54.13,91.56,71.87
77.01,77.01,64.83,90.29,67.55
74.35,74.35,70.29,89.15,67.50
69.91,69.91,85.13,84.71,66.33
60.61,60.61,92.34,77.17,59.52
56.86,56.86,92.05,73.16,61.29
57.12,57.12,84.85,69.79,64.00
59.51,59.51,82.93,74.41,66.40
61.50,61.50,82.65,74.65,65.08
66.17,66.17,82.16,87.87,68.85
71.44,71.44,71.00,86.90,70.54
78.29,78.29,61.63,89.32,73.18
81.07,81.07,65.18,90.38,75.80
82.34,82.34,53.42,91.45,75.87
77.92,77.92,46.18,89.94,74.90
79.23,79.23,49.05,90.30,71.85
79.99,79.99,47.69,90.58,69.69
76.88,76.88,49.22,90.56,71.94
73.25,73.25,53.12,89.61,70.55
74.17,74.17,57.40,89.69,69.61
76.62,76.62,72.89,90.31,70.70
77.15,77.15,73.83,89.49,66.60
77.64,77.64,71.90,88.73,66.98
76.40,76.40,70.86,88.64,67.69
75.10,75.10,69.54,90.64,68.05
75.32,75.32,68.72,87.53,69.40
74.25,74.25,67.90,86.72,68.01
76.69,76.69,69.18,86.72,68.12
73.68,73.68,66.65,88.31,66.58
74.78,74.78,65.05,84.82,69.20
74.37,74.37,65.12,86.60,69.18
72.28,72.28,63.91,87.36,68.51
70.68,70.68,64.56,85.67,70.56
65.14,65.14,65.80,87.26,68.20
64.49,64.49,67.67,85.87,63.89
68.89,68.89,79.23,85.33,63.74
72.49,72.49,83.62,84.98,63.05
79.00,79.00,78.90,85.16,65.54
82.96,82.96,74.09,85.59,63.92
83.55,83.55,73.12,88.40,63.52
79.29,79.29,71.95,85.73,64.44
78.51,78.51,70.98,85.80,63.34
83.68,83.68,70.60,86.24,66.41
82.74,82.74,69.97,88.14,65.18
76.63,76.63,67.05,84.24,65.98
74.30,74.30,65.31,86.73,63.37
72.91,72.91,62.58,87.94,65.23
70.92,70.92,60.84,88.10,66.50
68.12,68.12,59.27,86.88,66.33
66.10,66.10,58.14,87.73,67.37
67.22,67.22,55.75,89.01,68.10
68.67,68.67,58.22,87.47,68.90
73.84,73.84,67.68,88.34,66.16
76.10,76.10,61.45,88.36,67.00
75.79,75.79,57.74,88.75,64.64
75.64,75.64,54.36,87.69,65.63
75.65,75.65,55.19,87.69,69.26
74.22,74.22,55.08,89.65,69.88
74.35,74.35,54.46,88.63,69.36
76.80,76.80,53.62,88.20,69.23
76.15,76.15,53.32,88.75,68.44
75.07,75.07,53.47,88.39,67.81
74.33,74.33,52.58,87.05,70.10
73.51,73.51,51.10,87.65,70.07
75.35,75.35,51.29,89.04,69.68
67.75,67.75,51.91,88.18,66.10
72.99,72.99,51.29,88.28,67.25
78.12,78.12,64.23,88.11,63.15
80.66,80.66,63.28,89.74,66.41
79.45,79.45,55.68,87.90,65.79
77.90,77.90,49.11,87.74,67.36
79.62,79.62,45.81,88.14,66.71
78.28,78.28,43.19,87.59,67.43
82.30,82.30,43.24,86.84,67.01
80.15,80.15,47.42,85.54,69.86
80.68,80.68,45.59,87.36,72.47
79.98,79.98,45.18,86.84,73.97
80.73,80.73,47.36,86.51,69.87
81.22,81.22,46.88,88.34,76.20
80.48,80.48,44.44,87.52,74.14
81.14,81.14,43.05,86.95,74.49
76.66,76.66,43.96,85.96,72.72
76.33,76.33,48.77,87.54,72.77
76.96,76.96,57.70,86.29,70.86
77.63,77.63,64.23,85.46,72.19
78.95,78.95,56.63,84.27,69.88
77.07,77.07,50.66,84.18,67.90
75.65,75.65,45.73,85.61,65.68
77.02,77.02,41.73,85.53,67.45
77.81,77.81,44.19,85.57,67.17
78.75,78.75,47.30,85.05,67.41
79.28,79.28,51.61,85.13,67.15
80.29,80.29,53.22,84.71,65.51
81.31,81.31,43.21,84.51,67.54
82.59,82.59,40.05,84.65,65.71
82.42,82.42,46.79,83.54,65.96
82.44,82.44,57.55,82.94,65.28
81.49,81.49,66.81,81.94,65.33
78.17,78.17,71.80,79.99,63.91
69.71,69.71,92.28,74.06,65.50
62.52,62.52,91.26,73.89,59.15
63.75,63.75,89.38,69.73,59.20
65.28,65.28,85.28,67.26,61.42
67.03,67.03,82.59,71.03,62.89
71.70,71.70,80.09,72.85,64.76
71.31,71.31,81.05,79.53,67.52
75.15,75.15,75.05,89.71,66.50
76.30,76.30,63.69,90.79,66.07
79.58,79.58,60.14,88.79,67.66
79.80,79.80,56.76,90.51,66.90
84.78,84.78,54.42,87.72,71.21
83.38,83.38,50.08,90.32,68.70
83.76,83.76,46.27,88.10,67.47
81.69,81.69,47.77,89.73,67.03
81.75,81.75,50.88,88.76,68.27
78.92,78.92,59.80,89.57,66.44
77.21,77.21,66.01,89.30,67.45
76.24,76.24,65.02,87.51,68.64
76.74,76.74,64.32,89.37,71.47
72.29,72.29,60.46,86.62,75.86
73.60,73.60,54.87,87.98,76.82
74.34,74.34,49.33,84.35,73.96
78.37,78.37,47.36,89.88,71.28
77.01,77.01,44.48,85.45,72.88
74.44,74.44,44.70,88.13,71.05
77.23,77.23,45.70,85.97,70.85
77.42,77.42,47.12,87.39,72.50
75.03,75.03,47.77,86.30,71.96
77.00,77.00,47.99,85.62,69.81
78.39,78.39,50.75,88.11,72.88
82.26,82.26,55.10,85.04,71.96
79.03,79.03,66.05,88.53,73.05
76.49,76.49,59.53,84.43,71.90
77.05,77.05,51.54,88.08,72.67
78.08,78.08,48.75,84.31,72.87
78.46,78.46,46.68,87.33,73.11
77.34,77.34,45.73,84.54,72.61
78.79,78.79,44.49,85.68,72.73
76.89,76.89,46.05,81.90,74.19
78.99,78.99,48.92,84.52,74.19
78.03,78.03,49.68,86.09,74.64
79.02,79.02,47.48,83.89,75.26
77.08,77.08,45.03,84.72,75.52
74.71,74.71,46.42,82.97,75.04
75.90,75.90,45.82,88.60,75.44
76.43,76.43,49.54,83.01,73.41
77.79,77.79,57.21,85.90,72.53
80.36,80.36,68.59,85.23,73.04
78.74,78.74,76.07,86.34,73.36
81.52,81.52,74.43,86.03,74.00
80.78,80.78,72.00,85.43,76.15
80.16,80.16,72.14,87.17,76.55
82.75,82.75,71.24,85.68,75.37
81.82,81.82,69.87,87.69,74.03
80.59,80.59,68.72,86.06,72.56
77.54,77.54,68.69,88.39,72.72
73.94,73.94,66.82,85.92,72.15
74.90,74.90,65.96,87.41,72.10
74.20,74.20,66.65,86.91,71.42
75.84,75.84,65.09,86.81,71.69
76.54,76.54,65.91,87.37,72.16
72.64,72.64,67.69,85.39,71.00
72.34,72.34,71.30,86.93,71.05
74.72,74.72,84.50,84.75,71.94
72.78,72.78,81.10,87.37,72.69
70.70,70.70,74.69,86.45,74.02
74.80,74.80,69.11,86.99,74.74
73.20,73.20,68.00,86.37,72.93
75.82,75.82,67.92,85.91,69.57
78.67,78.67,65.38,87.07,69.37
77.41,77.41,65.98,85.89,67.44
79.04,79.04,65.36,86.35,69.10
80.13,80.13,65.81,85.64,71.54
80.55,80.55,64.63,85.57,70.12
80.24,80.24,64.14,84.69,69.11
78.06,78.06,63.19,86.16,73.63
79.07,79.07,60.83,85.43,72.48
78.32,78.32,61.75,85.56,76.20
76.91,76.91,62.62,86.58,73.42
78.17,78.17,66.68,84.97,76.44
76.04,76.04,65.76,86.31,75.12
76.23,76.23,59.99,84.76,73.33
75.32,75.32,55.10,85.84,73.85
71.36,71.36,52.29,85.61,70.89
78.13,78.13,51.17,84.60,70.51
74.72,74.72,52.38,85.75,71.02
73.54,73.54,53.76,85.39,73.41
76.94,76.94,53.37,85.41,71.92
78.52,78.52,52.95,83.56,66.90
76.17,76.17,52.44,84.14,69.61
76.31,76.31,53.82,84.33,71.15
76.73,76.73,55.87,84.62,69.38
76.39,76.39,63.26,83.82,69.02
77.30,77.30,69.18,84.88,64.40
75.08,75.08,79.46,82.59,62.42
63.56,63.56,92.58,83.40,56.80
60.41,60.41,91.86,73.48,58.37
59.29,59.29,88.76,71.78,62.89
60.70,60.70,82.77,65.37,65.32
61.60,61.60,81.51,69.72,65.69
65.53,65.53,79.75,74.03,68.76
69.11,69.11,78.72,87.52,70.22
72.15,72.15,67.42,88.93,70.52
78.78,78.78,54.53,89.88,70.47
83.01,83.01,54.39,89.54,66.40
79.62,79.62,52.94,89.51,66.03
80.38,80.38,49.37,90.81,66.59
80.26,80.26,48.84,88.00,67.84
77.42,77.42,48.13,90.49,65.78
79.11,79.11,51.93,88.28,63.99
78.93,78.93,61.55,90.20,65.23
82.10,82.10,68.27,86.47,68.53
81.49,81.49,67.93,89.10,75.33
81.76,81.76,66.49,86.19,78.56
80.87,80.87,64.63,87.21,79.08
82.17,82.17,61.52,87.85,74.78
83.34,83.34,59.66,86.47,68.05
82.22,82.22,57.65,88.15,69.61
78.74,78.74,56.77,86.52,70.32
75.97,75.97,51.70,89.63,70.07
76.07,76.07,49.68,85.84,71.59
75.53,75.53,50.55,88.79,71.72
72.23,72.23,48.52,85.34,74.90
74.07,74.07,47.94,88.60,73.76
74.09,74.09,49.81,85.73,71.24
75.25,75.25,53.81,88.03,73.13
75.87,75.87,62.24,86.70,74.87
82.63,82.63,65.27,85.77,75.80
84.88,84.88,63.36,85.48,78.45
83.89,83.89,59.18,82.43,78.38
82.17,82.17,60.64,86.02,77.84
85.49,85.49,61.99,83.06,76.42
84.17,84.17,59.91,85.80,75.45
84.86,84.86,60.14,81.25,74.83
83.22,83.22,62.31,85.45,74.45
83.17,83.17,65.67,81.17,73.85
83.40,83.40,62.16,83.59,71.05
85.04,85.04,58.68,84.31,73.88
83.95,83.95,58.53,83.95,74.86
83.29,83.29,62.83,85.64,75.14
82.16,82.16,69.30,83.51,72.51
78.83,78.83,74.83,87.80,70.39
72.65,72.65,84.66,80.63,65.62
62.33,62.33,92.52,79.86,62.22
59.68,59.68,91.78,64.35,63.55
58.89,58.89,83.15,70.10,67.10
58.92,58.92,84.73,61.09,67.66
58.48,58.48,80.17,72.79,67.95
60.62,60.62,80.39,76.50,67.83
64.98,64.98,78.16,88.48,67.19
71.18,71.18,64.97,88.93,67.69
76.39,76.39,55.79,90.58,67.44
74.63,74.63,55.57,87.95,67.23
75.01,75.01,50.42,90.83,69.21
75.86,75.86,49.98,88.32,73.36
78.02,78.02,54.72,90.04,74.54
78.75,78.75,67.36,87.85,76.58
77.56,77.56,73.58,89.95,76.49
72.44,72.44,84.16,86.33,71.65
59.66,59.66,92.91,80.91,62.37
58.48,58.48,90.03,65.46,63.60
56.95,56.95,86.46,68.85,65.26
59.41,59.41,85.08,68.04,66.96
61.85,61.85,80.13,73.36,70.40
63.50,63.50,80.75,78.08,73.11
64.37,64.37,76.20,87.30,73.53
66.06,66.06,66.44,89.79,75.19
63.23,63.23,55.99,89.41,75.42
60.70,60.70,56.59,88.31,76.49
61.14,61.14,50.80,90.57,77.85
65.56,65.56,47.29,88.93,77.77
67.45,67.45,51.01,90.33,74.96
71.95,71.95,55.35,87.43,72.25
78.58,78.58,59.57,90.03,73.00
80.36,80.36,62.84,86.96,73.06
80.06,80.06,69.33,89.12,71.44
77.77,77.77,68.94,88.20,73.53
74.34,74.34,65.31,86.74,72.79
72.53,72.53,63.01,86.64,69.02
71.93,71.93,60.66,85.55,70.91
72.87,72.87,59.31,89.09,71.07
74.03,74.03,59.28,83.96,72.73
73.16,73.16,58.87,86.77,72.04
76.25,76.25,59.26,86.16,72.85
74.43,74.43,59.91,90.08,73.54
71.62,71.62,61.29,85.64,72.30
67.50,67.50,61.66,87.11,72.02
64.73,64.73,62.27,85.47,75.13
62.88,62.88,66.24,85.40,72.61
61.00,61.00,67.76,86.76,72.12
70.76,70.76,79.67,84.05,68.98
70.89,70.89,81.51,86.66,69.27
71.24,71.24,77.87,84.28,69.35
72.37,72.37,74.29,87.19,69.96
72.56,72.56,72.70,83.33,69.96
75.99,75.99,73.76,87.47,67.56
75.34,75.34,73.54,81.72,69.04
74.39,74.39,74.16,85.06,67.21
76.19,76.19,73.26,82.51,67.90
76.98,76.98,71.58,82.86,69.76
80.99,80.99,70.45,85.44,69.60
80.24,80.24,71.33,83.41,68.05
80.09,80.09,70.42,86.47,69.75
82.79,82.79,67.00,83.86,73.63
83.48,83.48,68.98,85.95,73.99
83.27,83.27,67.19,82.43,71.59
80.73,80.73,67.72,87.52,70.68
80.43,80.43,69.46,84.31,71.72
77.63,77.63,65.73,86.13,69.77
72.80,72.80,63.51,86.16,71.55
69.88,69.88,60.58,86.77,69.72
69.13,69.13,60.08,87.56,71.50
68.18,68.18,62.45,85.80,72.29
72.90,72.90,63.39,87.81,71.39
75.92,75.92,63.06,84.89,70.79
74.65,74.65,62.46,86.34,72.72
75.65,75.65,60.87,85.68,72.85
76.40,76.40,61.93,86.74,70.95
76.44,76.44,61.12,85.18,68.85
77.03,77.03,59.65,85.95,69.11
76.91,76.91,59.37,85.90,68.96
76.98,76.98,61.05,85.69,68.53
80.08,80.08,67.98,86.82,67.45
78.61,78.61,66.77,85.01,71.53
77.97,77.97,63.56,85.87,71.46
77.44,77.44,60.71,84.60,71.87
77.88,77.88,58.78,85.42,70.65
76.62,76.62,58.01,85.61,71.81
80.62,80.62,56.41,86.21,75.63
80.30,80.30,60.12,86.82,76.76
78.96,78.96,60.90,85.74,73.27
77.91,77.91,62.75,87.19,71.51
78.43,78.43,59.60,85.22,72.17
79.08,79.08,56.03,85.95,71.31
77.69,77.69,52.19,85.95,71.85
77.16,77.16,54.18,86.93,69.30
76.54,76.54,59.96,85.99,70.71
77.97,77.97,65.74,86.61,72.94
80.20,80.20,69.32,81.58,74.57
79.12,79.12,69.60,82.51,72.16
81.93,81.93,68.07,86.60,72.63
79.56,79.56,66.51,82.50,71.27
80.51,80.51,64.31,83.45,71.79
79.96,79.96,61.98,83.44,73.73
78.72,78.72,60.67,83.63,71.91
76.27,76.27,59.23,85.74,69.88
74.92,74.92,59.90,83.86,71.93
70.87,70.87,57.51,84.25,70.36
70.44,70.44,53.15,85.44,71.52
70.65,70.65,50.87,84.13,73.42
68.25,68.25,50.15,86.34,74.09
67.32,67.32,60.15,84.21,74.64
65.96,65.96,68.20,85.06,73.54
65.94,65.94,74.15,82.89,70.97
59.67,59.67,92.19,81.07,65.80
55.55,55.55,90.54,75.58,59.51
58.88,58.88,88.24,74.22,64.27
61.73,61.73,85.02,74.32,66.06
64.74,64.74,83.10,75.84,67.12
66.09,66.09,83.05,81.25,67.44
72.37,72.37,79.77,88.99,72.28
77.71,77.71,62.27,88.35,73.39
79.64,79.64,67.00,89.11,78.30
77.95,77.95,61.64,89.29,75.60
79.35,79.35,55.65,90.78,74.38
81.58,81.58,56.38,89.14,74.84
81.10,81.10,54.58,88.62,80.09
81.07,81.07,52.11,89.35,79.57
78.28,78.28,53.84,90.96,72.04
77.93,77.93,55.17,89.52,71.47
77.22,77.22,61.71,88.77,72.33
74.16,74.16,60.60,90.13,71.64
71.98,71.98,53.22,88.65,76.16
71.04,71.04,47.63,88.42,80.46
71.35,71.35,44.25,87.89,79.40
72.34,72.34,46.46,90.14,78.59
71.48,71.48,50.38,87.97,75.77
72.33,72.33,54.98,87.43,73.09
75.00,75.00,56.82,88.16,73.40
76.06,76.06,53.59,86.28,72.25
75.23,75.23,49.12,85.34,72.37
76.53,76.53,45.09,84.92,74.22
77.44,77.44,43.18,88.72,73.25
75.00,75.00,44.56,87.06,71.19
75.59,75.59,50.02,84.85,71.87
75.29,75.29,56.94,85.08,73.91
75.21,75.21,65.96,87.93,75.32
78.75,78.75,60.75,84.76,75.45
74.78,74.78,55.12,85.13,74.83
77.20,77.20,50.28,86.04,75.00
80.37,80.37,49.21,87.13,76.18
78.75,78.75,49.18,85.83,75.28
77.81,77.81,50.10,85.61,71.86
76.64,76.64,48.11,87.41,71.88
75.20,75.20,47.84,87.43,73.54
72.90,72.90,46.83,85.39,73.35
71.45,71.45,45.74,87.54,71.71
69.55,69.55,48.42,88.04,74.96
70.25,70.25,53.54,86.59,74.02
70.79,70.79,59.12,88.02,71.68
75.76,75.76,66.83,88.02,72.51
77.57,77.57,69.03,89.33,72.24
77.94,77.94,73.01,87.66,74.10
76.17,76.17,73.47,87.84,73.35
74.66,74.66,69.95,87.98,73.27
72.70,72.70,66.20,88.54,74.11
73.16,73.16,63.42,87.40,76.18
73.41,73.41,61.26,86.59,75.57
74.03,74.03,60.41,88.60,77.36
73.44,73.44,59.59,88.39,74.57
73.56,73.56,60.21,88.34,73.51
74.59,74.59,59.68,87.87,74.76
73.21,73.21,60.06,88.63,73.72
72.60,72.60,62.46,88.34,73.14
70.83,70.83,61.94,87.06,73.44
68.66,68.66,65.29,88.30,73.60
66.93,66.93,67.19,87.73,74.04
70.08,70.08,71.73,87.56,73.48
76.13,76.13,81.99,85.73,70.24
73.05,73.05,77.82,88.81,70.15
70.83,70.83,71.84,88.10,71.42
74.15,74.15,68.42,87.20,75.08
76.31,76.31,64.07,88.33,69.47
78.40,78.40,64.21,87.05,68.59
76.98,76.98,62.46,87.56,66.94
76.45,76.45,61.24,86.67,67.40
76.87,76.87,60.86,88.15,65.88
76.04,76.04,60.83,87.44,66.58
77.92,77.92,57.81,86.88,66.26
77.94,77.94,56.31,87.92,66.95
78.69,78.69,58.70,87.95,67.97
80.47,80.47,57.18,86.82,71.14
81.84,81.84,57.88,86.11,69.33
82.86,82.86,60.30,87.78,71.38
81.51,81.51,68.20,87.54,69.91
79.33,79.33,63.79,86.03,70.02
77.57,77.57,58.49,86.60,69.86
76.29,76.29,52.80,86.19,69.39
71.25,71.25,49.31,86.78,69.10
70.72,70.72,50.37,86.02,69.13
71.33,71.33,49.20,87.19,68.26
73.81,73.81,51.62,87.04,69.06
78.28,78.28,51.79,84.24,70.01
78.64,78.64,51.91,86.19,68.68
78.36,78.36,49.77,86.14,68.13
81.13,81.13,51.01,85.76,71.20
79.67,79.67,53.64,84.82,67.18
78.09,78.09,61.66,86.22,67.77
80.17,80.17,71.04,83.41,64.40
74.81,74.81,82.98,81.11,64.21
66.45,66.45,92.03,80.45,59.14
60.74,60.74,91.46,74.86,57.57
59.77,59.77,84.92,71.52,61.51
61.70,61.70,83.20,75.44,65.21
66.60,66.60,84.01,76.85,62.39
67.69,67.69,82.92,87.95,66.28
69.11,69.11,76.00,87.82,69.10
72.98,72.98,62.40,89.35,68.94
74.07,74.07,63.33,90.49,69.24
73.82,73.82,53.95,91.38,68.87
75.68,75.68,51.89,90.12,68.58
75.59,75.59,50.87,90.38,69.75
77.18,77.18,51.41,90.87,70.61
77.51,77.51,52.75,90.90,69.29
78.05,78.05,54.94,90.80,68.78
78.93,78.93,60.03,90.13,66.85
82.09,82.09,65.03,90.40,69.11
81.81,81.81,63.90,89.27,68.76
82.55,82.55,63.80,88.43,70.20
83.21,83.21,65.31,89.39,70.78
81.10,81.10,67.09,89.95,69.12
79.71,79.71,67.29,88.70,67.60
81.92,81.92,68.12,87.57,68.93
79.66,79.66,68.17,87.72,68.39
77.78,77.78,64.55,88.60,67.07
76.29,76.29,61.98,86.26,67.13
77.48,77.48,61.26,84.49,66.65
74.28,74.28,60.80,88.06,70.63
73.09,73.09,59.01,85.74,70.55
71.26,71.26,57.56,85.82,73.26
71.51,71.51,58.84,85.80,72.67
70.92,70.92,63.04,88.27,70.23
71.08,71.08,64.71,85.82,71.72
73.50,73.50,59.51,85.13,73.15
73.37,73.37,57.21,85.21,70.24
73.38,73.38,61.72,88.72,68.19
76.23,76.23,61.67,85.88,72.14
77.12,77.12,59.13,85.95,69.98
76.11,76.11,58.55,87.21,72.84
76.14,76.14,60.00,86.99,73.30
76.65,76.65,64.07,85.29,72.82
78.23,78.23,60.16,85.97,70.14
78.35,78.35,55.76,88.95,72.39
76.88,76.88,55.17,88.31,72.76
77.23,77.23,62.56,86.90,74.64
77.24,77.24,70.92,87.68,74.14
76.43,76.43,71.98,87.82,72.53
72.14,72.14,85.35,83.37,69.63
70.33,70.33,91.90,80.39,63.31
71.25,71.25,88.24,72.03,65.14
67.55,67.55,85.42,73.95,66.36
74.08,74.08,82.15,76.42,64.82
77.16,77.16,83.51,76.93,63.72
78.08,78.08,81.94,86.63,67.31
80.80,80.80,70.54,88.15,68.37
79.47,79.47,64.60,89.97,69.98
79.64,79.64,61.60,89.29,72.73
79.33,79.33,51.70,90.27,72.87
79.52,79.52,52.00,91.11,75.12
79.40,79.40,52.21,90.08,74.28
80.65,80.65,59.32,89.50,73.89
80.44,80.44,68.43,87.85,74.73
80.45,80.45,72.88,89.04,76.51
74.12,74.12,88.60,81.89,71.45
68.57,68.57,92.39,75.89,61.86
71.43,71.43,87.23,71.77,61.89
73.49,73.49,85.75,72.15,63.61
72.31,72.31,81.52,77.08,64.29
74.32,74.32,84.21,78.75,66.85
75.91,75.91,81.33,86.43,68.41
76.05,76.05,66.27,87.55,73.05
75.55,75.55,63.62,90.94,73.45
76.92,76.92,59.03,89.57,72.20
77.25,77.25,51.10,90.23,74.76
78.72,78.72,54.22,90.51,74.87
78.24,78.24,53.82,91.72,77.19
76.90,76.90,52.18,89.79,74.77
75.92,75.92,53.05,89.91,72.26
77.21,77.21,56.90,91.10,72.50
79.01,79.01,62.55,89.96,75.39
78.49,78.49,74.80,88.66,77.06
77.07,77.07,72.72,89.22,76.29
79.34,79.34,71.91,90.13,74.68
80.73,80.73,70.89,87.83,74.51
81.23,81.23,69.95,86.79,78.94
79.50,79.50,69.03,88.88,80.15
78.83,78.83,68.01,88.33,79.12
78.35,78.35,67.15,87.25,79.60
78.48,78.48,66.44,84.73,78.97
77.19,77.19,65.60,87.65,75.56
75.49,75.49,63.29,86.55,76.81
73.87,73.87,63.90,86.11,75.51
70.83,70.83,65.58,84.36,78.19
73.05,73.05,68.23,85.97,78.12
69.42,69.42,72.70,85.64,72.10
68.55,68.55,84.39,84.34,72.83
70.13,70.13,83.91,75.47,70.94
76.07,76.07,80.96,64.70,70.24
78.94,78.94,77.28,64.31,69.77
82.02,82.02,75.29,56.68,71.31
81.61,81.61,75.11,47.27,68.32
83.17,83.17,74.02,44.69,70.14
80.75,80.75,74.57,38.31,74.49
80.94,80.94,73.83,37.19,73.99
83.67,83.67,72.57,26.70,70.81
81.39,81.39,69.76,28.28,69.65
78.90,78.90,67.68,20.49,70.23
76.87,76.87,64.59,16.02,72.52
74.96,74.96,63.22,20.94,72.62
73.33,73.33,60.22,21.84,77.45
74.77,74.77,59.02,20.96,80.09
75.04,75.04,57.48,32.88,80.86
75.29,75.29,57.17,22.79,78.99
79.46,79.46,56.68,14.82,77.33
78.88,78.88,55.90,15.35,80.07
78.86,78.86,53.40,10.16,81.09
77.52,77.52,53.32,4.08,80.78
76.58,76.58,53.15,14.14,78.42
80.53,80.53,54.87,12.40,73.95
80.93,80.93,56.33,9.01,75.03
79.61,79.61,55.15,15.60,73.60
78.33,78.33,54.04,17.42,73.08
80.77,80.77,51.46,9.79,73.33
81.41,81.41,49.32,9.80,69.94
80.88,80.88,50.55,6.00,70.71
79.42,79.42,49.05,3.18,68.04
79.54,79.54,48.20,1.17,71.88
80.49,80.49,47.95,5.87,72.64
82.44,82.44,50.92,10.91,70.09
81.65,81.65,51.78,11.78,70.23
82.22,82.22,53.12,7.93,70.58
81.72,81.72,56.36,5.31,72.60
81.81,81.81,58.29,3.33,74.51
82.67,82.67,57.77,3.83,73.42
84.27,84.27,55.75,12.50,75.47
82.93,82.93,54.83,22.93,74.31
82.59,82.59,54.02,28.27,73.21
83.36,83.36,55.30,25.85,74.37
82.79,82.79,54.70,20.15,78.11
83.39,83.39,53.90,20.54,77.22
81.97,81.97,54.90,20.50,77.44
80.14,80.14,53.33,10.37,78.10
76.53,76.53,50.31,-0.00,74.74
78.80,78.80,52.98,-0.00,71.54
81.87,81.87,48.36,0.08,75.58
83.57,83.57,51.34,0.14,75.05
81.50,81.50,45.95,0.57,75.86
78.94,78.94,48.51,4.91,71.62
78.00,78.00,49.39,4.49,70.86
77.39,77.39,51.94,3.11,73.78
76.03,76.03,52.63,0.92,76.56
77.55,77.55,53.77,0.03,77.16
76.58,76.58,51.99,-0.00,75.18
77.96,77.96,53.44,-0.00,75.51
77.43,77.43,55.57,10.49,77.03
76.31,76.31,56.83,26.67,76.07
74.66,74.66,59.79,43.88,73.27
73.85,73.85,68.99,56.55,71.27
69.99,69.99,76.58,65.64,69.87
61.29,61.29,91.29,75.86,67.28
59.64,59.64,91.79,76.02,60.80
62.21,62.21,84.53,76.88,62.08
65.44,65.44,79.71,71.88,64.56
69.45,69.45,73.80,66.59,68.20
70.37,70.37,82.82,81.17,69.05
71.33,71.33,82.91,84.38,69.62
73.66,73.66,81.17,86.69,69.62
77.32,77.32,78.38,87.91,71.10
77.90,77.90,74.44,88.05,71.61
81.42,81.42,67.71,87.39,73.62
82.42,82.42,64.72,86.26,73.35
81.88,81.88,63.23,86.54,74.04
80.92,80.92,60.73,86.89,74.48
80.64,80.64,60.33,87.03,74.69
80.16,80.16,61.23,86.72,74.89
81.89,81.89,65.59,85.51,74.61
84.05,84.05,64.60,85.08,75.29
83.65,83.65,58.87,87.02,74.45
85.83,85.83,53.94,87.47,76.35
85.19,85.19,53.64,87.16,76.38
85.12,85.12,52.92,86.84,77.60
82.15,82.15,52.51,87.71,76.71
78.95,78.95,56.36,87.69,75.46
81.61,81.61,58.01,88.49,74.43
80.99,80.99,55.97,88.29,72.01
79.86,79.86,55.37,88.74,73.75
76.61,76.61,54.87,87.87,72.39
76.39,76.39,53.79,88.94,70.86
78.68,78.68,53.72,89.80,72.60
76.97,76.97,57.10,90.20,73.78
76.92,76.92,62.33,90.43,73.95
78.07,78.07,66.53,89.89,72.91
78.38,78.38,61.77,88.51,75.61
76.90,76.90,55.30,89.85,75.77
74.57,74.57,53.44,90.37,77.42
76.67,76.67,50.06,89.99,75.80
75.62,75.62,49.24,90.09,77.18
76.88,76.88,50.26,90.37,77.33
74.83,74.83,52.62,89.15,76.06
73.94,73.94,54.28,89.78,77.56
73.91,73.91,47.21,89.40,76.91
69.37,69.37,45.90,89.47,78.01
68.68,68.68,45.74,88.81,76.33
69.34,69.34,46.58,88.63,74.80
67.61,67.61,45.64,86.97,77.28
67.13,67.13,49.64,87.99,75.83
64.86,64.86,55.63,88.38,73.68
69.55,69.55,67.60,85.67,75.58
71.66,71.66,70.21,84.55,75.59
69.33,69.33,67.13,84.58,76.43
69.77,69.77,66.19,85.43,75.91
69.35,69.35,64.99,86.40,76.99
68.35,68.35,63.99,86.95,76.92
67.93,67.93,65.23,87.64,75.77
66.90,66.90,66.71,86.71,74.25
68.67,68.67,71.17,86.83,76.46
66.86,66.86,67.91,86.61,73.63
65.06,65.06,63.91,87.31,75.62
64.63,64.63,64.56,85.95,75.06
64.30,64.30,63.91,87.04,76.44
64.35,64.35,65.66,84.02,76.25
64.03,64.03,69.09,84.76,72.77
67.82,67.82,78.31,85.07,73.88
70.58,70.58,84.87,83.06,76.46
73.80,73.80,80.91,85.18,72.57
75.13,75.13,74.00,87.31,75.81
78.51,78.51,71.63,86.88,73.88
78.45,78.45,71.87,85.64,74.15
81.00,81.00,71.34,85.48,75.33
78.30,78.30,70.99,86.24,74.20
79.36,79.36,70.13,86.70,75.30
79.70,79.70,69.78,86.28,75.55
80.64,80.64,69.62,86.04,76.52
79.85,79.85,66.52,85.03,76.20
80.49,80.49,64.94,84.08,75.05
77.94,77.94,65.62,84.22,74.52
76.38,76.38,65.91,85.52,73.78
74.30,74.30,65.78,86.36,74.71
76.71,76.71,66.76,85.93,74.15
78.60,78.60,69.71,84.78,73.23
76.22,76.22,65.90,85.69,74.33
77.21,77.21,64.33,85.56,76.59
77.66,77.66,64.42,85.65,76.87
77.84,77.84,62.26,85.61,76.59
77.02,77.02,63.10,85.74,74.15
79.31,79.31,61.94,85.15,75.42
78.78,78.78,61.89,85.14,76.83
80.70,80.70,62.15,84.40,74.51
80.01,80.01,61.90,85.58,73.17
78.87,78.87,61.05,85.32,73.33
78.91,78.91,60.26,84.91,71.40
77.52,77.52,63.15,84.28,72.87
77.55,77.55,67.06,84.87,73.03
77.36,77.36,73.11,80.85,71.61
73.29,73.29,84.00,80.51,66.54
63.90,63.90,92.17,75.59,58.40
61.05,61.05,90.42,74.23,58.65
58.62,58.62,82.91,73.90,60.44
59.73,59.73,79.52,68.15,64.23
60.39,60.39,76.60,73.85,64.78
60.63,60.63,84.37,82.63,68.34
63.40,63.40,82.93,84.17,70.24
68.34,68.34,79.56,87.22,71.44
69.59,69.59,75.01,87.83,73.67
71.22,71.22,69.35,88.04,73.55
71.42,71.42,64.12,88.69,73.06
69.88,69.88,69.06,86.38,69.80
68.59,68.59,58.84,86.00,66.54
80.38,80.38,57.42,87.84,70.65
84.09,84.09,56.77,87.76,70.36
83.25,83.25,61.68,87.72,67.15
81.65,81.65,66.22,83.58,67.39
79.79,79.79,58.44,85.12,66.66
79.96,79.96,53.05,86.67,63.93
79.23,79.23,50.74,88.60,64.79
79.42,79.42,50.81,89.03,68.25
81.52,81.52,52.36,88.94,69.12
82.32,82.32,52.67,88.58,69.53
78.54,78.54,58.19,89.29,68.52
78.19,78.19,55.13,89.48,66.15
76.11,76.11,50.94,89.80,69.46
75.59,75.59,50.11,90.04,70.86
76.85,76.85,52.80,89.37,73.20
74.95,74.95,52.09,88.58,73.77
74.56,74.56,51.89,90.14,70.91
78.51,78.51,55.27,90.15,68.46
79.70,79.70,65.25,90.04,64.77
84.18,84.18,65.25,89.57,67.01
85.42,85.42,61.42,89.06,67.88
82.55,82.55,60.88,89.13,66.70
81.85,81.85,63.00,90.05,66.16
82.50,82.50,63.24,90.34,67.69
83.25,83.25,61.89,88.83,68.69
83.04,83.04,63.03,89.20,68.33
80.56,80.56,65.53,88.78,66.94
80.47,80.47,65.07,89.36,70.86
81.49,81.49,60.70,89.41,73.55
80.14,80.14,56.46,89.86,72.83
77.30,77.30,54.20,88.44,70.41
74.32,74.32,57.02,88.26,68.10
74.31,74.31,70.48,86.45,71.45
72.17,72.17,74.78,86.23,69.92
66.42,66.42,89.81,82.61,65.98
57.56,57.56,91.32,80.89,60.43
55.70,55.70,87.21,75.85,62.99
59.96,59.96,84.50,74.68,62.01
61.83,61.83,77.59,65.84,63.86
63.14,63.14,76.30,75.39,68.35
66.23,66.23,82.08,84.60,66.28
70.63,70.63,79.46,87.43,66.71
71.37,71.37,72.65,88.46,64.49
74.93,74.93,65.29,88.31,68.94
76.35,76.35,54.22,87.16,67.37
75.47,75.47,58.97,88.12,68.70
74.51,74.51,60.98,88.94,71.10
72.99,72.99,62.72,88.52,69.21
73.54,73.54,69.21,87.81,71.52
72.13,72.13,76.84,86.24,70.34
62.85,62.85,88.60,79.47,63.64
56.89,56.89,90.27,79.51,59.89
60.18,60.18,87.90,77.46,66.45
60.57,60.57,82.74,76.71,67.99
61.52,61.52,76.60,68.10,68.48
66.87,66.87,74.50,79.37,69.03
71.96,71.96,78.48,87.71,72.13
76.88,76.88,70.63,89.82,72.98
78.49,78.49,67.19,89.56,73.93
78.37,78.37,59.98,87.80,72.01
79.47,79.47,53.44,87.85,72.75
79.00,79.00,51.66,88.38,73.86
76.69,76.69,51.72,88.29,74.84
74.06,74.06,50.96,87.89,72.08
73.77,73.77,51.65,85.73,70.70
76.82,76.82,56.70,86.29,71.28
74.92,74.92,66.84,87.22,71.15
77.44,77.44,75.80,87.67,69.82
76.59,76.59,73.57,88.24,68.55
78.74,78.74,72.44,87.11,69.41
79.26,79.26,70.62,86.51,69.78
78.02,78.02,68.12,87.82,72.19
77.47,77.47,67.67,88.63,69.71
76.57,76.57,68.31,89.11,72.05
76.54,76.54,71.74,88.35,72.37
75.80,75.80,70.33,87.51,74.98
68.14,68.14,64.82,89.11,73.56
66.92,66.92,63.95,88.92,72.37
68.47,68.47,65.98,90.00,72.25
68.57,68.57,68.05,90.33,70.61
68.44,68.44,71.98,90.76,66.82
65.92,65.92,73.93,89.94,62.13
73.10,73.10,84.48,87.98,66.33
76.70,76.70,82.47,87.85,69.09
81.27,81.27,78.65,88.88,69.01
82.20,82.20,77.54,88.41,65.46
81.39,81.39,76.47,89.23,66.82
83.52,83.52,76.94,87.87,70.46
82.17,82.17,74.93,89.33,69.17
82.22,82.22,74.27,89.22,66.45
85.56,85.56,72.54,89.29,68.26
79.68,79.68,73.73,89.15,65.74
77.90,77.90,73.71,88.94,67.58
73.63,73.63,71.28,88.46,65.71
71.48,71.48,70.71,88.56,64.63
67.46,67.46,71.80,88.52,65.44
68.68,68.68,68.71,88.03,64.64
71.64,71.64,69.89,86.12,62.70
80.07,80.07,70.64,84.97,65.81
79.58,79.58,69.55,83.99,71.77
86.00,86.00,66.32,85.61,64.81
84.96,84.96,68.36,86.35,64.03
84.37,84.37,67.26,85.95,65.54
83.64,83.64,65.22,84.15,67.68
84.00,84.00,67.14,83.54,68.15
84.03,84.03,70.66,83.49,69.04
83.20,83.20,71.99,85.72,66.73
84.44,84.44,68.23,85.65,66.18
82.60,82.60,65.24,84.89,67.16
80.55,80.55,66.90,85.06,69.02
81.02,81.02,66.27,84.68,69.92
81.48,81.48,68.15,83.55,66.86
74.68,74.68,64.08,85.26,65.73
77.51,77.51,64.56,85.19,65.32
79.89,79.89,70.16,84.95,70.01
82.55,82.55,66.72,84.57,71.59
78.45,78.45,62.55,84.39,68.55
81.79,81.79,61.43,83.58,68.93
80.28,80.28,62.93,85.54,69.20
79.17,79.17,60.17,85.85,67.75
80.55,80.55,61.74,85.43,67.64
82.10,82.10,63.68,85.97,68.21
82.57,82.57,64.17,85.66,70.17
81.68,81.68,64.13,86.02,69.44
78.89,78.89,59.71,85.90,68.53
79.97,79.97,59.41,86.07,68.94
75.16,75.16,57.69,86.71,68.48
72.80,72.80,52.85,85.16,66.45
75.28,75.28,55.83,85.40,66.47
76.33,76.33,60.49,85.15,65.74
81.14,81.14,67.25,85.21,66.43
80.28,80.28,65.35,83.61,69.23
79.31,79.31,63.01,86.47,70.00
79.91,79.91,62.12,84.88,70.60
80.24,80.24,61.23,81.31,70.33
79.34,79.34,61.44,82.11,69.49
77.66,77.66,59.93,82.86,69.77
74.30,74.30,59.37,84.12,67.32
71.22,71.22,63.95,85.11,69.87
70.72,70.72,59.26,85.47,70.91
70.01,70.01,56.66,85.22,70.44
69.54,69.54,54.37,85.33,69.42
67.87,67.87,58.88,84.90,68.59
67.60,67.60,65.74,85.61,69.53
66.92,66.92,72.14,85.34,65.33
66.46,66.46,79.12,80.48,66.96
59.54,59.54,92.85,76.50,63.25
56.34,56.34,91.17,73.22,63.87
60.38,60.38,86.88,73.01,66.48
61.73,61.73,80.98,70.36,70.15
66.20,66.20,82.63,75.15,71.05
71.20,71.20,83.41,85.82,68.80
73.86,73.86,73.89,87.76,71.29
76.24,76.24,64.91,89.93,71.54
80.84,80.84,64.50,90.50,71.91
82.24,82.24,61.08,89.62,72.32
81.87,81.87,59.47,89.22,71.74
79.99,79.99,59.36,90.76,72.36
83.25,83.25,59.61,90.02,73.65
83.57,83.57,60.63,89.04,74.49
83.28,83.28,61.79,89.06,70.99
87.22,87.22,63.33,90.19,70.72
86.42,86.42,66.30,88.70,70.67
84.70,84.70,63.27,86.88,71.20
80.87,80.87,61.65,87.99,72.76
80.11,80.11,59.64,89.86,69.89
82.68,82.68,58.61,87.08,69.90
83.07,83.07,59.83,87.44,70.49
84.88,84.88,59.79,86.65,72.09
85.80,85.80,61.02,87.57,74.56
82.67,82.67,60.64,86.25,75.43
81.48,81.48,58.57,86.18,74.00
83.30,83.30,58.28,86.51,74.49
80.86,80.86,57.23,85.34,73.89
81.62,81.62,55.91,84.73,71.95
78.63,78.63,57.15,85.41,70.08
74.65,74.65,58.55,87.49,71.33
76.26,76.26,63.29,85.27,72.81
75.66,75.66,66.22,84.49,72.04
79.05,79.05,60.27,86.42,72.76
76.29,76.29,56.25,87.87,76.19
77.04,77.04,55.69,85.96,75.14
74.25,74.25,53.41,86.29,77.32
76.70,76.70,53.35,86.88,74.22
75.39,75.39,52.40,87.58,73.85
76.51,76.51,56.54,85.46,73.01
77.69,77.69,57.87,86.92,72.96
80.31,80.31,51.93,88.81,72.19
77.06,77.06,47.37,87.17,71.47
71.40,71.40,47.30,86.96,75.48
70.69,70.69,46.24,86.82,77.79
69.50,69.50,48.03,89.07,74.40
72.21,72.21,48.04,87.53,73.39
70.60,70.60,55.50,88.03,71.78
76.69,76.69,68.14,89.04,74.93
75.39,75.39,69.66,89.89,77.15
72.45,72.45,68.59,88.66,77.47
72.43,72.43,67.07,88.52,74.47
71.97,71.97,66.05,89.47,73.13
77.42,77.42,65.81,88.58,73.10
80.04,80.04,66.19,88.17,75.16
79.09,79.09,67.50,88.24,74.67
73.60,73.60,71.54,89.35,75.37
69.70,69.70,67.21,87.77,73.95
70.51,70.51,65.55,87.85,75.51
72.02,72.02,64.84,88.93,71.51
70.79,70.79,63.93,87.35,70.59
68.70,68.70,65.78,87.94,73.66
61.19,61.19,70.34,87.52,72.60
68.15,68.15,79.07,86.89,73.27
72.20,72.20,83.19,84.93,73.29
70.97,70.97,79.14,85.38,69.76
76.64,76.64,77.05,86.46,68.60
78.01,78.01,75.90,87.99,71.61
79.68,79.68,74.07,85.11,72.30
77.71,77.71,72.88,86.69,72.91
74.33,74.33,71.82,87.68,70.36
74.91,74.91,70.29,86.58,70.32
79.08,79.08,70.47,86.09,70.90
81.53,81.53,68.94,88.18,67.74
81.90,81.90,66.55,87.94,69.45
81.55,81.55,65.69,87.40,67.85
79.45,79.45,62.23,85.38,72.41
77.49,77.49,61.00,86.91,73.06
79.69,79.69,63.11,85.91,72.73
80.23,80.23,65.73,84.44,70.74
80.14,80.14,67.50,87.39,69.56
79.79,79.79,63.11,86.84,66.25
81.40,81.40,58.42,86.24,66.69
82.58,82.58,56.05,86.37,65.22
83.03,83.03,54.78,86.97,67.05
81.49,81.49,55.66,85.05,65.86
82.25,82.25,57.49,85.64,67.04
81.60,81.60,61.18,86.97,68.17
80.61,80.61,59.85,84.66,69.96
80.85,80.85,56.36,85.32,69.36
82.44,82.44,53.85,84.82,69.45
80.69,80.69,53.16,85.48,69.40
77.54,77.54,56.04,84.95,70.97
79.42,79.42,64.06,84.66,70.91
77.71,77.71,71.75,84.45,67.66
72.76,72.76,86.05,80.30,64.10
64.74,64.74,93.22,77.72,60.89
58.07,58.07,88.97,72.06,63.70
57.54,57.54,86.17,72.00,64.53
57.53,57.53,81.27,75.58,65.06
61.10,61.10,84.14,78.97,68.01
62.07,62.07,82.00,86.43,74.45
66.37,66.37,67.25,88.13,77.08
66.84,66.84,63.81,91.27,79.17
65.29,65.29,61.26,90.15,81.99
66.74,66.74,53.94,90.70,81.49
66.14,66.14,50.04,90.91,80.91
65.72,65.72,49.88,91.85,77.46
67.36,67.36,50.64,90.74,79.87
65.99,65.99,55.10,90.76,73.39
62.40,62.40,53.80,90.90,72.91
60.17,60.17,62.48,89.55,70.48
61.54,61.54,67.23,89.29,72.62
63.92,63.92,57.73,88.90,71.07
67.62,67.62,52.81,90.22,75.63
66.13,66.13,50.05,88.36,74.49
66.30,66.30,48.46,87.33,75.77
63.08,63.08,48.00,88.69,73.96
65.02,65.02,48.20,86.93,73.55
67.46,67.46,59.89,85.69,75.63
66.15,66.15,58.58,85.71,72.38
60.94,60.94,51.85,88.10,72.27
60.50,60.50,47.27,87.61,76.00
63.24,63.24,46.95,84.76,76.09
65.01,65.01,48.44,85.01,74.19
65.34,65.34,53.11,87.18,71.84
69.34,69.34,56.49,86.03,67.87
74.56,74.56,68.87,84.37,69.91
80.04,80.04,67.55,86.84,69.19
81.48,81.48,66.13,87.21,66.69
80.39,80.39,65.92,84.46,65.88
79.40,79.40,67.11,85.41,66.95
79.44,79.44,65.81,87.52,68.86
77.15,77.15,65.60,88.16,66.29
78.51,78.51,66.47,84.60,68.93
77.23,77.23,68.46,86.40,68.17
78.92,78.92,67.19,88.53,64.36
79.65,79.65,64.54,87.32,66.84
77.03,77.03,61.00,87.62,66.53
80.46,80.46,60.33,87.97,65.90
78.22,78.22,63.32,89.64,62.55
78.11,78.11,65.83,87.01,61.69
77.12,77.12,73.07,85.91,64.70
69.25,69.25,89.64,83.59,64.69
61.27,61.27,91.45,79.04,61.55
57.46,57.46,88.75,73.53,64.77
59.17,59.17,83.92,72.52,68.01
62.68,62.68,82.13,73.08,68.47
65.86,65.86,82.86,81.71,64.89
69.76,69.76,79.69,88.94,64.88
72.35,72.35,64.86,88.00,68.54
75.57,75.57,63.87,89.83,76.77
78.58,78.58,60.27,91.52,74.21
78.21,78.21,55.39,90.45,74.90
76.55,76.55,54.06,90.50,75.30
72.46,72.46,55.66,90.39,73.67
71.69,71.69,65.43,91.97,73.63
67.58,67.58,70.64,90.03,75.30
69.28,69.28,75.73,86.50,73.19
60.80,60.80,91.13,77.32,65.17
57.63,57.63,90.46,71.92,62.59
57.95,57.95,88.26,70.33,64.83
59.18,59.18,84.56,71.61,66.32
61.64,61.64,82.51,75.18,69.80
65.05,65.05,82.64,81.80,68.54
68.72,68.72,79.47,88.55,70.15
71.53,71.53,64.42,88.12,69.03
74.47,74.47,64.79,89.28,72.08
78.00,78.00,56.39,90.27,72.87
79.09,79.09,53.36,90.94,73.93
77.48,77.48,51.41,89.91,75.63
72.43,72.43,50.49,90.43,70.91
72.17,72.17,49.88,90.74,70.74
74.55,74.55,52.66,90.02,68.73
76.31,76.31,58.62,89.71,71.70
76.49,76.49,67.66,89.01,70.84
76.68,76.68,74.07,90.77,71.97
77.01,77.01,71.03,89.03,73.04
78.05,78.05,68.60,88.58,72.69
77.48,77.48,68.63,87.26,71.04
78.53,78.53,67.67,89.33,69.98
78.16,78.16,68.31,87.80,68.90
77.02,77.02,68.65,85.72,64.99
74.63,74.63,73.67,89.90,67.39
76.45,76.45,70.81,86.21,72.17
72.96,72.96,66.84,85.42,70.73
71.58,71.58,65.60,85.48,70.64
74.00,74.00,64.51,88.93,68.25
70.35,70.35,64.80,86.92,65.99
66.16,66.16,67.95,84.54,64.30
68.54,68.54,74.11,84.32,62.40
74.01,74.01,85.41,83.80,62.29
77.74,77.74,81.75,84.33,59.11
82.46,82.46,78.40,83.94,61.54
82.42,82.42,77.39,85.94,64.02
81.17,81.17,77.35,87.28,61.23
80.37,80.37,77.13,83.74,62.63
81.17,81.17,75.94,86.28,61.09
80.57,80.57,75.16,87.10,63.05
77.02,77.02,73.33,86.78,64.26
77.74,77.74,73.15,84.44,63.68
71.98,71.98,70.73,85.45,66.98
71.89,71.89,68.48,87.96,66.60
70.82,70.82,65.60,86.70,69.61
66.22,66.22,61.41,87.64,71.14
67.07,67.07,61.62,87.71,65.42
70.65,70.65,60.63,89.45,66.17
74.36,74.36,66.88,87.62,67.63
75.81,75.81,64.84,88.19,66.65
76.12,76.12,59.33,88.70,69.12
75.22,75.22,56.43,88.64,69.51
74.98,74.98,56.12,88.60,68.43
75.85,75.85,54.91,88.68,69.15
74.89,74.89,55.42,89.26,69.80
76.20,76.20,57.91,87.70,67.65
76.23,76.23,60.24,87.44,69.42
75.66,75.66,58.08,88.10,69.01
77.42,77.42,56.10,88.44,69.10
76.72,76.72,53.61,87.49,73.80
72.66,72.66,54.28,88.26,72.09
67.46,67.46,52.42,89.28,68.38
72.39,72.39,56.21,87.94,67.96
71.58,71.58,61.09,87.96,70.01
76.40,76.40,67.05,88.07,68.24
78.62,78.62,61.52,88.90,63.43
79.62,79.62,55.71,87.67,64.21
77.41,77.41,52.68,87.89,66.10
77.21,77.21,53.37,88.73,64.48
77.01,77.01,54.14,86.89,63.08
79.00,79.00,55.66,86.12,64.97
79.22,79.22,57.14,87.06,64.37
78.13,78.13,57.37,88.22,64.84
78.85,78.85,53.31,87.57,65.87
77.62,77.62,51.03,86.73,65.20
78.48,78.48,48.43,87.67,65.53
77.49,77.49,45.98,86.81,66.66
77.30,77.30,51.74,87.04,65.81
75.05,75.05,59.67,86.89,66.73
77.77,77.77,67.49,88.17,65.90
76.79,76.79,78.58,86.74,68.69
78.23,78.23,76.62,84.62,67.55
76.67,76.67,66.82,84.62,68.37
76.48,76.48,68.45,86.44,67.16
76.60,76.60,61.30,86.08,67.75
76.00,76.00,55.59,86.11,66.56
76.14,76.14,54.32,86.64,67.04
75.92,75.92,57.53,85.23,67.51
77.89,77.89,59.31,85.91,68.15
75.65,75.65,54.26,86.05,68.96
75.88,75.88,49.05,85.27,72.50
76.21,76.21,50.58,85.44,74.05
77.87,77.87,52.65,84.80,72.15
77.50,77.50,64.91,86.04,73.53
74.15,74.15,72.74,83.86,71.66
71.04,71.04,84.48,80.69,68.78
62.80,62.80,93.05,70.76,60.42
61.92,61.92,91.56,63.15,59.42
63.55,63.55,85.76,65.69,59.92
65.25,65.25,83.22,67.17,60.97
70.54,70.54,82.04,69.53,62.83
72.39,72.39,79.52,75.70,64.66
74.20,74.20,80.73,88.24,65.63
75.68,75.68,68.95,89.18,67.87
77.98,77.98,58.27,90.27,66.43
80.09,80.09,58.99,88.48,64.14
79.22,79.22,49.93,90.95,66.25
78.67,78.67,47.60,89.57,67.30
76.18,76.18,49.83,89.86,70.02
74.33,74.33,47.46,89.98,70.43
72.06,72.06,50.91,88.95,72.09
72.43,72.43,60.33,89.87,70.97
75.02,75.02,69.91,88.04,77.03
73.29,73.29,69.01,90.55,77.75
74.62,74.62,67.86,87.53,78.98
73.27,73.27,66.36,89.45,76.31
74.21,74.21,62.25,86.14,75.39
74.93,74.93,56.82,89.86,71.26
76.31,76.31,53.77,87.58,73.32
75.85,75.85,56.27,88.12,77.08
76.25,76.25,53.51,88.13,75.24
78.56,78.56,46.79,86.65,72.70
79.71,79.71,43.75,87.35,75.54
81.25,81.25,43.59,85.29,73.02
78.34,78.34,45.33,89.33,75.16
78.64,78.64,48.53,85.56,75.95
79.21,79.21,53.28,87.98,74.15
78.79,78.79,63.12,85.54,73.88
78.65,78.65,63.39,87.49,73.60
78.89,78.89,58.07,85.16,74.31
78.04,78.04,51.69,86.02,73.37
76.30,76.30,48.97,85.62,75.30
78.93,78.93,47.15,84.08,74.10
77.46,77.46,48.75,86.98,74.38
78.34,78.34,52.62,82.46,71.64
79.54,79.54,56.68,86.60,71.93
78.27,78.27,56.81,80.54,73.55
80.46,80.46,53.50,85.18,74.22
78.89,78.89,51.09,81.63,74.49
77.89,77.89,46.03,87.58,69.99
77.08,77.08,49.88,85.19,71.91
77.55,77.55,59.22,84.51,71.23
78.13,78.13,65.38,86.94,66.64
79.01,79.01,73.02,85.65,66.05
77.56,77.56,77.39,87.03,64.96
79.16,79.16,77.32,85.43,65.83
80.58,80.58,75.27,87.38,66.79
81.79,81.79,73.68,85.01,66.30
82.00,82.00,73.70,86.57,68.59
81.13,81.13,72.50,86.53,71.36
77.08,77.08,71.22,87.49,71.76
71.83,71.83,73.57,86.29,73.74
71.37,71.37,73.23,85.54,74.09
70.87,70.87,70.19,88.32,75.62
70.30,70.30,66.54,85.33,77.10
69.94,69.94,66.33,86.46,77.72
70.30,70.30,65.16,86.36,75.79
71.25,71.25,66.54,87.97,77.74
72.87,72.87,71.39,86.50,74.98
73.93,73.93,80.60,84.63,73.00
75.53,75.53,82.46,85.50,73.29
75.18,75.18,79.78,83.23,74.86
75.82,75.82,72.85,83.20,74.48
74.81,74.81,72.07,82.83,73.33
75.61,75.61,72.12,86.59,72.52
77.63,77.63,73.57,84.83,68.01
79.99,79.99,73.54,85.81,66.34
82.82,82.82,72.51,86.26,69.41
83.35,83.35,71.97,85.17,71.97
82.07,82.07,70.14,85.59,71.77
80.22,80.22,68.03,85.61,69.37
79.15,79.15,65.18,86.19,68.19
79.68,79.68,62.57,84.94,69.92
81.13,81.13,61.04,86.33,72.09
81.58,81.58,61.94,85.22,71.12
80.91,80.91,65.42,85.82,72.87
80.85,80.85,69.03,85.71,73.12
78.58,78.58,61.69,85.80,74.09
74.17,74.17,57.65,85.58,75.18
73.94,73.94,54.62,84.72,74.76
77.21,77.21,52.74,85.67,76.05
73.60,73.60,53.96,84.49,72.43
72.52,72.52,57.84,85.92,72.07
78.47,78.47,61.67,84.88,72.56
76.02,76.02,59.10,85.68,74.06
74.93,74.93,53.52,85.27,73.12
76.59,76.59,52.91,85.49,72.72
75.54,75.54,52.70,85.21,74.58
74.95,74.95,57.17,84.32,75.26
76.71,76.71,67.05,85.47,76.44
76.30,76.30,75.60,80.71,72.63
70.24,70.24,86.38,81.15,63.97
64.14,64.14,91.91,73.64,59.05
62.06,62.06,89.77,69.70,62.68
61.85,61.85,86.65,63.75,66.78
63.78,63.78,83.29,69.16,63.94
68.33,68.33,80.32,70.56,66.02
72.09,72.09,80.58,79.51,69.44
73.92,73.92,73.35,88.79,72.43
74.82,74.82,60.65,90.90,68.77
77.13,77.13,54.67,88.74,72.27
80.06,80.06,57.74,90.00,70.98
77.71,77.71,60.79,87.44,66.14
77.93,77.93,57.45,90.40,68.72
78.30,78.30,56.33,87.80,70.50
80.19,80.19,60.28,89.81,70.74
80.17,80.17,67.85,88.99,67.32
82.43,82.43,72.37,87.51,68.55
79.95,79.95,72.98,88.26,67.72
80.85,80.85,72.66,84.17,66.92
82.93,82.93,70.76,89.46,67.55
82.04,82.04,70.76,86.21,66.34
80.56,80.56,68.09,87.08,71.77
78.78,78.78,63.93,86.17,73.02
75.57,75.57,60.60,89.17,68.85
76.11,76.11,61.88,85.55,67.88
72.68,72.68,56.88,87.40,70.66
72.70,72.70,54.69,86.42,71.09
70.61,70.61,52.17,84.95,72.26
70.42,70.42,52.25,86.98,75.66
74.65,74.65,51.00,84.74,73.25
74.66,74.66,52.19,87.85,70.55
74.54,74.54,54.42,85.42,70.07
80.02,80.02,67.43,87.88,69.52
83.61,83.61,61.57,84.02,71.21
83.12,83.12,57.25,86.52,73.65
82.04,82.04,55.88,84.02,74.52
83.25,83.25,60.91,85.65,75.13
86.05,86.05,55.46,84.69,75.21
85.64,85.64,54.40,82.86,75.46
85.17,85.17,58.61,85.02,77.24
87.34,87.34,63.98,81.74,73.89
85.04,85.04,62.97,86.43,75.13
85.09,85.09,58.41,82.47,73.09
83.83,83.83,55.09,85.00,74.09
84.52,84.52,56.41,81.66,72.03
84.40,84.40,62.46,87.10,68.63
81.84,81.84,72.37,84.27,66.81
76.59,76.59,74.88,86.98,67.94
66.97,66.97,91.27,77.85,64.36
58.78,58.78,91.75,69.22,62.81
58.56,58.56,88.00,69.77,64.24
59.24,59.24,86.50,61.70,62.67
57.94,57.94,81.85,65.92,65.12
62.19,62.19,78.02,74.03,66.29
68.21,68.21,83.09,82.63,67.67
68.51,68.51,70.41,90.30,66.12
75.80,75.80,60.51,88.28,70.55
76.83,76.83,57.21,89.87,71.89
75.67,75.67,54.57,88.95,73.46
79.72,79.72,50.03,90.16,70.15
79.07,79.07,51.36,89.80,72.22
80.06,80.06,62.07,88.58,73.06
79.23,79.23,72.13,89.13,72.46
77.77,77.77,76.55,86.18,69.54
67.70,67.70,91.11,80.97,62.12
59.18,59.18,92.56,69.53,61.56
63.16,63.16,88.25,71.61,65.03
59.42,59.42,86.56,61.06,64.66
62.56,62.56,80.79,68.61,66.03
64.29,64.29,78.83,74.18,68.49
67.09,67.09,82.51,83.19,71.52
69.95,69.95,68.12,90.19,73.49
71.47,71.47,60.39,88.30,74.31
72.99,72.99,55.40,90.31,76.19
72.29,72.29,49.31,88.94,74.58
70.36,70.36,47.30,90.42,76.08
73.76,73.76,44.51,89.53,74.89
77.17,77.17,51.16,90.05,71.18
83.56,83.56,57.79,89.57,69.79
80.58,80.58,61.83,88.72,73.50
80.23,80.23,69.16,89.82,69.11
79.37,79.37,70.66,87.40,67.23
76.13,76.13,68.07,88.87,69.89
74.02,74.02,66.30,87.06,68.54
71.40,71.40,64.76,89.81,71.92
72.26,72.26,64.54,85.06,74.01
71.71,71.71,65.12,88.37,74.65
72.93,72.93,68.16,86.31,70.02
76.27,76.27,70.42,88.38,71.28
75.39,75.39,68.90,88.04,72.34
75.92,75.92,65.37,86.45,70.12
73.55,73.55,64.21,88.77,69.83
70.94,70.94,62.88,85.53,73.43
66.79,66.79,65.77,87.80,70.98
61.23,61.23,70.13,83.97,70.38
62.00,62.00,75.67,87.24,67.01
69.18,69.18,85.89,81.56,67.05
67.78,67.78,81.21,87.76,71.31
71.63,71.63,78.95,86.61,67.38
72.12,72.12,76.02,86.28,64.68
73.63,73.63,75.01,85.52,62.27
75.57,75.57,77.92,83.82,67.58
77.64,77.64,75.23,83.41,67.94
81.32,81.32,74.95,82.23,71.12
80.25,80.25,72.86,85.43,71.38
80.33,80.33,72.81,80.70,67.96
80.79,80.79,72.63,86.82,69.09
83.50,83.50,71.37,83.25,69.51
85.34,85.34,70.42,85.80,70.18
84.59,84.59,71.20,85.03,71.98
84.15,84.15,69.93,86.62,72.65
80.76,80.76,68.98,85.51,68.40
79.28,79.28,69.53,85.64,69.40
77.82,77.82,68.17,87.91,74.02
72.95,72.95,67.44,85.67,69.72
70.51,70.51,64.14,87.18,70.83
69.22,69.22,64.44,84.84,69.87
72.92,72.92,63.59,87.64,70.24
74.36,74.36,66.21,85.33,73.19
76.89,76.89,64.53,86.34,72.89
79.74,79.74,65.47,86.77,71.17
76.65,76.65,62.28,87.56,70.97
76.14,76.14,62.68,87.54,73.50
79.21,79.21,61.46,85.35,71.86
78.52,78.52,59.99,87.04,68.50
77.88,77.88,60.78,85.05,69.63
77.80,77.80,62.92,86.38,71.74
76.87,76.87,65.79,86.33,70.56
77.89,77.89,67.42,87.55,66.81
78.69,78.69,63.20,86.97,67.22
80.04,80.04,59.04,87.49,69.16
79.51,79.51,56.85,87.49,70.14
80.82,80.82,54.62,85.36,70.89
77.82,77.82,53.33,86.57,66.16
78.78,78.78,53.21,85.12,63.89
81.53,81.53,55.92,86.98,65.63
84.22,84.22,58.40,85.41,69.69
82.58,82.58,56.95,86.42,67.13
81.60,81.60,56.89,84.98,66.40
83.03,83.03,56.89,86.55,67.88
82.29,82.29,59.33,86.18,66.07
78.21,78.21,61.91,85.28,66.05
79.67,79.67,68.45,86.87,69.50
80.61,80.61,73.77,83.28,69.64
81.03,81.03,75.86,85.43,71.14
83.04,83.04,75.17,82.10,72.47
82.99,82.99,73.42,85.93,70.71
84.43,84.43,72.07,80.74,67.64
83.79,83.79,71.98,85.84,68.46
82.68,82.68,69.69,83.76,70.91
78.06,78.06,65.47,85.11,69.07
77.66,77.66,64.16,85.13,66.33
76.45,76.45,63.21,85.78,67.56
74.26,74.26,57.63,85.67,68.66
74.93,74.93,54.11,84.96,70.53
75.08,75.08,52.48,86.12,70.01
75.16,75.16,56.37,84.47,69.52
74.22,74.22,66.04,84.64,69.52
69.25,69.25,71.88,83.98,68.90
64.69,64.69,84.52,81.13,64.65
58.11,58.11,92.22,79.15,57.99
59.53,59.53,91.36,69.78,58.71
63.38,63.38,83.85,67.75,59.84
68.82,68.82,82.83,72.79,64.19
71.38,71.38,82.12,73.77,65.34
74.10,74.10,83.78,86.68,66.41
77.85,77.85,71.16,87.78,68.17
80.31,80.31,64.79,88.81,68.89
81.70,81.70,59.91,89.60,71.72
82.01,82.01,54.20,90.46,73.08
81.96,81.96,54.35,91.15,73.27
82.22,82.22,52.92,89.60,73.41
83.26,83.26,52.47,89.21,74.11
83.44,83.44,54.72,90.49,74.38
81.97,81.97,59.35,89.43,73.16
77.76,77.76,63.04,89.20,71.25
76.30,76.30,65.23,89.62,70.98
76.20,76.20,58.61,90.74,70.90
76.54,76.54,53.12,89.20,72.42
77.51,77.51,50.32,88.18,75.29
74.31,74.31,49.99,89.31,75.23
74.92,74.92,58.98,88.01,71.45
76.10,76.10,62.00,87.10,74.54
78.87,78.87,61.27,86.41,73.97
80.06,80.06,59.88,86.75,72.44
79.89,79.89,56.33,87.94,73.42
78.90,78.90,53.84,85.06,73.27
80.06,80.06,50.28,84.83,74.21
80.91,80.91,49.39,87.96,75.68
80.53,80.53,49.48,86.04,75.48
79.08,79.08,55.69,84.48,74.18
78.60,78.60,64.18,86.11,73.53
78.81,78.81,64.32,87.49,75.08
81.24,81.24,56.71,83.51,73.53
80.96,80.96,51.83,85.29,73.64
79.69,79.69,48.64,87.66,70.97
80.63,80.63,48.64,87.21,68.21
81.02,81.02,50.34,84.17,73.17
79.18,79.18,53.04,84.49,73.46
79.78,79.78,56.17,85.75,72.64
79.83,79.83,54.28,86.41,71.03
77.94,77.94,51.76,86.47,70.13
76.76,76.76,49.90,85.50,72.12
76.51,76.51,51.56,89.73,71.76
77.12,77.12,57.57,88.10,73.06
77.73,77.73,65.52,88.59,70.85
80.30,80.30,69.65,87.92,68.25
79.61,79.61,72.34,88.37,67.09
80.19,80.19,75.40,87.12,70.37
78.08,78.08,72.58,87.26,69.32
75.50,75.50,70.19,88.63,70.24
74.44,74.44,66.92,87.67,73.24
74.20,74.20,65.56,87.86,73.01
75.95,75.95,66.03,87.09,71.87
74.50,74.50,65.49,88.88,70.60
74.86,74.86,66.21,88.58,71.50
77.58,77.58,68.40,88.13,71.69
77.57,77.57,65.05,87.88,69.81
76.30,76.30,63.07,88.54,69.40
75.06,75.06,61.49,87.40,69.41
72.59,72.59,64.08,86.69,68.14
70.89,70.89,68.58,88.79,69.19
67.85,67.85,71.98,87.39,70.64
70.40,70.40,82.95,84.38,74.46
71.03,71.03,82.91,87.01,67.40
69.87,69.87,79.14,87.24,68.23
70.66,70.66,78.14,86.74,68.04
71.35,71.35,77.68,86.73,68.15
75.06,75.06,76.29,87.69,69.32
74.68,74.68,75.38,87.59,68.44
78.67,78.67,72.81,87.65,66.62
79.11,79.11,71.98,87.77,67.18
78.10,78.10,72.53,87.98,70.20
80.07,80.07,69.17,87.80,69.32
82.85,82.85,67.84,86.77,73.98
81.91,81.91,64.91,87.90,72.25
79.49,79.49,65.27,87.26,71.71
79.88,79.88,62.59,85.72,69.45
80.04,80.04,64.13,86.19,69.79
80.69,80.69,66.68,86.29,72.88
80.74,80.74,67.63,86.05,70.65
78.23,78.23,62.22,84.98,69.28
76.48,76.48,59.63,86.45,72.95
73.16,73.16,57.04,85.65,70.95
73.32,73.32,55.60,84.26,72.32
75.41,75.41,54.84,86.39,70.72
77.27,77.27,56.37,85.82,70.06
78.55,78.55,58.47,85.98,72.97
79.19,79.19,54.79,84.35,72.20
77.86,77.86,52.41,86.34,69.12
77.86,77.86,49.66,85.26,67.66
78.15,78.15,50.70,84.11,70.64
77.57,77.57,58.95,85.79,68.44
78.64,78.64,67.18,85.90,66.52
77.53,77.53,73.88,83.31,63.53
71.06,71.06,90.98,81.15,63.01
64.15,64.15,91.44,75.80,56.80
62.66,62.66,88.95,67.82,61.76
60.52,60.52,84.27,68.53,63.75
60.99,60.99,82.81,74.89,64.49
63.22,63.22,83.38,81.64,64.47
67.85,67.85,80.54,88.34,70.08
66.93,66.93,66.31,88.06,69.40
70.89,70.89,69.50,89.20,66.60
70.96,70.96,64.72,89.87,70.40
69.08,69.08,53.91,90.53,71.33
67.83,67.83,49.13,89.56,69.65
66.96,66.96,48.60,90.54,70.92
70.14,70.14,49.48,91.27,70.98
72.82,72.82,51.79,90.70,69.91
74.69,74.69,54.53,89.91,68.15
79.09,79.09,64.35,89.48,68.05
80.84,80.84,63.82,90.54,69.04
81.48,81.48,60.74,88.55,69.24
81.44,81.44,59.97,88.53,69.75
82.29,82.29,58.45,89.21,69.48
82.95,82.95,57.09,88.53,67.83
81.03,81.03,58.76,87.37,64.14
81.94,81.94,59.49,85.65,68.24
81.84,81.84,62.33,88.90,66.65
81.78,81.78,61.12,86.42,69.24
81.79,81.79,57.07,84.96,70.23
85.33,85.33,55.48,85.22,68.97
82.20,82.20,58.03,88.13,68.84
81.92,81.92,59.21,84.34,69.75
80.91,80.91,61.90,82.68,72.45
81.87,81.87,63.81,85.42,69.15
81.86,81.86,68.38,86.09,70.20
80.09,80.09,64.46,83.11,69.11
80.19,80.19,62.58,82.99,68.88
78.79,78.79,63.04,85.31,71.17
81.74,81.74,64.77,85.47,72.14
80.73,80.73,64.09,84.55,73.39
77.81,77.81,65.98,83.77,74.39
81.71,81.71,65.10,87.27,72.48
83.26,83.26,68.16,83.94,74.74
82.18,82.18,67.28,84.43,73.65
82.27,82.27,65.41,86.27,73.07
78.81,78.81,64.16,87.00,73.44
77.87,77.87,64.35,85.34,73.69
77.57,77.57,64.83,86.16,74.05
76.25,76.25,70.42,86.06,71.89
74.58,74.58,77.92,85.75,72.09
71.17,71.17,92.13,81.18,66.56
64.10,64.10,92.39,73.71,64.09
60.53,60.53,87.02,69.33,66.42
59.51,59.51,82.82,73.07,68.39
61.45,61.45,83.53,76.66,69.24
61.75,61.75,84.60,83.02,71.06
63.22,63.22,78.54,86.74,71.91
63.17,63.17,63.69,90.60,74.74
65.45,65.45,64.88,89.85,79.78
66.90,66.90,58.34,89.22,78.39
66.93,66.93,48.74,89.87,78.10
65.97,65.97,51.20,91.52,79.24
64.91,64.91,51.63,89.97,78.79
63.71,63.71,61.37,89.70,80.79
61.75,61.75,70.46,88.48,80.68
62.60,62.60,82.12,86.34,76.50
56.41,56.41,90.94,78.96,68.94
52.87,52.87,90.89,67.81,67.37
55.62,55.62,88.07,71.04,72.05
56.03,56.03,81.14,70.90,71.62
57.10,57.10,83.19,77.70,70.59
55.51,55.51,85.07,83.56,72.93
57.72,57.72,76.80,86.36,73.36
58.25,58.25,66.65,89.35,74.31
57.75,57.75,65.28,90.26,71.34
56.84,56.84,62.06,90.01,72.61
56.53,56.53,54.29,90.11,72.86
56.96,56.96,52.78,91.84,73.33
56.77,56.77,48.97,90.05,73.90
56.77,56.77,49.82,89.54,72.48
56.22,56.22,50.88,90.21,73.69
57.36,57.36,54.50,90.50,76.25
70.04,70.04,63.47,89.43,77.98
72.89,72.89,62.16,88.97,75.99
72.86,72.86,59.43,90.09,75.06
72.05,72.05,58.35,90.24,76.23
71.15,71.15,58.00,88.67,77.28
69.73,69.73,60.34,87.66,79.05
67.72,67.72,63.06,87.73,79.51
65.62,65.62,66.27,87.84,77.91
64.02,64.02,72.38,86.52,78.62
59.93,59.93,69.69,87.20,77.95
58.07,58.07,65.96,88.17,76.41
55.45,55.45,65.65,86.18,74.75
53.04,53.04,66.98,86.25,74.86
46.45,46.45,67.72,84.85,74.63
44.30,44.30,71.62,87.57,72.46
42.10,42.10,80.03,83.51,69.41
48.67,48.67,87.21,77.38,70.97
50.17,50.17,83.27,72.35,69.88
48.00,48.00,81.12,68.42,66.82
46.53,46.53,78.90,57.29,64.29
46.75,46.75,79.76,52.57,65.58
47.12,47.12,80.72,40.38,68.21
47.41,47.41,79.58,38.23,72.04
47.85,47.85,79.96,35.86,72.58
48.37,48.37,78.42,31.32,66.73
51.24,51.24,77.37,27.56,67.67
49.75,49.75,76.86,29.97,70.31
48.31,48.31,75.35,27.46,70.45
49.96,49.96,72.67,28.22,71.31
51.62,51.62,71.93,30.69,72.09
51.61,51.61,71.91,33.33,72.75
53.79,53.79,69.03,34.64,74.59
49.65,49.65,69.30,36.02,73.65
49.71,49.71,67.68,36.33,75.23
49.55,49.55,69.53,40.55,75.58
50.58,50.58,69.68,37.59,75.47
53.00,53.00,68.84,32.51,75.82
52.92,52.92,67.52,40.92,76.26
51.30,51.30,68.41,41.63,75.21
53.98,53.98,68.41,44.23,74.96
53.37,53.37,67.40,38.31,72.13
52.59,52.59,69.03,33.97,74.57
52.28,52.28,66.13,33.59,77.05
52.15,52.15,67.70,43.02,78.95
50.84,50.84,66.54,40.06,77.82
51.69,51.69,67.77,36.56,75.39
52.33,52.33,65.49,43.27,73.47
52.48,52.48,63.59,42.47,73.75
51.70,51.70,63.99,32.51,73.02
51.84,51.84,62.12,37.36,70.05
51.39,51.39,62.72,36.51,68.09
51.03,51.03,65.71,42.14,70.42
51.87,51.87,64.75,33.58,71.30
54.62,54.62,63.47,41.91,70.21
53.93,53.93,63.97,39.24,72.00
52.89,52.89,67.07,35.72,72.49
54.18,54.18,66.10,35.77,74.82
53.66,53.66,64.23,42.20,72.22
51.70,51.70,63.29,41.33,70.72
53.44,53.44,65.16,38.09,74.02
52.71,52.71,63.58,40.66,72.52
54.42,54.42,61.30,46.04,74.39
53.50,53.50,61.37,39.01,74.72
54.12,54.12,63.53,39.77,74.92
53.47,53.47,65.94,40.39,73.52
51.70,51.70,62.62,37.55,74.75
51.45,51.45,62.92,39.76,75.92
53.85,53.85,62.06,37.01,74.60
52.23,52.23,59.82,34.25,73.35
51.78,51.78,60.86,28.85,72.86
52.75,52.75,59.94,36.76,73.66
53.62,53.62,60.29,38.96,73.35
52.54,52.54,61.52,31.95,73.13
52.05,52.05,60.41,38.22,71.24
51.41,51.41,57.72,35.41,68.47
48.96,48.96,57.19,35.09,69.05
49.30,49.30,57.39,40.96,68.73
51.35,51.35,55.59,45.11,70.67
54.79,54.79,51.42,37.04,68.60
65.20,65.20,47.04,39.14,72.23
70.02,70.02,45.94,31.51,74.33
74.49,74.49,45.38,32.97,77.48
71.28,71.28,40.93,29.32,77.34
72.27,72.27,45.86,33.57,76.14
71.10,71.10,47.81,33.99,75.34
68.85,68.85,42.81,35.28,77.96
70.44,70.44,41.51,39.47,78.98
68.66,68.66,40.74,37.55,78.64
72.68,72.68,39.47,31.67,80.79
66.90,66.90,41.47,29.22,81.19
67.72,67.72,41.90,31.35,81.80
70.88,70.88,42.85,33.08,83.14
69.09,69.09,38.43,38.24,83.36
70.02,70.02,38.03,34.80,82.24
66.00,66.00,39.90,37.06,77.66
61.95,61.95,38.88,37.40,75.14
60.09,60.09,37.88,35.48,73.73
61.89,61.89,33.77,35.10,71.19
60.39,60.39,33.36,33.15,73.01
63.44,63.44,33.74,38.91,73.64
61.80,61.80,31.28,40.57,74.50
60.91,60.91,31.49,33.81,75.95
64.88,64.88,33.40,40.49,78.23
62.09,62.09,30.85,41.98,77.47
59.86,59.86,37.74,43.06,76.84
57.33,57.33,34.75,34.32,75.26
59.03,59.03,31.88,35.93,75.76
56.19,56.19,32.31,39.49,75.67
57.02,57.02,31.41,32.96,74.29
56.58,56.58,29.05,33.22,76.83
56.52,56.52,30.87,33.11,75.69
61.18,61.18,36.12,33.52,74.40
63.82,63.82,42.08,33.98,75.87
69.31,69.31,38.14,39.23,76.69
68.63,68.63,40.99,42.18,79.85
68.91,68.91,40.05,44.33,77.30
69.49,69.49,42.24,44.09,75.33
69.09,69.09,38.51,40.18,77.57
68.02,68.02,39.17,40.58,81.38
68.14,68.14,36.30,37.43,78.96
66.49,66.49,37.25,36.51,79.78
63.32,63.32,34.45,41.12,74.12
66.52,66.52,35.77,39.76,72.25
68.61,68.61,27.93,36.56,72.05
65.57,65.57,39.54,43.38,74.49
66.69,66.69,33.14,41.62,76.40
67.05,67.05,30.83,40.92,75.23
65.04,65.04,30.39,39.14,73.95
67.25,67.25,31.98,40.76,75.49
67.29,67.29,27.47,36.30,73.69
66.06,66.06,29.11,36.87,72.85
62.25,62.25,24.57,33.01,71.73
64.73,64.73,28.85,33.23,76.47
67.07,67.07,26.27,29.50,78.10
68.28,68.28,34.40,37.21,78.56
69.11,69.11,33.74,38.65,80.32
70.62,70.62,33.65,35.95,80.58
70.02,70.02,33.11,40.05,79.83
69.55,69.55,27.14,38.35,79.71
69.93,69.93,28.19,38.36,81.38
69.66,69.66,32.86,37.84,80.33
67.72,67.72,35.56,38.22,78.11
67.73,67.73,32.65,29.96,77.92
66.42,66.42,40.22,32.51,77.18
63.43,63.43,46.40,32.79,76.34
68.85,68.85,37.21,28.47,74.10
64.97,64.97,31.67,29.18,73.86
71.63,71.63,38.17,36.00,74.09
77.82,77.82,37.45,30.48,76.26
79.06,79.06,35.36,35.52,73.54
77.71,77.71,34.47,36.18,76.75
75.48,75.48,29.79,32.03,75.37
72.64,72.64,36.10,35.22,76.45
70.23,70.23,29.90,34.65,75.58
73.80,73.80,30.45,33.44,74.82
76.31,76.31,25.63,34.54,72.90
76.72,76.72,33.86,41.30,72.46
76.23,76.23,24.35,36.86,75.34
74.83,74.83,27.69,37.09,75.27
74.81,74.81,28.32,40.33,73.86
75.50,75.50,25.66,40.76,75.64
74.58,74.58,27.86,37.07,75.03
71.34,71.34,26.12,33.34,73.48
73.79,73.79,23.96,32.71,76.19
75.50,75.50,27.65,35.87,74.84
76.17,76.17,20.39,28.84,75.62
77.55,77.55,25.30,35.33,74.47
72.48,72.48,25.03,38.28,72.78
72.86,72.86,24.01,37.49,73.76
70.47,70.47,20.94,26.22,69.57
67.16,67.16,18.80,27.74,73.41
73.41,73.41,24.04,33.89,72.64
70.94,70.94,21.01,30.33,71.61
67.05,67.05,17.12,33.69,73.59
67.91,67.91,18.44,34.10,73.50
67.65,67.65,27.77,38.80,75.15
68.20,68.20,28.70,37.23,78.02
67.97,67.97,28.53,33.87,77.41
66.71,66.71,33.65,40.23,75.32
64.12,64.12,31.63,36.01,75.90
66.73,66.73,32.41,42.34,74.96
62.54,62.54,34.71,38.93,75.03
58.95,58.95,33.56,37.24,75.80
60.67,60.67,26.27,33.29,73.02
68.15,68.15,32.08,36.40,73.05
68.51,68.51,28.99,35.76,70.80
60.50,60.50,30.45,36.03,73.02
66.94,66.94,28.53,41.08,74.79
68.03,68.03,24.25,38.52,74.55
64.46,64.46,27.02,36.58,74.62
65.60,65.60,18.90,32.94,75.69
65.65,65.65,24.56,39.58,73.44
64.55,64.55,24.25,41.71,75.79
60.99,60.99,21.68,36.87,75.12
54.95,54.95,20.82,26.49,75.61
61.36,61.36,24.46,32.58,75.34
61.39,61.39,24.92,29.21,74.71
65.92,65.92,25.08,34.96,73.71
64.79,64.79,20.72,37.05,73.56
57.99,57.99,18.35,40.38,74.27
57.74,57.74,18.07,35.80,73.91
61.76,61.76,15.78,30.82,73.34
63.41,63.41,14.49,28.55,71.53
62.40,62.40,17.71,30.39,72.42
62.66,62.66,20.47,30.10,73.37
67.39,67.39,21.50,33.69,74.58
64.57,64.57,22.53,36.55,71.61
54.90,54.90,23.61,38.56,71.26
55.46,55.46,32.23,38.00,71.78
58.96,58.96,32.75,40.28,71.68
59.44,59.44,35.56,35.53,72.33
62.94,62.94,35.07,32.66,72.35
61.08,61.08,28.69,36.00,70.59
55.74,55.74,35.90,39.13,72.83
53.49,53.49,30.06,34.34,73.34
56.30,56.30,22.28,33.26,70.59
55.21,55.21,24.08,35.12,73.41
54.27,54.27,27.70,33.52,74.39
56.05,56.05,25.56,36.00,72.30
57.92,57.92,26.79,37.09,68.81
54.31,54.31,20.73,35.48,72.85
52.19,52.19,16.57,31.75,73.98
59.57,59.57,23.43,35.72,68.61
60.25,60.25,22.60,39.21,69.32
54.62,54.62,20.52,40.25,64.80
53.12,53.12,22.58,34.09,70.35
55.70,55.70,21.69,36.48,66.49
54.84,54.84,18.88,36.55,72.33
50.98,50.98,18.12,33.61,65.30
52.50,52.50,17.08,32.25,68.04
47.93,47.93,18.69,32.82,65.54
50.58,50.58,18.20,30.47,72.29
55.62,55.62,21.48,32.51,73.40
53.63,53.63,20.65,34.07,74.86
48.39,48.39,21.21,33.81,72.32
44.89,44.89,16.77,37.91,68.82
46.03,46.03,15.85,35.05,68.88
45.38,45.38,14.91,32.34,71.28
46.13,46.13,18.55,34.33,69.68
47.28,47.28,26.16,35.44,73.22
44.83,44.83,30.50,37.16,73.70
45.24,45.24,26.09,31.71,75.20
45.81,45.81,34.73,35.99,72.48
45.69,45.69,36.56,36.98,73.45
45.18,45.18,34.27,33.08,73.37
43.24,43.24,29.88,35.87,73.56
43.42,43.42,29.26,32.35,71.76
47.55,47.55,26.72,31.15,72.07
46.13,46.13,29.15,37.73,71.65
43.85,43.85,28.74,36.50,67.62
39.84,39.84,27.89,34.41,68.73
42.62,42.62,22.81,30.25,68.90
42.02,42.02,21.30,32.13,67.94
40.51,40.51,24.32,39.51,69.21
44.15,44.15,31.63,36.40,71.84
47.21,47.21,29.17,41.64,72.78
42.82,42.82,27.45,40.63,67.62
49.25,49.25,23.64,35.52,72.50
51.64,51.64,21.70,31.86,69.76
56.71,56.71,18.75,34.62,67.98
64.13,64.13,20.65,29.40,71.05
70.50,70.50,21.14,33.61,69.40
75.30,75.30,19.06,35.68,69.44
79.34,79.34,16.19,33.19,69.04
82.55,82.55,17.93,28.63,73.91
77.92,77.92,16.54,30.76,76.87
72.69,72.69,19.19,30.03,77.62
72.60,72.60,16.88,31.54,74.84
70.90,70.90,16.32,31.76,71.14
73.53,73.53,20.24,27.50,68.77
73.29,73.29,25.51,31.53,73.60
75.59,75.59,30.36,29.90,71.50
78.39,78.39,33.51,36.60,72.34
72.51,72.51,22.52,30.62,69.12
73.44,73.44,31.25,32.00,70.53
73.64,73.64,23.71,31.25,68.44
76.29,76.29,25.97,30.29,74.05
72.20,72.20,24.91,33.12,74.20
67.30,67.30,24.71,31.63,69.87
65.99,65.99,17.28,28.49,68.71
59.14,59.14,21.10,29.07,71.02
58.87,58.87,22.69,28.24,68.29
66.54,66.54,17.90,28.46,76.33
64.17,64.17,25.92,32.89,72.53
64.49,64.49,18.85,30.36,68.05
66.36,66.36,18.41,29.56,67.91
66.77,66.77,22.05,30.64,68.63
70.98,70.98,20.21,31.64,72.97
72.06,72.06,18.21,31.71,74.46
72.50,72.50,13.50,27.92,76.09
74.66,74.66,12.91,28.38,72.64
73.16,73.16,11.14,27.49,68.93
74.36,74.36,14.09,24.58,68.88
77.21,77.21,17.50,26.69,69.43
75.11,75.11,14.16,27.36,71.51
72.30,72.30,16.90,27.86,71.42
71.61,71.61,18.74,27.69,69.02
73.62,73.62,16.79,30.32,72.03
75.89,75.89,17.90,28.56,76.75
75.41,75.41,14.10,28.45,75.78
73.28,73.28,12.50,25.85,69.80
68.13,68.13,17.10,19.72,67.01
62.13,62.13,20.81,29.70,69.50
66.05,66.05,26.76,25.37,71.31
67.68,67.68,29.73,31.51,73.11
70.63,70.63,24.23,30.59,70.63
67.80,67.80,27.66,32.65,69.67
67.83,67.83,28.11,27.72,71.73
65.53,65.53,29.54,31.12,73.14
67.75,67.75,24.88,33.76,68.42
65.17,65.17,23.10,29.94,70.28
59.34,59.34,24.33,27.94,73.46
64.56,64.56,26.73,31.41,71.80
65.45,65.45,22.45,28.96,69.25
69.47,69.47,17.46,31.47,75.70
72.49,72.49,22.97,33.53,71.83
69.33,69.33,17.87,29.32,66.50
66.03,66.03,22.33,29.23,68.10
71.41,71.41,17.37,24.96,72.59
66.88,66.88,16.85,31.04,72.55
67.86,67.86,17.83,26.87,72.66
70.07,70.07,18.16,22.83,73.39
69.81,69.81,18.36,21.99,71.80
69.94,69.94,19.82,25.65,70.70
65.80,65.80,18.65,24.17,72.86
67.68,67.68,13.81,20.42,69.79
66.12,66.12,12.26,21.57,66.54
63.70,63.70,20.08,21.33,67.40
58.87,58.87,14.39,21.75,68.17
59.83,59.83,17.43,22.07,66.40
58.28,58.28,9.57,23.24,66.52
61.97,61.97,12.22,21.69,67.26
67.59,67.59,11.98,20.67,67.92
66.27,66.27,18.53,26.40,69.16
72.81,72.81,24.53,28.93,69.42
75.48,75.48,26.86,28.90,69.42
74.06,74.06,25.24,30.77,73.91
73.97,73.97,26.34,32.63,72.04
71.91,71.91,26.33,32.02,71.73
70.18,70.18,29.90,27.17,71.19
73.33,73.33,29.70,33.52,72.59
70.01,70.01,25.60,22.34,72.42
70.31,70.31,22.75,28.51,71.99
70.45,70.45,24.69,31.40,72.45
72.04,72.04,31.04,32.34,72.29
73.15,73.15,28.18,30.65,70.27
73.09,73.09,20.84,32.78,72.62
68.74,68.74,20.24,31.55,76.74
67.84,67.84,20.73,25.06,78.46
67.52,67.52,13.66,26.67,76.23
66.63,66.63,19.62,26.40,71.03
65.52,65.52,19.69,29.76,69.21
64.29,64.29,18.39,27.48,71.61
67.05,67.05,21.44,30.01,74.77
72.60,72.60,18.96,26.76,72.51
72.05,72.05,13.53,23.15,70.62
71.88,71.88,17.87,27.52,70.35
70.10,70.10,15.90,27.76,71.76
66.59,66.59,19.59,25.05,70.41
65.72,65.72,20.55,27.22,71.87
64.69,64.69,21.80,25.27,73.01
67.04,67.04,22.55,27.56,72.57
69.75,69.75,17.08,28.83,70.33
73.08,73.08,19.51,30.08,72.77
74.80,74.80,22.50,25.37,71.30
76.00,76.00,22.94,22.52,70.90
76.29,76.29,27.49,23.75,73.03
74.27,74.27,31.12,26.88,73.07
71.61,71.61,30.57,25.98,73.97
70.06,70.06,26.18,29.72,73.51
70.80,70.80,24.79,27.16,72.11
72.77,72.77,28.42,33.26,70.32
68.73,68.73,23.96,32.65,69.57
67.73,67.73,16.52,27.78,71.62
70.23,70.23,17.89,21.35,67.69
73.42,73.42,17.97,26.29,70.96
69.79,69.79,17.43,27.51,70.08
72.70,72.70,20.26,28.76,70.50
71.51,71.51,17.38,27.16,71.00
67.33,67.33,18.34,24.81,70.92
70.33,70.33,13.89,25.04,69.45
74.67,74.67,21.19,25.13,69.25
71.33,71.33,22.79,27.23,70.11
71.09,71.09,19.79,24.73,68.79
69.76,69.76,21.80,25.53,70.66
71.13,71.13,24.06,26.53,71.58
68.14,68.14,14.70,22.48,70.21
71.91,71.91,17.60,26.83,74.22
70.94,70.94,18.79,34.16,72.76
73.47,73.47,19.75,29.48,74.54
71.84,71.84,21.10,30.17,72.12
72.43,72.43,19.89,29.89,72.89
73.58,73.58,19.61,30.65,73.45
71.12,71.12,15.22,25.43,70.94
71.98,71.98,17.62,29.28,71.94
71.55,71.55,15.35,34.86,72.84
73.00,73.00,19.99,30.92,73.82
72.12,72.12,24.26,27.93,72.28
71.45,71.45,26.87,28.48,76.31
67.29,67.29,34.13,27.51,76.16
69.14,69.14,29.74,30.69,74.41
72.14,72.14,32.81,27.86,75.60
69.51,69.51,31.57,32.23,73.84
69.90,69.90,28.23,27.21,74.32
68.60,68.60,24.05,25.74,72.30
69.09,69.09,24.08,30.99,74.06
68.06,68.06,22.60,32.10,75.26
67.80,67.80,17.43,32.09,73.75
71.36,71.36,22.29,30.09,73.96
74.15,74.15,21.69,28.93,72.68
74.09,74.09,22.86,31.45,73.01
68.35,68.35,14.60,27.07,72.86
70.02,70.02,19.88,34.25,71.00
69.53,69.53,18.54,28.20,70.96
72.32,72.32,23.35,26.54,70.64
70.78,70.78,23.48,28.36,73.01
67.63,67.63,22.24,30.99,72.15
62.71,62.71,15.68,27.94,71.55
66.10,66.10,24.57,29.01,74.76
69.11,69.11,22.34,29.32,74.66
66.44,66.44,22.30,31.09,73.42
70.09,70.09,22.04,28.82,72.98
70.43,70.43,20.61,25.01,72.61
69.60,69.60,19.40,21.87,72.92
67.32,67.32,21.04,26.76,71.33
67.40,67.40,19.46,26.46,72.07
68.62,68.62,14.52,25.66,70.64
68.15,68.15,20.01,24.68,72.51
63.82,63.82,23.13,31.73,70.18
61.17,61.17,20.72,28.00,71.37
63.10,63.10,19.08,28.57,75.50
67.94,67.94,15.88,26.01,76.45
65.47,65.47,15.97,29.55,76.50
62.99,62.99,13.61,25.97,75.78
63.40,63.40,18.82,24.66,74.84
64.78,64.78,22.31,28.66,73.36
65.50,65.50,23.60,32.63,74.91
65.88,65.88,23.25,31.59,76.10
66.89,66.89,23.35,31.45,70.90
68.48,68.48,23.48,30.35,68.21
65.09,65.09,24.26,27.03,67.29
60.63,60.63,18.82,26.05,68.04
56.52,56.52,18.97,29.09,71.47
55.49,55.49,16.25,26.65,74.72
60.74,60.74,19.57,33.92,77.41
65.73,65.73,22.32,29.18,75.79
63.10,63.10,15.05,28.44,71.10
55.03,55.03,20.49,31.03,69.95
54.30,54.30,21.63,29.86,68.90
57.14,57.14,11.95,25.63,69.68
62.43,62.43,19.58,29.83,70.83
65.04,65.04,18.44,30.11,71.88
64.67,64.67,18.66,25.31,66.83
67.60,67.60,17.06,28.06,69.62
66.79,66.79,20.94,27.06,68.79
63.15,63.15,16.21,20.61,71.95
60.69,60.69,11.88,18.88,72.40
56.54,56.54,14.62,21.06,70.38
56.64,56.64,16.31,19.70,69.53
60.65,60.65,16.64,28.04,67.88
61.75,61.75,17.05,27.55,67.99
62.28,62.28,14.50,21.56,69.07
62.48,62.48,19.70,30.11,66.07
58.96,58.96,22.58,31.84,71.07
58.97,58.97,19.26,25.96,70.95
60.74,60.74,26.46,35.58,67.03
60.08,60.08,26.03,29.62,65.77
55.23,55.23,23.88,29.04,68.72
50.26,50.26,23.42,31.24,65.25
54.38,54.38,13.94,28.69,64.24
55.80,55.80,18.31,28.59,66.63
58.83,58.83,19.87,30.70,68.87
60.10,60.10,21.18,29.68,68.25
60.38,60.38,21.64,33.23,65.33
59.17,59.17,16.42,25.22,65.22
58.37,58.37,17.03,30.72,65.27
60.68,60.68,20.16,30.64,65.92
62.04,62.04,17.49,25.04,63.64
62.63,62.63,17.74,27.23,67.03
61.85,61.85,16.31,27.62,65.68
62.07,62.07,17.18,28.94,64.19
60.20,60.20,17.49,27.45,64.94
60.67,60.67,18.83,29.57,64.92
61.19,61.19,17.48,31.52,65.01
61.13,61.13,18.53,28.32,63.46
61.54,61.54,16.83,25.76,64.23
62.73,62.73,17.51,27.74,62.87
62.91,62.91,20.04,28.62,63.56
62.21,62.21,18.18,27.50,63.45
62.26,62.26,20.81,25.28,61.76
62.29,62.29,22.22,29.29,64.36
63.90,63.90,15.42,27.12,63.19
64.07,64.07,16.02,29.60,62.55
60.41,60.41,22.24,29.89,65.37
58.69,58.69,19.13,32.29,66.75
61.37,61.37,27.81,36.30,70.77
63.95,63.95,24.08,32.90,69.92
65.31,65.31,31.88,33.69,69.88
65.91,65.91,33.44,38.12,69.19
65.17,65.17,30.67,38.79,69.47
65.28,65.28,27.98,33.31,69.06
64.35,64.35,25.42,32.46,67.86
63.35,63.35,23.21,31.12,69.41
64.41,64.41,28.82,31.58,68.98
63.57,63.57,22.10,29.35,69.08
63.98,63.98,23.86,34.47,68.13
63.76,63.76,19.79,34.05,66.56
58.36,58.36,21.05,33.18,66.87
59.64,59.64,24.17,32.03,66.26
60.18,60.18,23.16,29.41,66.82
60.98,60.98,18.99,26.85,66.12
60.25,60.25,19.49,28.60,64.98
59.06,59.06,18.27,30.76,65.07
59.71,59.71,15.66,28.85,64.24
59.68,59.68,19.66,27.71,64.42
60.27,60.27,21.09,25.03,64.10
61.77,61.77,22.95,22.43,66.15
60.06,60.06,23.87,21.75,62.96
59.42,59.42,24.13,21.30,63.43
60.58,60.58,23.24,20.64,63.21
60.48,60.48,22.71,21.82,63.57
62.47,62.47,20.10,23.08,63.29
62.43,62.43,24.43,21.49,64.39
62.32,62.32,24.92,26.47,62.82
62.24,62.24,20.82,26.10,64.95
63.04,63.04,15.92,32.02,66.72
66.21,66.21,20.71,34.64,68.38
64.08,64.08,23.10,31.88,66.77
62.66,62.66,21.43,31.11,68.02
62.38,62.38,26.77,33.87,66.14
63.26,63.26,26.06,28.83,67.11
63.36,63.36,31.25,33.49,68.35
61.64,61.64,23.76,28.94,66.39
60.93,60.93,18.12,26.10,67.49
59.76,59.76,21.28,31.55,67.00
57.93,57.93,22.13,28.91,67.31
57.50,57.50,21.79,32.28,65.37
57.46,57.46,18.39,26.81,64.11
59.72,59.72,17.09,25.39,65.80
58.90,58.90,21.98,30.52,63.61
58.89,58.89,23.16,27.32,66.14
60.85,60.85,25.13,28.05,66.71
61.64,61.64,24.69,23.59,64.88
59.53,59.53,23.05,23.44,63.96
62.05,62.05,28.89,25.51,63.04
63.20,63.20,24.56,21.58,63.92
64.92,64.92,26.25,19.92,64.24
64.10,64.10,27.35,18.57,62.57
63.43,63.43,26.99,20.88,63.40
64.30,64.30,28.76,20.92,63.28
65.34,65.34,24.60,17.12,64.19
65.28,65.28,27.14,19.45,63.23
65.16,65.16,24.23,22.90,62.12
63.25,63.25,26.98,21.94,61.26
61.29,61.29,27.00,25.48,61.93
62.02,62.02,26.00,22.19,63.16
63.13,63.13,27.39,22.38,63.12
64.83,64.83,24.09,24.98,66.09
67.87,67.87,25.06,31.41,67.33
71.15,71.15,32.71,33.37,68.12
74.31,74.31,26.52,29.87,68.12
76.69,76.69,31.65,30.49,67.94
77.87,77.87,28.06,30.58,67.82
79.20,79.20,28.13,32.58,68.41
78.58,78.58,23.25,22.82,68.67
77.29,77.29,20.16,22.97,66.59
71.08,71.08,16.28,22.90,67.22
66.31,66.31,15.54,21.21,66.43
66.57,66.57,21.97,29.02,66.46
68.39,68.39,14.14,25.70,70.63
67.23,67.23,15.88,25.57,70.74
65.34,65.34,19.01,24.18,68.62
68.69,68.69,14.75,25.36,70.58
70.44,70.44,18.88,25.91,71.87
67.20,67.20,18.10,27.58,72.57
69.16,69.16,18.50,28.90,74.15
67.63,67.63,20.45,28.00,70.81
67.04,67.04,17.27,26.26,67.72
65.81,65.81,21.02,28.41,65.85
66.16,66.16,23.62,29.02,67.23
65.93,65.93,24.23,26.53,69.00
65.08,65.08,25.43,29.50,69.39
65.06,65.06,24.21,28.93,64.95
68.54,68.54,24.43,30.01,63.07
69.78,69.78,22.60,27.09,60.73
69.11,69.11,25.06,27.82,61.74
68.40,68.40,26.51,30.04,60.41
63.18,63.18,20.96,26.24,61.23
61.64,61.64,15.28,27.13,65.69
63.08,63.08,15.00,31.07,69.90
62.52,62.52,12.03,24.22,72.17
62.73,62.73,8.23,22.53,72.03
62.27,62.27,13.80,25.15,73.22
63.46,63.46,18.11,32.70,72.08
62.91,62.91,15.19,26.98,70.55
61.96,61.96,13.77,25.36,71.43
61.92,61.92,18.32,31.67,69.28
62.05,62.05,19.33,31.46,71.97
70.99,70.99,20.91,37.23,71.33
73.57,73.57,21.25,33.08,69.35
70.16,70.16,16.70,35.68,68.49
70.69,70.69,21.32,34.69,68.19
68.68,68.68,25.89,40.50,66.95
68.79,68.79,26.09,39.71,69.10
62.22,62.22,21.34,33.70,67.59
63.66,63.66,22.13,35.46,68.72
65.87,65.87,20.66,33.54,69.79
64.14,64.14,20.51,36.98,68.90
65.11,65.11,15.39,26.92,70.16
66.64,66.64,14.90,32.76,71.15
66.35,66.35,18.20,29.63,68.85
63.73,63.73,20.66,26.77,69.47
62.85,62.85,24.88,35.82,69.05
67.06,67.06,25.25,33.84,70.63
65.26,65.26,23.58,36.29,69.52
67.14,67.14,20.81,35.19,68.48
61.56,61.56,18.85,32.45,68.50
64.59,64.59,17.86,28.61,69.35
60.37,60.37,19.11,30.20,69.03
62.30,62.30,16.86,27.55,66.98
57.52,57.52,15.93,24.35,66.38
59.17,59.17,13.08,23.85,69.61
56.60,56.60,9.91,17.41,72.34
63.46,63.46,7.53,25.07,71.61
64.32,64.32,9.66,29.76,72.81
59.82,59.82,14.33,31.77,72.15
59.86,59.86,16.78,33.11,70.51
62.35,62.35,18.51,32.72,71.62
60.19,60.19,21.44,27.97,71.47
60.02,60.02,24.71,32.34,72.56
60.45,60.45,22.60,25.46,71.09
59.23,59.23,19.67,31.96,71.74
58.88,58.88,18.40,29.45,70.62
59.66,59.66,21.85,29.96,70.79
60.93,60.93,25.41,35.86,68.98
55.36,55.36,23.66,33.43,68.36
55.25,55.25,22.42,37.37,68.48
64.62,64.62,21.35,35.76,71.15
66.46,66.46,16.70,32.88,68.77
62.78,62.78,18.19,34.32,68.00
56.38,56.38,18.80,34.06,69.15
60.00,60.00,17.47,30.70,69.25
57.16,57.16,16.98,33.12,66.46
59.04,59.04,15.16,30.15,67.56
61.10,61.10,16.66,27.63,67.63
63.52,63.52,13.28,27.18,69.61
60.79,60.79,19.75,35.54,67.26
63.47,63.47,15.32,35.61,69.64
62.49,62.49,13.44,33.63,67.86
60.62,60.62,13.73,28.60,66.52
57.10,57.10,12.30,30.33,66.92
56.12,56.12,10.47,27.07,65.35
53.65,53.65,9.38,30.13,65.26
55.58,55.58,9.58,33.63,67.51
59.22,59.22,10.17,32.44,69.67
59.50,59.50,10.85,27.71,70.50
59.58,59.58,17.32,29.39,68.55
55.25,55.25,18.26,35.97,68.14
56.34,56.34,16.32,29.56,68.82
57.26,57.26,19.62,35.80,68.34
57.61,57.61,20.99,34.93,69.13
59.36,59.36,21.52,39.62,67.46
56.62,56.62,14.83,35.53,66.99
66.62,66.62,16.58,33.86,69.62
59.94,59.94,16.36,33.48,65.47
53.75,53.75,15.45,32.41,66.90
54.87,54.87,14.81,33.59,65.10
56.22,56.22,13.36,32.51,66.16
56.74,56.74,16.09,35.08,63.79
58.56,58.56,15.19,29.44,67.33
58.48,58.48,11.35,35.71,64.67
58.92,58.92,14.78,39.43,67.34
59.79,59.79,12.80,37.51,67.54
64.48,64.48,13.03,35.05,69.62
59.10,59.10,16.57,32.52,68.01
54.31,54.31,16.18,33.74,64.02
53.69,53.69,15.50,34.67,63.82
54.66,54.66,19.96,32.84,63.40
55.95,55.95,21.28,34.80,66.04
55.59,55.59,22.91,36.54,66.17
51.83,51.83,19.22,37.21,64.45
52.48,52.48,19.97,39.89,63.18
55.67,55.67,20.74,35.66,60.19
56.29,56.29,19.55,38.38,64.14
54.31,54.31,13.32,39.38,65.16
54.99,54.99,11.73,39.71,66.57
56.04,56.04,16.26,31.98,68.68
57.70,57.70,17.50,30.76,71.16
58.04,58.04,18.93,37.79,69.32
53.47,53.47,15.75,32.88,66.26
56.33,56.33,24.47,35.02,69.16
54.95,54.95,21.65,37.99,68.29
55.56,55.56,24.53,38.55,68.24
54.37,54.37,23.04,40.45,68.37
54.73,54.73,17.70,39.61,66.52
59.15,59.15,22.66,40.13,68.39
51.26,51.26,15.55,38.99,67.15
52.80,52.80,19.60,37.17,66.40
54.81,54.81,25.45,39.32,65.83
55.68,55.68,21.90,35.59,65.30
55.44,55.44,19.20,33.99,63.74
56.37,56.37,15.17,29.24,66.75
56.15,56.15,17.18,31.34,64.44
60.28,60.28,14.11,35.85,67.32
56.63,56.63,16.52,35.46,64.61
55.46,55.46,14.35,33.04,63.48
57.61,57.61,19.03,35.55,65.17
55.23,55.23,24.00,39.12,65.60
53.11,53.11,23.45,38.16,66.74
56.83,56.83,15.53,32.85,67.11
57.56,57.56,20.18,32.25,66.06
56.13,56.13,19.42,31.94,66.26
55.31,55.31,21.86,38.10,64.21
50.66,50.66,20.99,34.11,62.46
49.41,49.41,21.47,37.44,62.97
53.82,53.82,17.73,35.57,62.48
52.90,52.90,14.80,35.84,62.19
53.37,53.37,12.07,34.49,66.10
57.84,57.84,12.83,35.65,65.87
57.30,57.30,14.86,36.15,66.29
56.54,56.54,13.24,31.63,64.21
54.77,54.77,13.84,29.56,65.55
52.87,52.87,17.43,34.95,67.99
46.90,46.90,21.15,37.33,67.31
50.62,50.62,20.56,32.01,65.48
53.06,53.06,18.82,36.71,69.18
51.63,51.63,18.12,32.13,74.83
53.83,53.83,20.67,35.91,74.82
54.56,54.56,23.63,35.21,66.43
53.35,53.35,24.49,32.10,62.79
55.18,55.18,24.03,33.27,64.82
57.11,57.11,25.66,34.30,61.65
57.33,57.33,25.76,32.75,61.12
58.57,58.57,26.99,34.99,61.98
58.29,58.29,27.60,35.66,62.51
57.32,57.32,26.90,32.07,62.95
59.64,59.64,23.92,25.85,65.93
60.45,60.45,26.53,27.83,66.05
59.01,59.01,25.98,30.69,65.55
58.73,58.73,26.93,30.34,62.56
55.56,55.56,29.12,26.06,58.10
56.97,56.97,30.17,27.42,61.45
55.37,55.37,28.79,30.42,64.77
56.87,56.87,30.32,33.49,64.78
54.75,54.75,29.77,32.31,59.95
52.20,52.20,29.48,31.73,61.40
53.19,53.19,25.19,37.37,62.70
53.93,53.93,21.29,36.33,66.70
51.03,51.03,19.39,36.76,68.39
46.30,46.30,19.56,31.20,70.19
51.73,51.73,10.93,28.00,68.57
51.06,51.06,15.07,31.57,64.81
49.15,49.15,18.19,34.44,65.17
49.04,49.04,17.99,32.20,63.36
47.11,47.11,22.87,36.43,67.29
48.18,48.18,17.47,32.71,66.52
47.43,47.43,17.37,29.76,63.12
45.87,45.87,19.26,35.47,60.66
49.93,49.93,21.08,40.47,60.97
49.46,49.46,21.67,39.27,61.58
49.08,49.08,23.94,38.15,60.34
48.47,48.47,25.69,44.63,62.41
51.25,51.25,25.57,40.84,60.47
53.32,53.32,24.21,34.79,62.94
52.14,52.14,25.23,37.89,63.67
52.24,52.24,26.23,38.10,61.03
52.91,52.91,23.12,30.06,64.36
51.52,51.52,22.89,28.64,66.79
50.45,50.45,24.55,25.16,62.32
45.85,45.85,25.27,30.02,61.50
48.91,48.91,26.31,32.37,61.66
46.19,46.19,26.65,35.75,59.98
47.46,47.46,25.88,30.35,61.60
45.61,45.61,22.06,33.35,61.40
47.96,47.96,22.67,34.74,61.98
47.35,47.35,23.39,36.30,65.20
46.55,46.55,26.21,36.08,63.42
44.80,44.80,25.58,40.93,61.39
41.86,41.86,21.01,36.94,64.14
40.69,40.69,21.10,39.66,63.71
45.68,45.68,25.01,43.11,63.50
47.14,47.14,20.82,38.18,63.88
43.02,43.02,21.00,37.10,67.07
41.76,41.76,19.24,32.72,67.30
42.46,42.46,22.37,36.69,66.01
42.95,42.95,21.06,38.58,65.76
39.39,39.39,24.28,31.20,63.56
39.08,39.08,23.91,37.18,65.53
39.95,39.95,23.91,34.28,63.82
38.96,38.96,22.30,40.54,65.26
42.59,42.59,24.12,37.90,69.06
43.30,43.30,22.31,37.68,59.56
41.35,41.35,21.18,35.12,62.85
44.05,44.05,22.48,37.83,68.07
43.92,43.92,24.48,34.67,66.25
41.87,41.87,21.15,37.53,60.37
43.38,43.38,21.97,39.47,63.09
44.17,44.17,20.90,35.15,62.48
42.84,42.84,21.76,32.35,66.77
41.55,41.55,23.88,31.46,69.72
42.51,42.51,21.05,31.16,60.94
37.62,37.62,24.08,30.56,63.29
39.71,39.71,24.02,26.37,64.00
40.95,40.95,27.52,31.14,62.27
38.42,38.42,26.87,32.28,61.27
39.84,39.84,26.88,33.43,62.20
38.73,38.73,25.97,32.04,60.72
36.07,36.07,27.89,30.33,62.92
37.39,37.39,28.38,30.61,66.84
37.74,37.74,26.78,30.38,64.81
36.37,36.37,23.87,30.84,60.81
45.81,45.81,18.69,32.27,63.17
57.82,57.82,17.25,36.13,63.44
60.47,60.47,14.43,37.50,65.28
57.51,57.51,11.16,33.16,65.28
59.39,59.39,11.07,31.06,67.65
63.20,63.20,15.96,32.09,69.89
65.08,65.08,16.04,30.20,70.09
63.14,63.14,15.21,31.65,66.96
62.78,62.78,14.46,27.72,65.47
67.04,67.04,16.07,35.28,66.43
64.19,64.19,11.89,30.16,67.56
61.65,61.65,13.37,33.77,66.52
60.53,60.53,15.30,34.90,60.42
57.32,57.32,16.28,35.25,61.88
58.96,58.96,16.63,34.56,63.33
55.36,55.36,20.64,37.89,62.33
54.28,54.28,18.90,28.33,64.79
58.32,58.32,20.98,34.41,65.08
55.34,55.34,19.09,32.13,62.33
56.38,56.38,20.74,34.03,60.08
57.09,57.09,22.39,31.61,59.28
57.56,57.56,23.53,28.41,58.93
48.57,48.57,24.39,34.14,59.21
53.95,53.95,25.15,32.36,62.93
54.76,54.76,25.94,30.39,58.10
53.75,53.75,29.21,32.00,60.27
54.26,54.26,30.28,30.98,61.51
53.54,53.54,31.88,35.77,59.28
51.35,51.35,29.57,33.87,60.74
48.53,48.53,31.12,36.39,56.86
48.77,48.77,29.06,35.39,55.21
53.49,53.49,26.69,35.02,58.61
49.55,49.55,19.25,39.20,58.71
48.02,48.02,18.58,38.31,66.17
45.62,45.62,15.23,32.42,67.84
46.89,46.89,9.92,29.32,68.64
51.68,51.68,10.59,31.32,69.11
48.16,48.16,12.84,33.16,66.54
47.68,47.68,14.38,37.50,68.88
48.21,48.21,15.48,39.58,68.28
47.70,47.70,12.59,40.48,66.32
45.79,45.79,13.26,31.28,65.80
48.51,48.51,11.91,32.96,66.28
49.82,49.82,13.61,38.26,66.04
49.53,49.53,12.97,33.01,64.30
47.82,47.82,14.44,35.20,65.90
47.96,47.96,16.29,31.36,66.02
48.37,48.37,17.60,36.37,64.58
46.01,46.01,14.95,31.61,66.40
45.39,45.39,15.74,30.78,61.72
44.56,44.56,19.23,33.57,62.85
48.04,48.04,22.80,34.17,63.53
44.66,44.66,21.62,30.37,63.80
46.38,46.38,22.72,37.96,62.01
47.87,47.87,24.30,35.88,62.72
45.75,45.75,23.41,31.61,62.18
45.67,45.67,26.19,31.72,63.28
44.75,44.75,29.19,30.77,62.78
43.73,43.73,27.08,30.37,63.07
41.54,41.54,26.71,25.27,66.15
41.44,41.44,25.89,29.95,62.94
40.95,40.95,26.99,33.17,63.30
41.18,41.18,25.49,27.39,62.42
42.76,42.76,29.17,32.71,63.05
43.46,43.46,28.82,28.24,63.26
43.65,43.65,27.24,34.94,63.03
40.50,40.50,23.00,31.72,63.28
41.87,41.87,22.75,33.02,63.96
42.62,42.62,24.37,28.23,63.25
44.52,44.52,22.36,31.63,64.69
42.06,42.06,24.55,28.61,64.33
41.82,41.82,25.64,29.52,61.43
40.40,40.40,25.30,23.73,63.51
40.51,40.51,24.83,25.27,63.67
40.53,40.53,24.04,26.91,63.61
42.32,42.32,26.32,26.26,65.46
41.26,41.26,25.24,26.96,64.02
42.70,42.70,27.35,25.56,63.70
43.73,43.73,27.73,26.07,63.99
42.02,42.02,27.37,25.80,63.62
41.03,41.03,28.32,24.67,62.69
44.76,44.76,31.81,26.05,62.33
40.76,40.76,30.15,30.86,62.81
39.34,39.34,27.45,29.76,62.79
41.27,41.27,27.41,26.90,60.96
39.31,39.31,27.98,24.26,60.18
43.31,43.31,30.41,28.14,60.27
43.88,43.88,30.28,25.40,60.44
38.93,38.93,28.31,30.58,61.39
41.38,41.38,29.39,33.14,62.65
41.29,41.29,31.40,36.71,60.36
41.80,41.80,31.66,31.78,60.55
41.92,41.92,32.11,35.62,61.80
41.63,41.63,27.87,34.19,57.42
41.92,41.92,29.52,31.39,60.68
39.34,39.34,26.42,28.94,59.86
39.77,39.77,28.40,34.12,60.57
41.51,41.51,29.19,32.59,62.94
39.92,39.92,30.10,33.78,61.31
39.03,39.03,29.62,31.04,61.41
43.22,43.22,31.95,33.83,62.44
39.95,39.95,29.92,32.10,63.27
41.20,41.20,30.14,33.11,59.61
40.26,40.26,31.00,26.68,62.39
39.44,39.44,28.79,29.80,61.22
37.19,37.19,28.35,27.68,61.03
37.81,37.81,31.59,32.09,60.90
37.30,37.30,31.04,31.58,58.73
37.48,37.48,28.72,28.72,57.59
35.88,35.88,28.66,33.04,58.87
36.11,36.11,30.38,28.77,58.22
35.84,35.84,28.61,29.94,56.27
36.49,36.49,30.61,33.68,56.40
41.44,41.44,30.37,28.92,58.51
37.84,37.84,29.88,33.92,56.96
36.24,36.24,29.92,31.71,55.56
38.00,38.00,32.65,34.83,58.44
39.81,39.81,33.85,31.84,58.69
38.99,38.99,34.07,32.65,60.57
38.99,38.99,30.64,28.79,57.64
40.17,40.17,31.47,33.09,57.35
38.71,38.71,33.70,30.19,59.14
37.35,37.35,35.08,32.48,57.74
38.86,38.86,28.57,32.58,58.14
40.99,40.99,33.64,31.84,57.67
39.29,39.29,34.25,32.50,56.33
36.77,36.77,32.05,31.11,54.86
35.93,35.93,30.51,32.15,56.55
35.45,35.45,31.17,32.77,54.86
37.66,37.66,33.46,38.35,59.43
35.80,35.80,33.09,32.53,63.28
36.68,36.68,32.02,32.65,59.10
34.40,34.40,30.02,30.21,58.59
36.31,36.31,31.87,30.88,57.98
35.36,35.36,30.87,33.53,57.99
36.94,36.94,31.22,32.14,58.89
35.66,35.66,33.16,31.07,59.02
35.33,35.33,36.07,31.09,54.72
33.94,33.94,35.01,30.62,54.31
34.88,34.88,34.10,34.72,52.68
35.79,35.79,31.43,34.59,53.52
36.04,36.04,34.63,36.17,52.86
39.05,39.05,32.55,37.76,56.06
38.55,38.55,36.09,39.35,60.47
38.72,38.72,35.92,36.81,55.20
39.49,39.49,37.68,36.88,53.37
37.92,37.92,37.73,37.16,54.04
38.24,38.24,38.29,37.77,54.51
35.80,35.80,37.97,38.00,52.02
33.41,33.41,38.08,37.70,52.83
38.94,38.94,36.76,35.80,53.83
43.45,43.45,37.32,35.75,58.17
40.47,40.47,36.83,37.23,52.15
35.23,35.23,36.22,33.46,52.99
41.87,41.87,37.40,34.65,54.86
41.83,41.83,37.76,34.05,55.71
43.04,43.04,36.04,34.33,57.98
35.86,35.86,36.24,34.17,53.61
33.53,33.53,37.87,32.62,54.00
32.58,32.58,32.19,33.57,54.27
32.68,32.68,35.75,32.99,54.89
32.73,32.73,37.31,37.02,55.52
37.59,37.59,36.28,32.56,54.79
37.72,37.72,36.51,31.86,55.63
35.81,35.81,36.33,32.78,52.28
35.96,35.96,37.64,34.06,54.08
38.84,38.84,34.82,33.94,53.01
39.85,39.85,38.88,36.04,49.05
39.03,39.03,37.15,36.99,56.80
36.68,36.68,37.30,33.65,53.93
34.07,34.07,39.64,37.08,52.85
33.56,33.56,41.48,38.51,50.75
30.94,30.94,34.15,36.97,57.93
31.25,31.25,39.39,38.33,60.96
34.84,34.84,41.23,40.19,59.69
35.18,35.18,36.44,39.99,52.38
34.15,34.15,39.61,38.02,54.83
31.78,31.78,43.95,38.87,59.81
28.11,28.11,36.29,39.92,58.08
29.16,29.16,34.91,38.06,52.85
33.20,33.20,36.20,36.92,46.96
34.93,34.93,37.63,37.08,50.11
33.65,33.65,36.84,38.47,45.18
31.20,31.20,37.85,37.52,48.03
28.02,28.02,38.13,38.61,47.57
29.31,29.31,35.96,40.13,48.43
33.28,33.28,38.35,38.96,49.56
34.78,34.78,37.47,39.85,43.11
32.81,32.81,37.95,40.11,45.26
29.95,29.95,36.26,37.86,39.62
27.37,27.37,34.40,38.99,36.52
28.57,28.57,35.52,37.52,44.74
29.04,29.04,39.39,39.48,49.11
34.33,34.33,43.75,43.96,48.81
32.81,32.81,41.07,42.88,49.48
34.84,34.84,39.40,41.09,51.27
33.57,33.57,39.10,42.56,51.49
32.51,32.51,37.02,41.71,46.95
32.53,32.53,38.50,40.31,47.76
34.56,34.56,40.80,40.20,53.34
33.94,33.94,37.75,39.58,49.14
34.58,34.58,40.13,38.24,49.87
33.54,33.54,38.72,37.00,47.36
33.13,33.13,40.79,38.27,49.22
33.86,33.86,42.05,37.70,47.98
33.32,33.32,43.21,38.89,49.55
31.53,31.53,38.52,38.68,48.46
29.16,29.16,38.78,35.53,43.98
32.50,32.50,39.92,36.13,45.08
31.12,31.12,38.39,33.76,41.87
31.05,31.05,39.44,36.32,40.26
31.43,31.43,37.64,37.44,41.32
31.02,31.02,41.14,35.61,43.53
29.30,29.30,39.30,36.84,42.21
33.11,33.11,40.73,38.80,40.93
30.87,30.87,39.57,40.21,41.56
32.52,32.52,39.08,38.83,41.88
31.16,31.16,39.29,38.20,39.57
33.00,33.00,43.52,41.88,43.77
31.03,31.03,39.48,40.40,42.98
29.99,29.99,38.39,38.80,39.03
30.88,30.88,41.29,38.49,38.62
30.04,30.04,40.04,39.19,39.12
29.06,29.06,37.55,37.85,38.51
30.77,30.77,39.93,36.62,40.13
32.21,32.21,42.37,39.44,41.04
32.71,32.71,41.82,33.17,39.99
34.37,34.37,43.03,33.32,43.79
32.89,32.89,40.09,32.60,38.27
33.30,33.30,41.64,33.33,39.12
33.46,33.46,42.85,32.47,37.26
32.03,32.03,40.34,33.67,40.85
34.69,34.69,48.77,36.01,39.39
31.70,31.70,43.50,34.85,36.22
33.56,33.56,45.25,36.81,40.01
33.12,33.12,44.35,36.03,36.13
32.48,32.48,43.76,35.66,33.98
32.94,32.94,40.22,34.00,34.47
29.75,29.75,37.51,33.15,33.78
30.53,30.53,37.73,34.37,35.65
30.27,30.27,38.98,34.06,38.87
29.40,29.40,38.60,31.19,39.14
29.42,29.42,38.64,32.35,34.89
30.12,30.12,38.56,33.35,34.18
29.45,29.45,37.56,31.57,30.21
28.73,28.73,38.66,31.48,29.08
31.12,31.12,42.53,32.39,32.89
31.90,31.90,43.27,35.12,29.16
26.65,26.65,38.49,32.73,27.68
28.00,28.00,38.82,31.96,27.88
27.64,27.64,37.54,31.60,28.16
29.70,29.70,40.69,32.55,26.97
32.68,32.68,44.28,29.06,32.25
29.48,29.48,38.88,31.27,31.61
25.65,25.65,35.74,30.95,27.93
26.21,26.21,34.90,29.38,26.36
29.39,29.39,41.25,33.37,28.20
27.22,27.22,38.06,35.75,25.66
26.16,26.16,36.51,34.35,28.01
28.00,28.00,37.59,34.82,25.33
26.22,26.22,35.45,32.95,24.86
28.86,28.86,39.32,32.25,25.29
26.26,26.26,35.21,30.88,25.05
28.29,28.29,38.43,29.90,25.27
29.25,29.25,39.01,26.83,25.41
26.67,26.67,35.60,25.60,23.20
24.33,24.33,31.55,23.49,24.76
25.46,25.46,32.88,21.67,22.22
24.27,24.27,31.60,19.24,22.57
22.93,22.93,29.81,17.82,18.45
21.51,21.51,29.42,15.87,17.31
21.05,21.05,29.43,15.94,17.20
21.62,21.62,30.51,14.59,18.62
21.38,21.38,28.71,15.26,15.74
17.54,17.54,24.06,15.67,12.95
24.58,24.58,32.93,17.15,15.72
22.89,22.89,33.12,15.95,16.67
17.90,17.90,27.98,16.93,12.25
13.53,13.53,24.23,17.98,11.42
15.42,15.42,24.85,15.96,8.47
12.66,12.66,23.31,15.79,7.75
10.53,10.53,19.88,15.06,4.76
11.49,11.49,19.84,13.82,6.74
8.45,8.45,15.89,13.06,2.43
4.16,4.16,11.94,9.66,0.98
1.21,1.21,7.26,4.49,0.01
0.20,0.20,2.38,0.16,-0.00
0.20,0.20,1.72,-0.00,-0.00
0.20,0.20,1.72,-0.00,-0.00
0.20,0.20,1.72,-0.00,-0.00
0.20,0.20,1.72,-0.00,-0.00
0.20,0.20,1.72,-0.00,-0.00
0.20,0.20,1.72,-0.00,-0.00
0.20,0.20,1.72,-0.00,-0.00
0.20,0.20,1.72,-0.00,-0.00
0.20,0.20,1.72,-0.00,-0.00
0.20,0.20,1.72,-0.00,-0.00
0.20,0.20,1.72,-0.00,-0.00
0.20,0.20,1.72,-0.00,-0.00
0.20,0.20,1.72,-0.00,-0.00
0.20,0.20,1.72,-0.00,-0.00
0.20,0.20,1.72,-0.00,-0.00
0.20,0.20,1.72,-0.00,-0.00
0.20,0.20,1.72,-0.00,-0.00
0.20,0.20,1.72,-0.00,-0.00
0.20,0.20,1.72,-0.00,-0.00
0.20,0.20,1.72,-0.00,-0.00
0.20,0.20,1.72,-0.00,-0.00
0.20,0.20,1.72,-0.00,-0.00
0.20,0.20,1.72,-0.00,-0.00
0.20,0.20,1.72,-0.00,-0.00
0.20,0.20,1.72,-0.00,-0.00
0.20,0.20,1.72,-0.00,-0.00
0.20,0.20,1.72,-0.00,-0.00
0.20,0.20,1.72,-0.00,-0.00
0.20,0.20,1.72,-0.00,-0.00
